panel,borde,soporte,tipo,longitud_m,area_tributaria_m2,ancho_max_m,ancho_promedio_m
EII_CP2_L_001,EII_CP2_V_009,EII_CP2_V_009,viga,5.0,6.069063,2.422105,1.213813
EII_CP2_L_001,EII_CP2_V_003,EII_CP2_V_003,viga,8.9,16.374837,2.527942,1.839869
EII_CP2_L_001,EII_CP2_V_012,EII_CP2_V_012,viga,5.0,6.059368,2.418987,1.211874
EII_CP2_L_001,EII_CP2_V_001,EII_CP2_V_001,viga,8.9,15.996732,2.431488,1.797386
EII_CP2_L_002,EII_CP2_V_010,EII_CP2_V_010,viga,5.0,6.078758,2.425222,1.215752
EII_CP2_L_002,EII_CP2_V_005,EII_CP2_V_005,viga,8.9,16.374837,2.527942,1.839869
EII_CP2_L_002,EII_CP2_V_013,EII_CP2_V_013,viga,5.0,6.069063,2.422105,1.213813
EII_CP2_L_002,EII_CP2_V_003,EII_CP2_V_003,viga,8.9,15.977342,2.429572,1.795207
EII_CP2_L_003,EII_CP2_V_011,EII_CP2_V_011,viga,5.0,6.078758,2.425222,1.215752
EII_CP2_L_003,EII_CP2_V_007,EII_CP2_V_007,viga,8.9,16.374837,2.527942,1.839869
EII_CP2_L_003,EII_CP2_V_014,EII_CP2_V_014,viga,5.0,6.069063,2.422105,1.213813
EII_CP2_L_003,EII_CP2_V_005,EII_CP2_V_005,viga,8.9,15.977342,2.429572,1.795207
EII_CP2_L_004,EII_CP2_V_012,EII_CP2_V_012,viga,5.0,6.483506,2.492715,1.296701
EII_CP2_L_004,EII_CP2_V_004,EII_CP2_V_004,viga,7.25,11.747152,2.522563,1.620297
EII_CP2_L_004,EII_CP2_V_015,EII_CP2_V_015,viga,5.0,6.4739,2.489744,1.29478
EII_CP2_L_004,EII_CP2_V_002,EII_CP2_V_002,viga,7.25,11.545443,2.427651,1.592475
EII_CP2_L_005,EII_CP2_V_013,EII_CP2_V_013,viga,5.0,6.493111,2.495685,1.298622
EII_CP2_L_005,EII_CP2_V_006,EII_CP2_V_006,viga,7.25,11.747152,2.522563,1.620297
EII_CP2_L_005,EII_CP2_V_016,EII_CP2_V_016,viga,5.0,6.483506,2.492715,1.296701
EII_CP2_L_005,EII_CP2_V_004,EII_CP2_V_004,viga,7.25,11.526232,2.424772,1.589825
EII_CP2_L_006,EII_CP2_V_014,EII_CP2_V_014,viga,5.0,6.493111,2.495685,1.298622
EII_CP2_L_006,EII_CP2_V_008,EII_CP2_V_008,viga,7.25,11.747152,2.522563,1.620297
EII_CP2_L_006,EII_CP2_V_017,EII_CP2_V_017,viga,5.0,6.483506,2.492715,1.296701
EII_CP2_L_006,EII_CP2_V_006,EII_CP2_V_006,viga,7.25,11.526232,2.424772,1.589825
EII_CP2_L_007,EII_CP2_V_022,EII_CP2_V_022,viga,3.75,3.442094,1.825817,0.917892
EII_CP2_L_007,EII_CP2_V_020,EII_CP2_V_020,viga,8.9,13.502137,1.908702,1.517094
EII_CP2_L_007,EII_CP2_V_024,EII_CP2_V_024,viga,3.75,3.432585,1.822017,0.915356
EII_CP2_L_007,EII_CP2_V_018,EII_CP2_V_018,viga,8.9,12.998184,1.813082,1.46047
EII_CP2_L_008,EII_CP2_V_023,EII_CP2_V_023,viga,3.75,3.432585,1.822017,0.915356
EII_CP2_L_008,EII_CP2_V_001,EII_CP2_V_001,viga,8.9,13.502137,1.908702,1.517094
EII_CP2_L_008,EII_CP2_V_025,EII_CP2_V_025,viga,3.75,3.432585,1.822017,0.915356
EII_CP2_L_008,EII_CP2_V_020,EII_CP2_V_020,viga,8.9,13.007692,1.813931,1.461538
EII_CP2_L_009,EII_CP2_V_024,EII_CP2_V_024,viga,3.75,3.400793,1.804701,0.906878
EII_CP2_L_009,EII_CP2_V_021,EII_CP2_V_021,viga,7.25,10.362526,1.905656,1.429314
EII_CP2_L_009,EII_CP2_V_026,EII_CP2_V_026,viga,3.75,3.400793,1.804701,0.906878
EII_CP2_L_009,EII_CP2_V_019,EII_CP2_V_019,viga,7.25,10.023389,1.811018,1.382536
EII_CP2_L_010,EII_CP2_V_025,EII_CP2_V_025,viga,3.75,3.400793,1.804701,0.906878
EII_CP2_L_010,EII_CP2_V_002,EII_CP2_V_002,viga,7.25,10.362526,1.905656,1.429314
EII_CP2_L_010,EII_CP2_V_027,EII_CP2_V_027,viga,3.75,3.400793,1.804701,0.906878
EII_CP2_L_010,EII_CP2_V_021,EII_CP2_V_021,viga,7.25,10.023389,1.811018,1.382536
EII_CP2_L_S0,EII_CP2_V_031,EII_CP2_V_031,viga,3.05,1.84,1.086448,0.603279
EII_CP2_L_S0,EII_CP2_V_022,EII_CP2_V_022,viga,3.75,0.345,3.328727,0.092
EII_CP2_L_S1,EII_CP2_V_022,EII_CP2_V_022,viga,3.75,4.3125,1.15,1.15
EII_CP2_L_S2,EII_CP2_V_023,EII_CP2_V_023,viga,3.75,4.12,1.098667,1.098667
EII_CP2_L_S3,EII_CP2_V_009,EII_CP2_V_009,viga,5.0,5.5575,1.1115,1.1115
EII_CP2_L_S4,EII_CP2_V_010,EII_CP2_V_010,viga,5.0,5.5575,1.1115,1.1115
EII_CP2_L_S5,EII_CP2_V_011,EII_CP2_V_011,viga,5.0,5.3475,1.123116,1.0695
EII_CP2_L_S6,EII_CP2_V_033,EII_CP2_V_033,viga,4.65,5.0025,1.123808,1.075806
EII_CP2_L_S6,EII_CP2_V_011,EII_CP2_V_011,viga,5.0,0.345,3.923143,0.069
EII_CP2_L_N1,EII_CP2_V_026,EII_CP2_V_026,viga,3.75,1.3125,0.35,0.35
EII_CP2_L_N2,EII_CP2_V_027,EII_CP2_V_027,viga,3.75,1.3125,0.35,0.35
EII_CP2_L_N3,EII_CP2_V_015,EII_CP2_V_015,viga,5.0,1.75,0.35,0.35
EII_CP2_L_N4,EII_CP2_V_016,EII_CP2_V_016,viga,5.0,1.75,0.35,0.35
EII_CP2_L_N5,EII_CP2_V_017,EII_CP2_V_017,viga,5.0,1.75,0.35,0.35
EII_CP2_L_N6,EII_CP2_V_035,EII_CP2_V_035,viga,5.1,1.68,0.342313,0.329412
EII_CP2_L_N6,EII_CP2_V_017,EII_CP2_V_017,viga,5.0,0.105,1.194,0.021
EII_CP2_L_W1,EII_CP2_M_004,EII_CP2_M_004,muro,2.92,1.778316,1.806633,0.609012
EII_CP2_L_W1,EII_CP2_V_018,EII_CP2_V_018,viga,8.9,4.618036,1.791028,0.51888
EII_CP2_L_W1,EII_CP2_V_028,EII_CP2_V_028,viga,12.5,2.83972,1.775523,0.227178
EII_CP2_L_W1,EII_CP2_V_029,EII_CP2_V_029,viga,3.05,3.165589,1.718907,1.037898
EII_CP2_L_W1,EII_CP2_V_031,EII_CP2_V_031,viga,3.05,3.165589,1.718907,1.037898
EII_CP2_L_W2,EII_CP2_V_018,EII_CP2_V_018,viga,8.9,6.93552,1.831204,0.779272
EII_CP2_L_W2,EII_CP2_V_019,EII_CP2_V_019,viga,7.25,4.01934,1.878894,0.554392
EII_CP2_L_W2,EII_CP2_V_028,EII_CP2_V_028,viga,12.5,2.20632,0.293635,0.176506
EII_CP2_L_W2,EII_CP2_V_029,EII_CP2_V_029,viga,3.05,1.95691,1.788202,0.64161
EII_CP2_L_W2,EII_CP2_V_030,EII_CP2_V_030,viga,3.05,1.95691,1.788202,0.64161
EII_CP2_L_W3,EII_CP2_M_003,EII_CP2_M_003,muro,2.915,1.778316,1.80317,0.610057
EII_CP2_L_W3,EII_CP2_V_019,EII_CP2_V_019,viga,7.25,4.618036,1.786326,0.63697
EII_CP2_L_W3,EII_CP2_V_028,EII_CP2_V_028,viga,12.5,2.83972,1.775523,0.227178
EII_CP2_L_W3,EII_CP2_V_030,EII_CP2_V_030,viga,3.05,3.165589,1.718907,1.037898
EII_CP2_L_W3,EII_CP2_V_032,EII_CP2_V_032,viga,3.05,3.165589,1.718907,1.037898
EII_CP2_L_E1,EII_CP2_V_007,EII_CP2_V_007,viga,8.9,17.100142,3.260146,1.921364
EII_CP2_L_E1,EII_CP2_V_033,EII_CP2_V_033,viga,4.65,9.80025,3.293985,2.107581
EII_CP2_L_E1,EII_CP2_V_034,EII_CP2_V_034,viga,5.1,11.083958,3.021779,2.173325
EII_CP2_L_EM,EII_CP2_M_001,EII_CP2_M_001,muro,7.95,13.056235,2.757818,1.642294
EII_CP2_L_EM,EII_CP2_V_008,EII_CP2_V_008,viga,7.25,12.351007,2.599138,1.703587
EII_CP2_L_EM,EII_CP2_V_034,EII_CP2_V_034,viga,5.1,6.690129,2.496668,1.31179
EII_CP2_L_EM,EII_CP2_V_035,EII_CP2_V_035,viga,5.1,6.690129,2.496668,1.31179
