id,nivel,tipo,seccion,area_m2,L_m,volumen_m3,pp_m_unit_kN_m,pp_potencial_kN,material_conocido,material_pendiente,motivo,estado,decision,documentos_revisados
H_EI_CP1S_y2732_0.200-21.600,CP1S,viga,V.S.I. 20/150,,21.4,,,,pendiente (V.S.I. no fija hormigon/acero),tipo+seccion,material/tipo no confirmado (el FE la asume metalica provisional 30x60; el plano 'V.S.I.' no fija hormigon/acero),PENDIENTE_SECCION,PENDIENTE_SECCION,"['analisis_estructural/edificio_I/datos/candidatos/*.json', 'analisis_estructural/edificio_I/datos/candidatos/matrices_transformacion_unity.json', 'analisis_estructural/edificio_I/resultados/modelo_estructural/columnas_tramos_ei.json', 'viewer_unity/REPORTE_QA_GEOMETRIA_UNITY.md (secciones metalicas)', 'results/peso_propio_teorico_EDIFICIO_I_v2.json (objeto)']"
col_18.96_14.79_base_P2,P2,columna metalica (tubular),P.M. 300x300x20,0.0224,,,1.7244,,acero (seccion tubular confirmada),"tramo real documentado (base->nivel real, no hipotesis)",seccion tubular confirmada (V.M./P.M. BxHxt); solo falta documentar el tramo real entrepisos (lamina 800). No se extiende a la base.,PENDIENTE_TRAMO,pp null + PENDIENTE_TRAMO cuando la seccion tubular esta confirmada (solo falta el tramo),"['analisis_estructural/edificio_I/datos/candidatos/*.json', 'analisis_estructural/edificio_I/datos/candidatos/matrices_transformacion_unity.json', 'analisis_estructural/edificio_I/resultados/modelo_estructural/columnas_tramos_ei.json', 'viewer_unity/REPORTE_QA_GEOMETRIA_UNITY.md (secciones metalicas)', 'results/peso_propio_teorico_EDIFICIO_I_v2.json (objeto)']"
col_46.35_0.55_base_P3,P3,columna metalica (tubular),V.M. 300x300x5,0.0059,,,0.4542,,acero (seccion tubular confirmada),"tramo real documentado (base->nivel real, no hipotesis)",seccion tubular confirmada (V.M./P.M. BxHxt); solo falta documentar el tramo real entrepisos (lamina 800). No se extiende a la base.,PENDIENTE_TRAMO,pp null + PENDIENTE_TRAMO cuando la seccion tubular esta confirmada (solo falta el tramo),"['analisis_estructural/edificio_I/datos/candidatos/*.json', 'analisis_estructural/edificio_I/datos/candidatos/matrices_transformacion_unity.json', 'analisis_estructural/edificio_I/resultados/modelo_estructural/columnas_tramos_ei.json', 'viewer_unity/REPORTE_QA_GEOMETRIA_UNITY.md (secciones metalicas)', 'results/peso_propio_teorico_EDIFICIO_I_v2.json (objeto)']"
col_46.36_9.32_base_P3,P3,columna metalica (tubular),V.M. 300x300x5,0.0059,,,0.4542,,acero (seccion tubular confirmada),"tramo real documentado (base->nivel real, no hipotesis)",seccion tubular confirmada (V.M./P.M. BxHxt); solo falta documentar el tramo real entrepisos (lamina 800). No se extiende a la base.,PENDIENTE_TRAMO,pp null + PENDIENTE_TRAMO cuando la seccion tubular esta confirmada (solo falta el tramo),"['analisis_estructural/edificio_I/datos/candidatos/*.json', 'analisis_estructural/edificio_I/datos/candidatos/matrices_transformacion_unity.json', 'analisis_estructural/edificio_I/resultados/modelo_estructural/columnas_tramos_ei.json', 'viewer_unity/REPORTE_QA_GEOMETRIA_UNITY.md (secciones metalicas)', 'results/peso_propio_teorico_EDIFICIO_I_v2.json (objeto)']"
col_46.34_16.61_base_P3,P3,columna metalica (tubular),V.M. 300x300x5,0.0059,,,0.4542,,acero (seccion tubular confirmada),"tramo real documentado (base->nivel real, no hipotesis)",seccion tubular confirmada (V.M./P.M. BxHxt); solo falta documentar el tramo real entrepisos (lamina 800). No se extiende a la base.,PENDIENTE_TRAMO,pp null + PENDIENTE_TRAMO cuando la seccion tubular esta confirmada (solo falta el tramo),"['analisis_estructural/edificio_I/datos/candidatos/*.json', 'analisis_estructural/edificio_I/datos/candidatos/matrices_transformacion_unity.json', 'analisis_estructural/edificio_I/resultados/modelo_estructural/columnas_tramos_ei.json', 'viewer_unity/REPORTE_QA_GEOMETRIA_UNITY.md (secciones metalicas)', 'results/peso_propio_teorico_EDIFICIO_I_v2.json (objeto)']"
col_48.68_0.55_base_P3,P3,columna metalica (tubular),V.M. 300x300x5,0.0059,,,0.4542,,acero (seccion tubular confirmada),"tramo real documentado (base->nivel real, no hipotesis)",seccion tubular confirmada (V.M./P.M. BxHxt); solo falta documentar el tramo real entrepisos (lamina 800). No se extiende a la base.,PENDIENTE_TRAMO,pp null + PENDIENTE_TRAMO cuando la seccion tubular esta confirmada (solo falta el tramo),"['analisis_estructural/edificio_I/datos/candidatos/*.json', 'analisis_estructural/edificio_I/datos/candidatos/matrices_transformacion_unity.json', 'analisis_estructural/edificio_I/resultados/modelo_estructural/columnas_tramos_ei.json', 'viewer_unity/REPORTE_QA_GEOMETRIA_UNITY.md (secciones metalicas)', 'results/peso_propio_teorico_EDIFICIO_I_v2.json (objeto)']"
col_48.7_9.32_base_P3,P3,columna metalica (tubular),V.M. 300x300x5,0.0059,,,0.4542,,acero (seccion tubular confirmada),"tramo real documentado (base->nivel real, no hipotesis)",seccion tubular confirmada (V.M./P.M. BxHxt); solo falta documentar el tramo real entrepisos (lamina 800). No se extiende a la base.,PENDIENTE_TRAMO,pp null + PENDIENTE_TRAMO cuando la seccion tubular esta confirmada (solo falta el tramo),"['analisis_estructural/edificio_I/datos/candidatos/*.json', 'analisis_estructural/edificio_I/datos/candidatos/matrices_transformacion_unity.json', 'analisis_estructural/edificio_I/resultados/modelo_estructural/columnas_tramos_ei.json', 'viewer_unity/REPORTE_QA_GEOMETRIA_UNITY.md (secciones metalicas)', 'results/peso_propio_teorico_EDIFICIO_I_v2.json (objeto)']"
col_48.9_16.61_base_P3,P3,columna metalica (tubular),V.M. 300x300x5,0.0059,,,0.4542,,acero (seccion tubular confirmada),"tramo real documentado (base->nivel real, no hipotesis)",seccion tubular confirmada (V.M./P.M. BxHxt); solo falta documentar el tramo real entrepisos (lamina 800). No se extiende a la base.,PENDIENTE_TRAMO,pp null + PENDIENTE_TRAMO cuando la seccion tubular esta confirmada (solo falta el tramo),"['analisis_estructural/edificio_I/datos/candidatos/*.json', 'analisis_estructural/edificio_I/datos/candidatos/matrices_transformacion_unity.json', 'analisis_estructural/edificio_I/resultados/modelo_estructural/columnas_tramos_ei.json', 'viewer_unity/REPORTE_QA_GEOMETRIA_UNITY.md (secciones metalicas)', 'results/peso_propio_teorico_EDIFICIO_I_v2.json (objeto)']"
col_20.38_18.28_base_P3,P3,columna metalica (tubular),V.M. 300x300x5,0.0059,,,0.4542,,acero (seccion tubular confirmada),"tramo real documentado (base->nivel real, no hipotesis)",seccion tubular confirmada (V.M./P.M. BxHxt); solo falta documentar el tramo real entrepisos (lamina 800). No se extiende a la base.,PENDIENTE_TRAMO,pp null + PENDIENTE_TRAMO cuando la seccion tubular esta confirmada (solo falta el tramo),"['analisis_estructural/edificio_I/datos/candidatos/*.json', 'analisis_estructural/edificio_I/datos/candidatos/matrices_transformacion_unity.json', 'analisis_estructural/edificio_I/resultados/modelo_estructural/columnas_tramos_ei.json', 'viewer_unity/REPORTE_QA_GEOMETRIA_UNITY.md (secciones metalicas)', 'results/peso_propio_teorico_EDIFICIO_I_v2.json (objeto)']"
col_30.4_18.37_base_P3,P3,columna metalica (tubular),V.M. 300x300x5,0.0059,,,0.4542,,acero (seccion tubular confirmada),"tramo real documentado (base->nivel real, no hipotesis)",seccion tubular confirmada (V.M./P.M. BxHxt); solo falta documentar el tramo real entrepisos (lamina 800). No se extiende a la base.,PENDIENTE_TRAMO,pp null + PENDIENTE_TRAMO cuando la seccion tubular esta confirmada (solo falta el tramo),"['analisis_estructural/edificio_I/datos/candidatos/*.json', 'analisis_estructural/edificio_I/datos/candidatos/matrices_transformacion_unity.json', 'analisis_estructural/edificio_I/resultados/modelo_estructural/columnas_tramos_ei.json', 'viewer_unity/REPORTE_QA_GEOMETRIA_UNITY.md (secciones metalicas)', 'results/peso_propio_teorico_EDIFICIO_I_v2.json (objeto)']"
col_47.78_-0.6_base_P3,P3,columna metalica (P.M.I.),P.M.I.,,,,,,acero (perfil metalico),dimensiones BxHxt,perfil metalico sin dimensiones BxHxt documentadas (P.M.I.: ancho=0.0/peralte=0.0 en el QA),PENDIENTE_SECCION,estado PENDIENTE_SECCION (no exiten BxHxt documentadas),"['analisis_estructural/edificio_I/datos/candidatos/*.json', 'analisis_estructural/edificio_I/datos/candidatos/matrices_transformacion_unity.json', 'analisis_estructural/edificio_I/resultados/modelo_estructural/columnas_tramos_ei.json', 'viewer_unity/REPORTE_QA_GEOMETRIA_UNITY.md (secciones metalicas)', 'results/peso_propio_teorico_EDIFICIO_I_v2.json (objeto)']"
col_47.89_8.3_base_P3,P3,columna metalica (P.M.I.),P.M.I.,,,,,,acero (perfil metalico),dimensiones BxHxt,perfil metalico sin dimensiones BxHxt documentadas (P.M.I.: ancho=0.0/peralte=0.0 en el QA),PENDIENTE_SECCION,estado PENDIENTE_SECCION (no exiten BxHxt documentadas),"['analisis_estructural/edificio_I/datos/candidatos/*.json', 'analisis_estructural/edificio_I/datos/candidatos/matrices_transformacion_unity.json', 'analisis_estructural/edificio_I/resultados/modelo_estructural/columnas_tramos_ei.json', 'viewer_unity/REPORTE_QA_GEOMETRIA_UNITY.md (secciones metalicas)', 'results/peso_propio_teorico_EDIFICIO_I_v2.json (objeto)']"
col_47.82_15.51_base_P3,P3,columna metalica (P.M.I.),P.M.I.,,,,,,acero (perfil metalico),dimensiones BxHxt,perfil metalico sin dimensiones BxHxt documentadas (P.M.I.: ancho=0.0/peralte=0.0 en el QA),PENDIENTE_SECCION,estado PENDIENTE_SECCION (no exiten BxHxt documentadas),"['analisis_estructural/edificio_I/datos/candidatos/*.json', 'analisis_estructural/edificio_I/datos/candidatos/matrices_transformacion_unity.json', 'analisis_estructural/edificio_I/resultados/modelo_estructural/columnas_tramos_ei.json', 'viewer_unity/REPORTE_QA_GEOMETRIA_UNITY.md (secciones metalicas)', 'results/peso_propio_teorico_EDIFICIO_I_v2.json (objeto)']"
col_50.58_-0.6_base_P3,P3,columna metalica (P.M.I.),P.M.I.,,,,,,acero (perfil metalico),dimensiones BxHxt,perfil metalico sin dimensiones BxHxt documentadas (P.M.I.: ancho=0.0/peralte=0.0 en el QA),PENDIENTE_SECCION,estado PENDIENTE_SECCION (no exiten BxHxt documentadas),"['analisis_estructural/edificio_I/datos/candidatos/*.json', 'analisis_estructural/edificio_I/datos/candidatos/matrices_transformacion_unity.json', 'analisis_estructural/edificio_I/resultados/modelo_estructural/columnas_tramos_ei.json', 'viewer_unity/REPORTE_QA_GEOMETRIA_UNITY.md (secciones metalicas)', 'results/peso_propio_teorico_EDIFICIO_I_v2.json (objeto)']"
col_50.82_8.61_base_P3,P3,columna metalica (P.M.I.),P.M.I.,,,,,,acero (perfil metalico),dimensiones BxHxt,perfil metalico sin dimensiones BxHxt documentadas (P.M.I.: ancho=0.0/peralte=0.0 en el QA),PENDIENTE_SECCION,estado PENDIENTE_SECCION (no exiten BxHxt documentadas),"['analisis_estructural/edificio_I/datos/candidatos/*.json', 'analisis_estructural/edificio_I/datos/candidatos/matrices_transformacion_unity.json', 'analisis_estructural/edificio_I/resultados/modelo_estructural/columnas_tramos_ei.json', 'viewer_unity/REPORTE_QA_GEOMETRIA_UNITY.md (secciones metalicas)', 'results/peso_propio_teorico_EDIFICIO_I_v2.json (objeto)']"
col_50.71_15.85_base_P3,P3,columna metalica (P.M.I.),P.M.I.,,,,,,acero (perfil metalico),dimensiones BxHxt,perfil metalico sin dimensiones BxHxt documentadas (P.M.I.: ancho=0.0/peralte=0.0 en el QA),PENDIENTE_SECCION,estado PENDIENTE_SECCION (no exiten BxHxt documentadas),"['analisis_estructural/edificio_I/datos/candidatos/*.json', 'analisis_estructural/edificio_I/datos/candidatos/matrices_transformacion_unity.json', 'analisis_estructural/edificio_I/resultados/modelo_estructural/columnas_tramos_ei.json', 'viewer_unity/REPORTE_QA_GEOMETRIA_UNITY.md (secciones metalicas)', 'results/peso_propio_teorico_EDIFICIO_I_v2.json (objeto)']"
col_20.5_20.72_base_P3,P3,columna metalica (P.M.I.),P.M.I.,,,,,,acero (perfil metalico),dimensiones BxHxt,perfil metalico sin dimensiones BxHxt documentadas (P.M.I.: ancho=0.0/peralte=0.0 en el QA),PENDIENTE_SECCION,estado PENDIENTE_SECCION (no exiten BxHxt documentadas),"['analisis_estructural/edificio_I/datos/candidatos/*.json', 'analisis_estructural/edificio_I/datos/candidatos/matrices_transformacion_unity.json', 'analisis_estructural/edificio_I/resultados/modelo_estructural/columnas_tramos_ei.json', 'viewer_unity/REPORTE_QA_GEOMETRIA_UNITY.md (secciones metalicas)', 'results/peso_propio_teorico_EDIFICIO_I_v2.json (objeto)']"
col_30.51_20.66_base_P3,P3,columna metalica (P.M.I.),P.M.I.,,,,,,acero (perfil metalico),dimensiones BxHxt,perfil metalico sin dimensiones BxHxt documentadas (P.M.I.: ancho=0.0/peralte=0.0 en el QA),PENDIENTE_SECCION,estado PENDIENTE_SECCION (no exiten BxHxt documentadas),"['analisis_estructural/edificio_I/datos/candidatos/*.json', 'analisis_estructural/edificio_I/datos/candidatos/matrices_transformacion_unity.json', 'analisis_estructural/edificio_I/resultados/modelo_estructural/columnas_tramos_ei.json', 'viewer_unity/REPORTE_QA_GEOMETRIA_UNITY.md (secciones metalicas)', 'results/peso_propio_teorico_EDIFICIO_I_v2.json (objeto)']"
col_45.97_1.36_base_P4,P4,columna metalica (tubular),P.M. 300x300x20,0.0224,,,1.7244,,acero (seccion tubular confirmada),"tramo real documentado (base->nivel real, no hipotesis)",seccion tubular confirmada (V.M./P.M. BxHxt); solo falta documentar el tramo real entrepisos (lamina 800). No se extiende a la base.,PENDIENTE_TRAMO,pp null + PENDIENTE_TRAMO cuando la seccion tubular esta confirmada (solo falta el tramo),"['analisis_estructural/edificio_I/datos/candidatos/*.json', 'analisis_estructural/edificio_I/datos/candidatos/matrices_transformacion_unity.json', 'analisis_estructural/edificio_I/resultados/modelo_estructural/columnas_tramos_ei.json', 'viewer_unity/REPORTE_QA_GEOMETRIA_UNITY.md (secciones metalicas)', 'results/peso_propio_teorico_EDIFICIO_I_v2.json (objeto)']"
col_48.77_7.46_base_P4,P4,columna metalica (tubular),P.M. 300x300x20,0.0224,,,1.7244,,acero (seccion tubular confirmada),"tramo real documentado (base->nivel real, no hipotesis)",seccion tubular confirmada (V.M./P.M. BxHxt); solo falta documentar el tramo real entrepisos (lamina 800). No se extiende a la base.,PENDIENTE_TRAMO,pp null + PENDIENTE_TRAMO cuando la seccion tubular esta confirmada (solo falta el tramo),"['analisis_estructural/edificio_I/datos/candidatos/*.json', 'analisis_estructural/edificio_I/datos/candidatos/matrices_transformacion_unity.json', 'analisis_estructural/edificio_I/resultados/modelo_estructural/columnas_tramos_ei.json', 'viewer_unity/REPORTE_QA_GEOMETRIA_UNITY.md (secciones metalicas)', 'results/peso_propio_teorico_EDIFICIO_I_v2.json (objeto)']"
col_51.97_8.12_base_P4,P4,columna metalica (tubular),P.M. 300x300x20,0.0224,,,1.7244,,acero (seccion tubular confirmada),"tramo real documentado (base->nivel real, no hipotesis)",seccion tubular confirmada (V.M./P.M. BxHxt); solo falta documentar el tramo real entrepisos (lamina 800). No se extiende a la base.,PENDIENTE_TRAMO,pp null + PENDIENTE_TRAMO cuando la seccion tubular esta confirmada (solo falta el tramo),"['analisis_estructural/edificio_I/datos/candidatos/*.json', 'analisis_estructural/edificio_I/datos/candidatos/matrices_transformacion_unity.json', 'analisis_estructural/edificio_I/resultados/modelo_estructural/columnas_tramos_ei.json', 'viewer_unity/REPORTE_QA_GEOMETRIA_UNITY.md (secciones metalicas)', 'results/peso_propio_teorico_EDIFICIO_I_v2.json (objeto)']"
col_52.11_15.23_base_P4,P4,columna metalica (tubular),P.M. 300x300x20,0.0224,,,1.7244,,acero (seccion tubular confirmada),"tramo real documentado (base->nivel real, no hipotesis)",seccion tubular confirmada (V.M./P.M. BxHxt); solo falta documentar el tramo real entrepisos (lamina 800). No se extiende a la base.,PENDIENTE_TRAMO,pp null + PENDIENTE_TRAMO cuando la seccion tubular esta confirmada (solo falta el tramo),"['analisis_estructural/edificio_I/datos/candidatos/*.json', 'analisis_estructural/edificio_I/datos/candidatos/matrices_transformacion_unity.json', 'analisis_estructural/edificio_I/resultados/modelo_estructural/columnas_tramos_ei.json', 'viewer_unity/REPORTE_QA_GEOMETRIA_UNITY.md (secciones metalicas)', 'results/peso_propio_teorico_EDIFICIO_I_v2.json (objeto)']"
col_48.73_17.3_base_P4,P4,columna metalica (tubular),P.M. 300x300x20,0.0224,,,1.7244,,acero (seccion tubular confirmada),"tramo real documentado (base->nivel real, no hipotesis)",seccion tubular confirmada (V.M./P.M. BxHxt); solo falta documentar el tramo real entrepisos (lamina 800). No se extiende a la base.,PENDIENTE_TRAMO,pp null + PENDIENTE_TRAMO cuando la seccion tubular esta confirmada (solo falta el tramo),"['analisis_estructural/edificio_I/datos/candidatos/*.json', 'analisis_estructural/edificio_I/datos/candidatos/matrices_transformacion_unity.json', 'analisis_estructural/edificio_I/resultados/modelo_estructural/columnas_tramos_ei.json', 'viewer_unity/REPORTE_QA_GEOMETRIA_UNITY.md (secciones metalicas)', 'results/peso_propio_teorico_EDIFICIO_I_v2.json (objeto)']"
col_21.5_21.03_base_P4,P4,columna metalica (tubular),P.M. 300x300x20,0.0224,,,1.7244,,acero (seccion tubular confirmada),"tramo real documentado (base->nivel real, no hipotesis)",seccion tubular confirmada (V.M./P.M. BxHxt); solo falta documentar el tramo real entrepisos (lamina 800). No se extiende a la base.,PENDIENTE_TRAMO,pp null + PENDIENTE_TRAMO cuando la seccion tubular esta confirmada (solo falta el tramo),"['analisis_estructural/edificio_I/datos/candidatos/*.json', 'analisis_estructural/edificio_I/datos/candidatos/matrices_transformacion_unity.json', 'analisis_estructural/edificio_I/resultados/modelo_estructural/columnas_tramos_ei.json', 'viewer_unity/REPORTE_QA_GEOMETRIA_UNITY.md (secciones metalicas)', 'results/peso_propio_teorico_EDIFICIO_I_v2.json (objeto)']"
col_31.55_21.03_base_P4,P4,columna metalica (tubular),P.M. 300x300x20,0.0224,,,1.7244,,acero (seccion tubular confirmada),"tramo real documentado (base->nivel real, no hipotesis)",seccion tubular confirmada (V.M./P.M. BxHxt); solo falta documentar el tramo real entrepisos (lamina 800). No se extiende a la base.,PENDIENTE_TRAMO,pp null + PENDIENTE_TRAMO cuando la seccion tubular esta confirmada (solo falta el tramo),"['analisis_estructural/edificio_I/datos/candidatos/*.json', 'analisis_estructural/edificio_I/datos/candidatos/matrices_transformacion_unity.json', 'analisis_estructural/edificio_I/resultados/modelo_estructural/columnas_tramos_ei.json', 'viewer_unity/REPORTE_QA_GEOMETRIA_UNITY.md (secciones metalicas)', 'results/peso_propio_teorico_EDIFICIO_I_v2.json (objeto)']"
col_52.08_-0.87_base_P4,P4,columna metalica (tubular),P.M. 300x300x20,0.0224,,,1.7244,,acero (seccion tubular confirmada),"tramo real documentado (base->nivel real, no hipotesis)",seccion tubular confirmada (V.M./P.M. BxHxt); solo falta documentar el tramo real entrepisos (lamina 800). No se extiende a la base.,PENDIENTE_TRAMO,pp null + PENDIENTE_TRAMO cuando la seccion tubular esta confirmada (solo falta el tramo),"['analisis_estructural/edificio_I/datos/candidatos/*.json', 'analisis_estructural/edificio_I/datos/candidatos/matrices_transformacion_unity.json', 'analisis_estructural/edificio_I/resultados/modelo_estructural/columnas_tramos_ei.json', 'viewer_unity/REPORTE_QA_GEOMETRIA_UNITY.md (secciones metalicas)', 'results/peso_propio_teorico_EDIFICIO_I_v2.json (objeto)']"
COL_EI_CP4_C_E1_0.73,P4,columna de hormigon,P. 70x70,0.48999999999999994,,,12.0131,,hormigon armado,tramo P3->P4 (desfase por implementar),"el FE no instancia tramos hormigon P3->P4: P4 esta desplazado +0.181 m (matrices_transformacion_unity.json, desfase fisico documentado, no compensado); alineacion por confirmar",PENDIENTE_TRAMO,PENDIENTE_TRAMO (desfase +0.181 m documentado; FE no instancia el tramo),"['analisis_estructural/edificio_I/datos/candidatos/*.json', 'analisis_estructural/edificio_I/datos/candidatos/matrices_transformacion_unity.json', 'analisis_estructural/edificio_I/resultados/modelo_estructural/columnas_tramos_ei.json', 'viewer_unity/REPORTE_QA_GEOMETRIA_UNITY.md (secciones metalicas)', 'results/peso_propio_teorico_EDIFICIO_I_v2.json (objeto)']"
COL_EI_CP4_C_F1_10.74,P4,columna de hormigon,P. 70x70,0.48999999999999994,,,12.0131,,hormigon armado,tramo P3->P4 (desfase por implementar),"el FE no instancia tramos hormigon P3->P4: P4 esta desplazado +0.181 m (matrices_transformacion_unity.json, desfase fisico documentado, no compensado); alineacion por confirmar",PENDIENTE_TRAMO,PENDIENTE_TRAMO (desfase +0.181 m documentado; FE no instancia el tramo),"['analisis_estructural/edificio_I/datos/candidatos/*.json', 'analisis_estructural/edificio_I/datos/candidatos/matrices_transformacion_unity.json', 'analisis_estructural/edificio_I/resultados/modelo_estructural/columnas_tramos_ei.json', 'viewer_unity/REPORTE_QA_GEOMETRIA_UNITY.md (secciones metalicas)', 'results/peso_propio_teorico_EDIFICIO_I_v2.json (objeto)']"
COL_EI_CP4_C_H1_30.71,P4,columna de hormigon,P. 70x70,0.48999999999999994,,,12.0131,,hormigon armado,tramo P3->P4 (desfase por implementar),"el FE no instancia tramos hormigon P3->P4: P4 esta desplazado +0.181 m (matrices_transformacion_unity.json, desfase fisico documentado, no compensado); alineacion por confirmar",PENDIENTE_TRAMO,PENDIENTE_TRAMO (desfase +0.181 m documentado; FE no instancia el tramo),"['analisis_estructural/edificio_I/datos/candidatos/*.json', 'analisis_estructural/edificio_I/datos/candidatos/matrices_transformacion_unity.json', 'analisis_estructural/edificio_I/resultados/modelo_estructural/columnas_tramos_ei.json', 'viewer_unity/REPORTE_QA_GEOMETRIA_UNITY.md (secciones metalicas)', 'results/peso_propio_teorico_EDIFICIO_I_v2.json (objeto)']"
COL_EI_CP4_C_G1_20.42,P4,columna de hormigon,P. 70x70,0.48999999999999994,,,12.0131,,hormigon armado,tramo P3->P4 (desfase por implementar),"el FE no instancia tramos hormigon P3->P4: P4 esta desplazado +0.181 m (matrices_transformacion_unity.json, desfase fisico documentado, no compensado); alineacion por confirmar",PENDIENTE_TRAMO,PENDIENTE_TRAMO (desfase +0.181 m documentado; FE no instancia el tramo),"['analisis_estructural/edificio_I/datos/candidatos/*.json', 'analisis_estructural/edificio_I/datos/candidatos/matrices_transformacion_unity.json', 'analisis_estructural/edificio_I/resultados/modelo_estructural/columnas_tramos_ei.json', 'viewer_unity/REPORTE_QA_GEOMETRIA_UNITY.md (secciones metalicas)', 'results/peso_propio_teorico_EDIFICIO_I_v2.json (objeto)']"
COL_EI_CP4_C_I1_40.5,P4,columna de hormigon,P. 70x70,0.48999999999999994,,,12.0131,,hormigon armado,tramo P3->P4 (desfase por implementar),"el FE no instancia tramos hormigon P3->P4: P4 esta desplazado +0.181 m (matrices_transformacion_unity.json, desfase fisico documentado, no compensado); alineacion por confirmar",PENDIENTE_TRAMO,PENDIENTE_TRAMO (desfase +0.181 m documentado; FE no instancia el tramo),"['analisis_estructural/edificio_I/datos/candidatos/*.json', 'analisis_estructural/edificio_I/datos/candidatos/matrices_transformacion_unity.json', 'analisis_estructural/edificio_I/resultados/modelo_estructural/columnas_tramos_ei.json', 'viewer_unity/REPORTE_QA_GEOMETRIA_UNITY.md (secciones metalicas)', 'results/peso_propio_teorico_EDIFICIO_I_v2.json (objeto)']"
COL_EI_CP4_C_Ip1_44.24,P4,columna de hormigon,P. 70x70,0.48999999999999994,,,12.0131,,hormigon armado,tramo P3->P4 (desfase por implementar),"el FE no instancia tramos hormigon P3->P4: P4 esta desplazado +0.181 m (matrices_transformacion_unity.json, desfase fisico documentado, no compensado); alineacion por confirmar",PENDIENTE_TRAMO,PENDIENTE_TRAMO (desfase +0.181 m documentado; FE no instancia el tramo),"['analisis_estructural/edificio_I/datos/candidatos/*.json', 'analisis_estructural/edificio_I/datos/candidatos/matrices_transformacion_unity.json', 'analisis_estructural/edificio_I/resultados/modelo_estructural/columnas_tramos_ei.json', 'viewer_unity/REPORTE_QA_GEOMETRIA_UNITY.md (secciones metalicas)', 'results/peso_propio_teorico_EDIFICIO_I_v2.json (objeto)']"
COL_EI_CP4_C_E2_0.75,P4,columna de hormigon,P. 70x70,0.48999999999999994,,,12.0131,,hormigon armado,tramo P3->P4 (desfase por implementar),"el FE no instancia tramos hormigon P3->P4: P4 esta desplazado +0.181 m (matrices_transformacion_unity.json, desfase fisico documentado, no compensado); alineacion por confirmar",PENDIENTE_TRAMO,PENDIENTE_TRAMO (desfase +0.181 m documentado; FE no instancia el tramo),"['analisis_estructural/edificio_I/datos/candidatos/*.json', 'analisis_estructural/edificio_I/datos/candidatos/matrices_transformacion_unity.json', 'analisis_estructural/edificio_I/resultados/modelo_estructural/columnas_tramos_ei.json', 'viewer_unity/REPORTE_QA_GEOMETRIA_UNITY.md (secciones metalicas)', 'results/peso_propio_teorico_EDIFICIO_I_v2.json (objeto)']"
COL_EI_CP4_C_F2_10.74,P4,columna de hormigon,P. 70x70,0.48999999999999994,,,12.0131,,hormigon armado,tramo P3->P4 (desfase por implementar),"el FE no instancia tramos hormigon P3->P4: P4 esta desplazado +0.181 m (matrices_transformacion_unity.json, desfase fisico documentado, no compensado); alineacion por confirmar",PENDIENTE_TRAMO,PENDIENTE_TRAMO (desfase +0.181 m documentado; FE no instancia el tramo),"['analisis_estructural/edificio_I/datos/candidatos/*.json', 'analisis_estructural/edificio_I/datos/candidatos/matrices_transformacion_unity.json', 'analisis_estructural/edificio_I/resultados/modelo_estructural/columnas_tramos_ei.json', 'viewer_unity/REPORTE_QA_GEOMETRIA_UNITY.md (secciones metalicas)', 'results/peso_propio_teorico_EDIFICIO_I_v2.json (objeto)']"
COL_EI_CP4_C_G2_20.73,P4,columna de hormigon,P. 70x70,0.48999999999999994,,,12.0131,,hormigon armado,tramo P3->P4 (desfase por implementar),"el FE no instancia tramos hormigon P3->P4: P4 esta desplazado +0.181 m (matrices_transformacion_unity.json, desfase fisico documentado, no compensado); alineacion por confirmar",PENDIENTE_TRAMO,PENDIENTE_TRAMO (desfase +0.181 m documentado; FE no instancia el tramo),"['analisis_estructural/edificio_I/datos/candidatos/*.json', 'analisis_estructural/edificio_I/datos/candidatos/matrices_transformacion_unity.json', 'analisis_estructural/edificio_I/resultados/modelo_estructural/columnas_tramos_ei.json', 'viewer_unity/REPORTE_QA_GEOMETRIA_UNITY.md (secciones metalicas)', 'results/peso_propio_teorico_EDIFICIO_I_v2.json (objeto)']"
COL_EI_CP4_C_H2_30.76,P4,columna de hormigon,P. 70x70,0.48999999999999994,,,12.0131,,hormigon armado,tramo P3->P4 (desfase por implementar),"el FE no instancia tramos hormigon P3->P4: P4 esta desplazado +0.181 m (matrices_transformacion_unity.json, desfase fisico documentado, no compensado); alineacion por confirmar",PENDIENTE_TRAMO,PENDIENTE_TRAMO (desfase +0.181 m documentado; FE no instancia el tramo),"['analisis_estructural/edificio_I/datos/candidatos/*.json', 'analisis_estructural/edificio_I/datos/candidatos/matrices_transformacion_unity.json', 'analisis_estructural/edificio_I/resultados/modelo_estructural/columnas_tramos_ei.json', 'viewer_unity/REPORTE_QA_GEOMETRIA_UNITY.md (secciones metalicas)', 'results/peso_propio_teorico_EDIFICIO_I_v2.json (objeto)']"
COL_EI_CP4_C_I2_38.87,P4,columna de hormigon,P. 70x70,0.48999999999999994,,,12.0131,,hormigon armado,tramo P3->P4 (desfase por implementar),"el FE no instancia tramos hormigon P3->P4: P4 esta desplazado +0.181 m (matrices_transformacion_unity.json, desfase fisico documentado, no compensado); alineacion por confirmar",PENDIENTE_TRAMO,PENDIENTE_TRAMO (desfase +0.181 m documentado; FE no instancia el tramo),"['analisis_estructural/edificio_I/datos/candidatos/*.json', 'analisis_estructural/edificio_I/datos/candidatos/matrices_transformacion_unity.json', 'analisis_estructural/edificio_I/resultados/modelo_estructural/columnas_tramos_ei.json', 'viewer_unity/REPORTE_QA_GEOMETRIA_UNITY.md (secciones metalicas)', 'results/peso_propio_teorico_EDIFICIO_I_v2.json (objeto)']"
COL_EI_CP4_C_Ip2_43.95,P4,columna de hormigon,P. 70x70,0.48999999999999994,,,12.0131,,hormigon armado,tramo P3->P4 (desfase por implementar),"el FE no instancia tramos hormigon P3->P4: P4 esta desplazado +0.181 m (matrices_transformacion_unity.json, desfase fisico documentado, no compensado); alineacion por confirmar",PENDIENTE_TRAMO,PENDIENTE_TRAMO (desfase +0.181 m documentado; FE no instancia el tramo),"['analisis_estructural/edificio_I/datos/candidatos/*.json', 'analisis_estructural/edificio_I/datos/candidatos/matrices_transformacion_unity.json', 'analisis_estructural/edificio_I/resultados/modelo_estructural/columnas_tramos_ei.json', 'viewer_unity/REPORTE_QA_GEOMETRIA_UNITY.md (secciones metalicas)', 'results/peso_propio_teorico_EDIFICIO_I_v2.json (objeto)']"
COL_EI_CP4_C_E3_0.74,P4,columna de hormigon,P. 70x70,0.48999999999999994,,,12.0131,,hormigon armado,tramo P3->P4 (desfase por implementar),"el FE no instancia tramos hormigon P3->P4: P4 esta desplazado +0.181 m (matrices_transformacion_unity.json, desfase fisico documentado, no compensado); alineacion por confirmar",PENDIENTE_TRAMO,PENDIENTE_TRAMO (desfase +0.181 m documentado; FE no instancia el tramo),"['analisis_estructural/edificio_I/datos/candidatos/*.json', 'analisis_estructural/edificio_I/datos/candidatos/matrices_transformacion_unity.json', 'analisis_estructural/edificio_I/resultados/modelo_estructural/columnas_tramos_ei.json', 'viewer_unity/REPORTE_QA_GEOMETRIA_UNITY.md (secciones metalicas)', 'results/peso_propio_teorico_EDIFICIO_I_v2.json (objeto)']"
COL_EI_CP4_C_F3_9.24,P4,columna de hormigon,P. 70x70,0.48999999999999994,,,12.0131,,hormigon armado,tramo P3->P4 (desfase por implementar),"el FE no instancia tramos hormigon P3->P4: P4 esta desplazado +0.181 m (matrices_transformacion_unity.json, desfase fisico documentado, no compensado); alineacion por confirmar",PENDIENTE_TRAMO,PENDIENTE_TRAMO (desfase +0.181 m documentado; FE no instancia el tramo),"['analisis_estructural/edificio_I/datos/candidatos/*.json', 'analisis_estructural/edificio_I/datos/candidatos/matrices_transformacion_unity.json', 'analisis_estructural/edificio_I/resultados/modelo_estructural/columnas_tramos_ei.json', 'viewer_unity/REPORTE_QA_GEOMETRIA_UNITY.md (secciones metalicas)', 'results/peso_propio_teorico_EDIFICIO_I_v2.json (objeto)']"
COL_EI_CP4_C_G3_20.73,P4,columna de hormigon,P. 70x70,0.48999999999999994,,,12.0131,,hormigon armado,tramo P3->P4 (desfase por implementar),"el FE no instancia tramos hormigon P3->P4: P4 esta desplazado +0.181 m (matrices_transformacion_unity.json, desfase fisico documentado, no compensado); alineacion por confirmar",PENDIENTE_TRAMO,PENDIENTE_TRAMO (desfase +0.181 m documentado; FE no instancia el tramo),"['analisis_estructural/edificio_I/datos/candidatos/*.json', 'analisis_estructural/edificio_I/datos/candidatos/matrices_transformacion_unity.json', 'analisis_estructural/edificio_I/resultados/modelo_estructural/columnas_tramos_ei.json', 'viewer_unity/REPORTE_QA_GEOMETRIA_UNITY.md (secciones metalicas)', 'results/peso_propio_teorico_EDIFICIO_I_v2.json (objeto)']"
COL_EI_CP4_C_H3_29.21,P4,columna de hormigon,P. 70x70,0.48999999999999994,,,12.0131,,hormigon armado,tramo P3->P4 (desfase por implementar),"el FE no instancia tramos hormigon P3->P4: P4 esta desplazado +0.181 m (matrices_transformacion_unity.json, desfase fisico documentado, no compensado); alineacion por confirmar",PENDIENTE_TRAMO,PENDIENTE_TRAMO (desfase +0.181 m documentado; FE no instancia el tramo),"['analisis_estructural/edificio_I/datos/candidatos/*.json', 'analisis_estructural/edificio_I/datos/candidatos/matrices_transformacion_unity.json', 'analisis_estructural/edificio_I/resultados/modelo_estructural/columnas_tramos_ei.json', 'viewer_unity/REPORTE_QA_GEOMETRIA_UNITY.md (secciones metalicas)', 'results/peso_propio_teorico_EDIFICIO_I_v2.json (objeto)']"
COL_EI_CP4_C_I3_40.37,P4,columna de hormigon,P. 70x70,0.48999999999999994,,,12.0131,,hormigon armado,tramo P3->P4 (desfase por implementar),"el FE no instancia tramos hormigon P3->P4: P4 esta desplazado +0.181 m (matrices_transformacion_unity.json, desfase fisico documentado, no compensado); alineacion por confirmar",PENDIENTE_TRAMO,PENDIENTE_TRAMO (desfase +0.181 m documentado; FE no instancia el tramo),"['analisis_estructural/edificio_I/datos/candidatos/*.json', 'analisis_estructural/edificio_I/datos/candidatos/matrices_transformacion_unity.json', 'analisis_estructural/edificio_I/resultados/modelo_estructural/columnas_tramos_ei.json', 'viewer_unity/REPORTE_QA_GEOMETRIA_UNITY.md (secciones metalicas)', 'results/peso_propio_teorico_EDIFICIO_I_v2.json (objeto)']"
COL_EI_CP4_C_Ip3_44.52,P4,columna de hormigon,P. 70x70,0.48999999999999994,,,12.0131,,hormigon armado,tramo P3->P4 (desfase por implementar),"el FE no instancia tramos hormigon P3->P4: P4 esta desplazado +0.181 m (matrices_transformacion_unity.json, desfase fisico documentado, no compensado); alineacion por confirmar",PENDIENTE_TRAMO,PENDIENTE_TRAMO (desfase +0.181 m documentado; FE no instancia el tramo),"['analisis_estructural/edificio_I/datos/candidatos/*.json', 'analisis_estructural/edificio_I/datos/candidatos/matrices_transformacion_unity.json', 'analisis_estructural/edificio_I/resultados/modelo_estructural/columnas_tramos_ei.json', 'viewer_unity/REPORTE_QA_GEOMETRIA_UNITY.md (secciones metalicas)', 'results/peso_propio_teorico_EDIFICIO_I_v2.json (objeto)']"
,CP1S,muro (1 sola planta documentada),sin seccion/espesor/cotas confirmados,,16.951,,,,presumible concreto (M.H.A.),espesor + cotas + niveles reales,muro documentado en UN solo nivel (o solo CP1S); extent of vertical real entrepisos no documentado o coordenadas no coinciden entre niveles consecutivos,PENDIENTE_TRAMO,ADOPTADA_PARCIAL: confirmar panel solo si coincidencia plena (linea+espesor+posicion+geometria+niveles consecutivos) P2->P3->P4; muro de un solo plano NO se vuelve tramo continuo automaticamente; cajas P4 M_CP4_001..006 mantienen PENDIENTE_TRAMO,"['analisis_estructural/edificio_I/datos/candidatos/*.json', 'analisis_estructural/edificio_I/datos/candidatos/matrices_transformacion_unity.json', 'analisis_estructural/edificio_I/resultados/modelo_estructural/columnas_tramos_ei.json', 'viewer_unity/REPORTE_QA_GEOMETRIA_UNITY.md (secciones metalicas)', 'results/peso_propio_teorico_EDIFICIO_I_v2.json (objeto)']"
,CP1S,muro (1 sola planta documentada),sin seccion/espesor/cotas confirmados,,4.479,,,,presumible concreto (M.H.A.),espesor + cotas + niveles reales,muro documentado en UN solo nivel (o solo CP1S); extent of vertical real entrepisos no documentado o coordenadas no coinciden entre niveles consecutivos,PENDIENTE_TRAMO,ADOPTADA_PARCIAL: confirmar panel solo si coincidencia plena (linea+espesor+posicion+geometria+niveles consecutivos) P2->P3->P4; muro de un solo plano NO se vuelve tramo continuo automaticamente; cajas P4 M_CP4_001..006 mantienen PENDIENTE_TRAMO,"['analisis_estructural/edificio_I/datos/candidatos/*.json', 'analisis_estructural/edificio_I/datos/candidatos/matrices_transformacion_unity.json', 'analisis_estructural/edificio_I/resultados/modelo_estructural/columnas_tramos_ei.json', 'viewer_unity/REPORTE_QA_GEOMETRIA_UNITY.md (secciones metalicas)', 'results/peso_propio_teorico_EDIFICIO_I_v2.json (objeto)']"
,CP1S,muro (1 sola planta documentada),sin seccion/espesor/cotas confirmados,,4.479,,,,presumible concreto (M.H.A.),espesor + cotas + niveles reales,muro documentado en UN solo nivel (o solo CP1S); extent of vertical real entrepisos no documentado o coordenadas no coinciden entre niveles consecutivos,PENDIENTE_TRAMO,ADOPTADA_PARCIAL: confirmar panel solo si coincidencia plena (linea+espesor+posicion+geometria+niveles consecutivos) P2->P3->P4; muro de un solo plano NO se vuelve tramo continuo automaticamente; cajas P4 M_CP4_001..006 mantienen PENDIENTE_TRAMO,"['analisis_estructural/edificio_I/datos/candidatos/*.json', 'analisis_estructural/edificio_I/datos/candidatos/matrices_transformacion_unity.json', 'analisis_estructural/edificio_I/resultados/modelo_estructural/columnas_tramos_ei.json', 'viewer_unity/REPORTE_QA_GEOMETRIA_UNITY.md (secciones metalicas)', 'results/peso_propio_teorico_EDIFICIO_I_v2.json (objeto)']"
,CP1S,muro (1 sola planta documentada),sin seccion/espesor/cotas confirmados,,2.35,,,,presumible concreto (M.H.A.),espesor + cotas + niveles reales,muro documentado en UN solo nivel (o solo CP1S); extent of vertical real entrepisos no documentado o coordenadas no coinciden entre niveles consecutivos,PENDIENTE_TRAMO,ADOPTADA_PARCIAL: confirmar panel solo si coincidencia plena (linea+espesor+posicion+geometria+niveles consecutivos) P2->P3->P4; muro de un solo plano NO se vuelve tramo continuo automaticamente; cajas P4 M_CP4_001..006 mantienen PENDIENTE_TRAMO,"['analisis_estructural/edificio_I/datos/candidatos/*.json', 'analisis_estructural/edificio_I/datos/candidatos/matrices_transformacion_unity.json', 'analisis_estructural/edificio_I/resultados/modelo_estructural/columnas_tramos_ei.json', 'viewer_unity/REPORTE_QA_GEOMETRIA_UNITY.md (secciones metalicas)', 'results/peso_propio_teorico_EDIFICIO_I_v2.json (objeto)']"
,CP1S,muro (1 sola planta documentada),sin seccion/espesor/cotas confirmados,,2.35,,,,presumible concreto (M.H.A.),espesor + cotas + niveles reales,muro documentado en UN solo nivel (o solo CP1S); extent of vertical real entrepisos no documentado o coordenadas no coinciden entre niveles consecutivos,PENDIENTE_TRAMO,ADOPTADA_PARCIAL: confirmar panel solo si coincidencia plena (linea+espesor+posicion+geometria+niveles consecutivos) P2->P3->P4; muro de un solo plano NO se vuelve tramo continuo automaticamente; cajas P4 M_CP4_001..006 mantienen PENDIENTE_TRAMO,"['analisis_estructural/edificio_I/datos/candidatos/*.json', 'analisis_estructural/edificio_I/datos/candidatos/matrices_transformacion_unity.json', 'analisis_estructural/edificio_I/resultados/modelo_estructural/columnas_tramos_ei.json', 'viewer_unity/REPORTE_QA_GEOMETRIA_UNITY.md (secciones metalicas)', 'results/peso_propio_teorico_EDIFICIO_I_v2.json (objeto)']"
,P1,muro (1 sola planta documentada),sin seccion/espesor/cotas confirmados,,16.15,,,,presumible concreto (M.H.A.),espesor + cotas + niveles reales,muro documentado en UN solo nivel (o solo CP1S); extent of vertical real entrepisos no documentado o coordenadas no coinciden entre niveles consecutivos,PENDIENTE_TRAMO,ADOPTADA_PARCIAL: confirmar panel solo si coincidencia plena (linea+espesor+posicion+geometria+niveles consecutivos) P2->P3->P4; muro de un solo plano NO se vuelve tramo continuo automaticamente; cajas P4 M_CP4_001..006 mantienen PENDIENTE_TRAMO,"['analisis_estructural/edificio_I/datos/candidatos/*.json', 'analisis_estructural/edificio_I/datos/candidatos/matrices_transformacion_unity.json', 'analisis_estructural/edificio_I/resultados/modelo_estructural/columnas_tramos_ei.json', 'viewer_unity/REPORTE_QA_GEOMETRIA_UNITY.md (secciones metalicas)', 'results/peso_propio_teorico_EDIFICIO_I_v2.json (objeto)']"
,P1,muro (1 sola planta documentada),sin seccion/espesor/cotas confirmados,,17.08,,,,presumible concreto (M.H.A.),espesor + cotas + niveles reales,muro documentado en UN solo nivel (o solo CP1S); extent of vertical real entrepisos no documentado o coordenadas no coinciden entre niveles consecutivos,PENDIENTE_TRAMO,ADOPTADA_PARCIAL: confirmar panel solo si coincidencia plena (linea+espesor+posicion+geometria+niveles consecutivos) P2->P3->P4; muro de un solo plano NO se vuelve tramo continuo automaticamente; cajas P4 M_CP4_001..006 mantienen PENDIENTE_TRAMO,"['analisis_estructural/edificio_I/datos/candidatos/*.json', 'analisis_estructural/edificio_I/datos/candidatos/matrices_transformacion_unity.json', 'analisis_estructural/edificio_I/resultados/modelo_estructural/columnas_tramos_ei.json', 'viewer_unity/REPORTE_QA_GEOMETRIA_UNITY.md (secciones metalicas)', 'results/peso_propio_teorico_EDIFICIO_I_v2.json (objeto)']"
,P1,muro (1 sola planta documentada),sin seccion/espesor/cotas confirmados,,6.1,,,,presumible concreto (M.H.A.),espesor + cotas + niveles reales,muro documentado en UN solo nivel (o solo CP1S); extent of vertical real entrepisos no documentado o coordenadas no coinciden entre niveles consecutivos,PENDIENTE_TRAMO,ADOPTADA_PARCIAL: confirmar panel solo si coincidencia plena (linea+espesor+posicion+geometria+niveles consecutivos) P2->P3->P4; muro de un solo plano NO se vuelve tramo continuo automaticamente; cajas P4 M_CP4_001..006 mantienen PENDIENTE_TRAMO,"['analisis_estructural/edificio_I/datos/candidatos/*.json', 'analisis_estructural/edificio_I/datos/candidatos/matrices_transformacion_unity.json', 'analisis_estructural/edificio_I/resultados/modelo_estructural/columnas_tramos_ei.json', 'viewer_unity/REPORTE_QA_GEOMETRIA_UNITY.md (secciones metalicas)', 'results/peso_propio_teorico_EDIFICIO_I_v2.json (objeto)']"
,P1,muro (1 sola planta documentada),sin seccion/espesor/cotas confirmados,,3.05,,,,presumible concreto (M.H.A.),espesor + cotas + niveles reales,muro documentado en UN solo nivel (o solo CP1S); extent of vertical real entrepisos no documentado o coordenadas no coinciden entre niveles consecutivos,PENDIENTE_TRAMO,ADOPTADA_PARCIAL: confirmar panel solo si coincidencia plena (linea+espesor+posicion+geometria+niveles consecutivos) P2->P3->P4; muro de un solo plano NO se vuelve tramo continuo automaticamente; cajas P4 M_CP4_001..006 mantienen PENDIENTE_TRAMO,"['analisis_estructural/edificio_I/datos/candidatos/*.json', 'analisis_estructural/edificio_I/datos/candidatos/matrices_transformacion_unity.json', 'analisis_estructural/edificio_I/resultados/modelo_estructural/columnas_tramos_ei.json', 'viewer_unity/REPORTE_QA_GEOMETRIA_UNITY.md (secciones metalicas)', 'results/peso_propio_teorico_EDIFICIO_I_v2.json (objeto)']"
,P2,muro (1 sola planta documentada),sin seccion/espesor/cotas confirmados,,1.679,,,,presumible concreto (M.H.A.),espesor + cotas + niveles reales,muro documentado en UN solo nivel (o solo CP1S); extent of vertical real entrepisos no documentado o coordenadas no coinciden entre niveles consecutivos,PENDIENTE_TRAMO,ADOPTADA_PARCIAL: confirmar panel solo si coincidencia plena (linea+espesor+posicion+geometria+niveles consecutivos) P2->P3->P4; muro de un solo plano NO se vuelve tramo continuo automaticamente; cajas P4 M_CP4_001..006 mantienen PENDIENTE_TRAMO,"['analisis_estructural/edificio_I/datos/candidatos/*.json', 'analisis_estructural/edificio_I/datos/candidatos/matrices_transformacion_unity.json', 'analisis_estructural/edificio_I/resultados/modelo_estructural/columnas_tramos_ei.json', 'viewer_unity/REPORTE_QA_GEOMETRIA_UNITY.md (secciones metalicas)', 'results/peso_propio_teorico_EDIFICIO_I_v2.json (objeto)']"
,P2,muro (1 sola planta documentada),sin seccion/espesor/cotas confirmados,,1.679,,,,presumible concreto (M.H.A.),espesor + cotas + niveles reales,muro documentado en UN solo nivel (o solo CP1S); extent of vertical real entrepisos no documentado o coordenadas no coinciden entre niveles consecutivos,PENDIENTE_TRAMO,ADOPTADA_PARCIAL: confirmar panel solo si coincidencia plena (linea+espesor+posicion+geometria+niveles consecutivos) P2->P3->P4; muro de un solo plano NO se vuelve tramo continuo automaticamente; cajas P4 M_CP4_001..006 mantienen PENDIENTE_TRAMO,"['analisis_estructural/edificio_I/datos/candidatos/*.json', 'analisis_estructural/edificio_I/datos/candidatos/matrices_transformacion_unity.json', 'analisis_estructural/edificio_I/resultados/modelo_estructural/columnas_tramos_ei.json', 'viewer_unity/REPORTE_QA_GEOMETRIA_UNITY.md (secciones metalicas)', 'results/peso_propio_teorico_EDIFICIO_I_v2.json (objeto)']"
,P3,muro (1 sola planta documentada),sin seccion/espesor/cotas confirmados,,1.479,,,,presumible concreto (M.H.A.),espesor + cotas + niveles reales,muro documentado en UN solo nivel (o solo CP1S); extent of vertical real entrepisos no documentado o coordenadas no coinciden entre niveles consecutivos,PENDIENTE_TRAMO,ADOPTADA_PARCIAL: confirmar panel solo si coincidencia plena (linea+espesor+posicion+geometria+niveles consecutivos) P2->P3->P4; muro de un solo plano NO se vuelve tramo continuo automaticamente; cajas P4 M_CP4_001..006 mantienen PENDIENTE_TRAMO,"['analisis_estructural/edificio_I/datos/candidatos/*.json', 'analisis_estructural/edificio_I/datos/candidatos/matrices_transformacion_unity.json', 'analisis_estructural/edificio_I/resultados/modelo_estructural/columnas_tramos_ei.json', 'viewer_unity/REPORTE_QA_GEOMETRIA_UNITY.md (secciones metalicas)', 'results/peso_propio_teorico_EDIFICIO_I_v2.json (objeto)']"
,P3,muro (1 sola planta documentada),sin seccion/espesor/cotas confirmados,,1.479,,,,presumible concreto (M.H.A.),espesor + cotas + niveles reales,muro documentado en UN solo nivel (o solo CP1S); extent of vertical real entrepisos no documentado o coordenadas no coinciden entre niveles consecutivos,PENDIENTE_TRAMO,ADOPTADA_PARCIAL: confirmar panel solo si coincidencia plena (linea+espesor+posicion+geometria+niveles consecutivos) P2->P3->P4; muro de un solo plano NO se vuelve tramo continuo automaticamente; cajas P4 M_CP4_001..006 mantienen PENDIENTE_TRAMO,"['analisis_estructural/edificio_I/datos/candidatos/*.json', 'analisis_estructural/edificio_I/datos/candidatos/matrices_transformacion_unity.json', 'analisis_estructural/edificio_I/resultados/modelo_estructural/columnas_tramos_ei.json', 'viewer_unity/REPORTE_QA_GEOMETRIA_UNITY.md (secciones metalicas)', 'results/peso_propio_teorico_EDIFICIO_I_v2.json (objeto)']"
,P4,muro (1 sola planta documentada),sin seccion/espesor/cotas confirmados,,6.8,,,,presumible concreto (M.H.A.),espesor + cotas + niveles reales,muro documentado en UN solo nivel (o solo CP1S); extent of vertical real entrepisos no documentado o coordenadas no coinciden entre niveles consecutivos,PENDIENTE_TRAMO,ADOPTADA_PARCIAL: confirmar panel solo si coincidencia plena (linea+espesor+posicion+geometria+niveles consecutivos) P2->P3->P4; muro de un solo plano NO se vuelve tramo continuo automaticamente; cajas P4 M_CP4_001..006 mantienen PENDIENTE_TRAMO,"['analisis_estructural/edificio_I/datos/candidatos/*.json', 'analisis_estructural/edificio_I/datos/candidatos/matrices_transformacion_unity.json', 'analisis_estructural/edificio_I/resultados/modelo_estructural/columnas_tramos_ei.json', 'viewer_unity/REPORTE_QA_GEOMETRIA_UNITY.md (secciones metalicas)', 'results/peso_propio_teorico_EDIFICIO_I_v2.json (objeto)']"
,P4,muro (1 sola planta documentada),sin seccion/espesor/cotas confirmados,,2.15,,,,presumible concreto (M.H.A.),espesor + cotas + niveles reales,muro documentado en UN solo nivel (o solo CP1S); extent of vertical real entrepisos no documentado o coordenadas no coinciden entre niveles consecutivos,PENDIENTE_TRAMO,ADOPTADA_PARCIAL: confirmar panel solo si coincidencia plena (linea+espesor+posicion+geometria+niveles consecutivos) P2->P3->P4; muro de un solo plano NO se vuelve tramo continuo automaticamente; cajas P4 M_CP4_001..006 mantienen PENDIENTE_TRAMO,"['analisis_estructural/edificio_I/datos/candidatos/*.json', 'analisis_estructural/edificio_I/datos/candidatos/matrices_transformacion_unity.json', 'analisis_estructural/edificio_I/resultados/modelo_estructural/columnas_tramos_ei.json', 'viewer_unity/REPORTE_QA_GEOMETRIA_UNITY.md (secciones metalicas)', 'results/peso_propio_teorico_EDIFICIO_I_v2.json (objeto)']"
,P4,muro (1 sola planta documentada),sin seccion/espesor/cotas confirmados,,2.15,,,,presumible concreto (M.H.A.),espesor + cotas + niveles reales,muro documentado en UN solo nivel (o solo CP1S); extent of vertical real entrepisos no documentado o coordenadas no coinciden entre niveles consecutivos,PENDIENTE_TRAMO,ADOPTADA_PARCIAL: confirmar panel solo si coincidencia plena (linea+espesor+posicion+geometria+niveles consecutivos) P2->P3->P4; muro de un solo plano NO se vuelve tramo continuo automaticamente; cajas P4 M_CP4_001..006 mantienen PENDIENTE_TRAMO,"['analisis_estructural/edificio_I/datos/candidatos/*.json', 'analisis_estructural/edificio_I/datos/candidatos/matrices_transformacion_unity.json', 'analisis_estructural/edificio_I/resultados/modelo_estructural/columnas_tramos_ei.json', 'viewer_unity/REPORTE_QA_GEOMETRIA_UNITY.md (secciones metalicas)', 'results/peso_propio_teorico_EDIFICIO_I_v2.json (objeto)']"
,P4,muro (1 sola planta documentada),sin seccion/espesor/cotas confirmados,,1.578,,,,presumible concreto (M.H.A.),espesor + cotas + niveles reales,muro documentado en UN solo nivel (o solo CP1S); extent of vertical real entrepisos no documentado o coordenadas no coinciden entre niveles consecutivos,PENDIENTE_TRAMO,ADOPTADA_PARCIAL: confirmar panel solo si coincidencia plena (linea+espesor+posicion+geometria+niveles consecutivos) P2->P3->P4; muro de un solo plano NO se vuelve tramo continuo automaticamente; cajas P4 M_CP4_001..006 mantienen PENDIENTE_TRAMO,"['analisis_estructural/edificio_I/datos/candidatos/*.json', 'analisis_estructural/edificio_I/datos/candidatos/matrices_transformacion_unity.json', 'analisis_estructural/edificio_I/resultados/modelo_estructural/columnas_tramos_ei.json', 'viewer_unity/REPORTE_QA_GEOMETRIA_UNITY.md (secciones metalicas)', 'results/peso_propio_teorico_EDIFICIO_I_v2.json (objeto)']"
,P4,muro (1 sola planta documentada),sin seccion/espesor/cotas confirmados,,1.578,,,,presumible concreto (M.H.A.),espesor + cotas + niveles reales,muro documentado en UN solo nivel (o solo CP1S); extent of vertical real entrepisos no documentado o coordenadas no coinciden entre niveles consecutivos,PENDIENTE_TRAMO,ADOPTADA_PARCIAL: confirmar panel solo si coincidencia plena (linea+espesor+posicion+geometria+niveles consecutivos) P2->P3->P4; muro de un solo plano NO se vuelve tramo continuo automaticamente; cajas P4 M_CP4_001..006 mantienen PENDIENTE_TRAMO,"['analisis_estructural/edificio_I/datos/candidatos/*.json', 'analisis_estructural/edificio_I/datos/candidatos/matrices_transformacion_unity.json', 'analisis_estructural/edificio_I/resultados/modelo_estructural/columnas_tramos_ei.json', 'viewer_unity/REPORTE_QA_GEOMETRIA_UNITY.md (secciones metalicas)', 'results/peso_propio_teorico_EDIFICIO_I_v2.json (objeto)']"
,P4,muro (1 sola planta documentada),sin seccion/espesor/cotas confirmados,,3.45,,,,presumible concreto (M.H.A.),espesor + cotas + niveles reales,muro documentado en UN solo nivel (o solo CP1S); extent of vertical real entrepisos no documentado o coordenadas no coinciden entre niveles consecutivos,PENDIENTE_TRAMO,ADOPTADA_PARCIAL: confirmar panel solo si coincidencia plena (linea+espesor+posicion+geometria+niveles consecutivos) P2->P3->P4; muro de un solo plano NO se vuelve tramo continuo automaticamente; cajas P4 M_CP4_001..006 mantienen PENDIENTE_TRAMO,"['analisis_estructural/edificio_I/datos/candidatos/*.json', 'analisis_estructural/edificio_I/datos/candidatos/matrices_transformacion_unity.json', 'analisis_estructural/edificio_I/resultados/modelo_estructural/columnas_tramos_ei.json', 'viewer_unity/REPORTE_QA_GEOMETRIA_UNITY.md (secciones metalicas)', 'results/peso_propio_teorico_EDIFICIO_I_v2.json (objeto)']"
V_EI_CP1S_x1010_0.700-16.150,CP1S,no viga (muro e=30 eje F),M.H.A. e=30,,15.4502,,,,muro M.H.A. e=30,-,seccion de muro (M.H.A. e=30) en lista de vigas: no es viga,NO_INCLUIDA,ADOPTADA: V_EI_CP1S_x1010 = muro eje F (no viga adicional); no-duplicacion con M_EI_CP1S_003 verificada (masa no sumada dos veces),"['analisis_estructural/edificio_I/datos/candidatos/*.json', 'analisis_estructural/edificio_I/datos/candidatos/matrices_transformacion_unity.json', 'analisis_estructural/edificio_I/resultados/modelo_estructural/columnas_tramos_ei.json', 'viewer_unity/REPORTE_QA_GEOMETRIA_UNITY.md (secciones metalicas)', 'results/peso_propio_teorico_EDIFICIO_I_v2.json (objeto)']"
hyp_base_columnas,P1..base,hipotesis FE base->nivel (columnas),P. 70x70 (FE),,,,,,hormigon,cimentacion no documentada,hipotesis FE base->nivel (z=-4.01); cimentacion no documentada,PENDIENTE_HIPOTESIS_FE,ADOPTADA: sin tramos sinteticos BASE->nivel; solo extremos reales,"['analisis_estructural/edificio_I/datos/candidatos/*.json', 'analisis_estructural/edificio_I/datos/candidatos/matrices_transformacion_unity.json', 'analisis_estructural/edificio_I/resultados/modelo_estructural/columnas_tramos_ei.json', 'viewer_unity/REPORTE_QA_GEOMETRIA_UNITY.md (secciones metalicas)', 'results/peso_propio_teorico_EDIFICIO_I_v2.json (objeto)']"
hyp_base_muros,CP1S..base,hipotesis FE base->nivel (muros),segun FE,,,,,,concreto,cimentacion no documentada,hipotesis FE base->nivel; fuera del total confirmado,PENDIENTE_HIPOTESIS_FE,ADOPTADA: sin tramos sinteticos BASE->nivel; solo extremos reales,"['analisis_estructural/edificio_I/datos/candidatos/*.json', 'analisis_estructural/edificio_I/datos/candidatos/matrices_transformacion_unity.json', 'analisis_estructural/edificio_I/resultados/modelo_estructural/columnas_tramos_ei.json', 'viewer_unity/REPORTE_QA_GEOMETRIA_UNITY.md (secciones metalicas)', 'results/peso_propio_teorico_EDIFICIO_I_v2.json (objeto)']"
M_EI_CP1S_001,sotano (-7.01),muro de contencion del sotano,e=0.2 m (panel 25.25 m),5.050000000000001,,,,,concreto,h real del sotano (hipotesis h=3.0 m),desciende a cimentacion por hipotesis h_sotano=3.0 m; fuera del total confirmado,HIPOTESIS_CIMENTACION,HIPOTESIS_CIMENTACION,"['analisis_estructural/edificio_I/datos/candidatos/*.json', 'analisis_estructural/edificio_I/datos/candidatos/matrices_transformacion_unity.json', 'analisis_estructural/edificio_I/resultados/modelo_estructural/columnas_tramos_ei.json', 'viewer_unity/REPORTE_QA_GEOMETRIA_UNITY.md (secciones metalicas)', 'results/peso_propio_teorico_EDIFICIO_I_v2.json (objeto)']"
M_EI_CP1S_002,sotano (-7.01),muro de contencion del sotano,e=0.3 m (panel 8.30 m),2.4896999999999996,,,,,concreto,h real del sotano (hipotesis h=3.0 m),desciende a cimentacion por hipotesis h_sotano=3.0 m; fuera del total confirmado,HIPOTESIS_CIMENTACION,HIPOTESIS_CIMENTACION,"['analisis_estructural/edificio_I/datos/candidatos/*.json', 'analisis_estructural/edificio_I/datos/candidatos/matrices_transformacion_unity.json', 'analisis_estructural/edificio_I/resultados/modelo_estructural/columnas_tramos_ei.json', 'viewer_unity/REPORTE_QA_GEOMETRIA_UNITY.md (secciones metalicas)', 'results/peso_propio_teorico_EDIFICIO_I_v2.json (objeto)']"
