fuente,nivel,losa_id,area_neta_fe_m2,area_neta_correlacion_m2,intensidad_kgf_m2,intensidad_kN_m2,receptor,pm_adic_aplicada_kN,pp_losa_kN,espesor_losa_m,control_no_doble_conteo
C:\Users\josef\OneDrive\Universidad\10mo Semestre\MCOC\Proyecto 1\P1\analisis_estructural\edificio_I\datos\casos_analisis\correlacion_cargas_validada_5niveles.json,CP1S,L_EI_CP1S_D_INFERIOR_A,74.48,58.8265,259.984089,2.549573,losa FE / tributaria,189.8922,273.8997,0.15,PP de losa y PM.ADIC separados (pp_losa_kN vs pm_adic_kn)
C:\Users\josef\OneDrive\Universidad\10mo Semestre\MCOC\Proyecto 1\P1\analisis_estructural\edificio_I\datos\casos_analisis\correlacion_cargas_validada_5niveles.json,CP1S,L_EI_CP1S_D_INFERIOR_B_SUPERIOR,90.6539,85.4539,259.99574,2.549687,losa FE / tributaria,231.1391,333.3792,0.15,PP de losa y PM.ADIC separados (pp_losa_kN vs pm_adic_kn)
C:\Users\josef\OneDrive\Universidad\10mo Semestre\MCOC\Proyecto 1\P1\analisis_estructural\edificio_I\datos\casos_analisis\correlacion_cargas_validada_5niveles.json,CP1S,L_EI_CP1S_D_SUPERIOR,221.8966,221.8966,300.0,2.941995,losa FE / tributaria,652.8187,816.0234,0.15,PP de losa y PM.ADIC separados (pp_losa_kN vs pm_adic_kn)
C:\Users\josef\OneDrive\Universidad\10mo Semestre\MCOC\Proyecto 1\P1\analisis_estructural\edificio_I\datos\casos_analisis\correlacion_cargas_validada_5niveles.json,P1,L_EI_CP1_D_INF_W_E,1.8125,1.8125,260.0,2.549729,losa FE / tributaria,4.6214,6.6655,0.15,PP de losa y PM.ADIC separados (pp_losa_kN vs pm_adic_kn)
C:\Users\josef\OneDrive\Universidad\10mo Semestre\MCOC\Proyecto 1\P1\analisis_estructural\edificio_I\datos\casos_analisis\correlacion_cargas_validada_5niveles.json,P1,L_EI_CP1_D_INF_E_F,72.5,57.352,260.0,2.549729,losa FE / tributaria,184.8554,266.6183,0.15,PP de losa y PM.ADIC separados (pp_losa_kN vs pm_adic_kn)
C:\Users\josef\OneDrive\Universidad\10mo Semestre\MCOC\Proyecto 1\P1\analisis_estructural\edificio_I\datos\casos_analisis\correlacion_cargas_validada_5niveles.json,P1,L_EI_CP1_D_INF_F_G,72.5,72.5,259.999641,2.549725,losa FE / tributaria,184.8551,266.6183,0.15,PP de losa y PM.ADIC separados (pp_losa_kN vs pm_adic_kn)
C:\Users\josef\OneDrive\Universidad\10mo Semestre\MCOC\Proyecto 1\P1\analisis_estructural\edificio_I\datos\casos_analisis\correlacion_cargas_validada_5niveles.json,P1,L_EI_CP1_D_INF_G_H,72.5,72.5,260.0,2.549729,losa FE / tributaria,184.8554,266.6183,0.15,PP de losa y PM.ADIC separados (pp_losa_kN vs pm_adic_kn)
C:\Users\josef\OneDrive\Universidad\10mo Semestre\MCOC\Proyecto 1\P1\analisis_estructural\edificio_I\datos\casos_analisis\correlacion_cargas_validada_5niveles.json,P1,L_EI_CP1_D_INF_H_I,73.5875,73.5875,260.0,2.549729,losa FE / tributaria,187.6282,270.6176,0.15,PP de losa y PM.ADIC separados (pp_losa_kN vs pm_adic_kn)
C:\Users\josef\OneDrive\Universidad\10mo Semestre\MCOC\Proyecto 1\P1\analisis_estructural\edificio_I\datos\casos_analisis\correlacion_cargas_validada_5niveles.json,P1,L_EI_CP1_D_INF_I_Ip,37.7,37.7,260.0,2.549729,losa FE / tributaria,96.1248,138.6415,0.15,PP de losa y PM.ADIC separados (pp_losa_kN vs pm_adic_kn)
C:\Users\josef\OneDrive\Universidad\10mo Semestre\MCOC\Proyecto 1\P1\analisis_estructural\edificio_I\datos\casos_analisis\correlacion_cargas_validada_5niveles.json,P1,L_EI_CP1_D_MED_W_E,2.225,2.225,260.0,2.549729,losa FE / tributaria,5.6731,8.1824,0.15,PP de losa y PM.ADIC separados (pp_losa_kN vs pm_adic_kn)
C:\Users\josef\OneDrive\Universidad\10mo Semestre\MCOC\Proyecto 1\P1\analisis_estructural\edificio_I\datos\casos_analisis\correlacion_cargas_validada_5niveles.json,P1,L_EI_CP1_D_MED_E_F,89.0,83.8,260.0,2.549729,losa FE / tributaria,226.9259,327.2969,0.15,PP de losa y PM.ADIC separados (pp_losa_kN vs pm_adic_kn)
C:\Users\josef\OneDrive\Universidad\10mo Semestre\MCOC\Proyecto 1\P1\analisis_estructural\edificio_I\datos\casos_analisis\correlacion_cargas_validada_5niveles.json,P1,L_EI_CP1_D_MED_F_G,89.0,89.0,260.0,2.549729,losa FE / tributaria,226.9259,327.2969,0.15,PP de losa y PM.ADIC separados (pp_losa_kN vs pm_adic_kn)
C:\Users\josef\OneDrive\Universidad\10mo Semestre\MCOC\Proyecto 1\P1\analisis_estructural\edificio_I\datos\casos_analisis\correlacion_cargas_validada_5niveles.json,P1,L_EI_CP1_D_MED_G_H,89.0,89.0,260.0,2.549729,losa FE / tributaria,226.9259,327.2969,0.15,PP de losa y PM.ADIC separados (pp_losa_kN vs pm_adic_kn)
C:\Users\josef\OneDrive\Universidad\10mo Semestre\MCOC\Proyecto 1\P1\analisis_estructural\edificio_I\datos\casos_analisis\correlacion_cargas_validada_5niveles.json,P1,L_EI_CP1_D_MED_H_I,92.365,92.365,260.0,2.549729,losa FE / tributaria,235.5057,339.6717,0.15,PP de losa y PM.ADIC separados (pp_losa_kN vs pm_adic_kn)
C:\Users\josef\OneDrive\Universidad\10mo Semestre\MCOC\Proyecto 1\P1\analisis_estructural\edificio_I\datos\casos_analisis\correlacion_cargas_validada_5niveles.json,P1,L_EI_CP1_D_MED_I_Ip,47.32,47.32,260.0,2.549729,losa FE / tributaria,120.6532,174.019,0.15,PP de losa y PM.ADIC separados (pp_losa_kN vs pm_adic_kn)
C:\Users\josef\OneDrive\Universidad\10mo Semestre\MCOC\Proyecto 1\P1\analisis_estructural\edificio_I\datos\casos_analisis\correlacion_cargas_validada_5niveles.json,P1,L_EI_CP1_D_SUP_OESTE_VOL,34.7875,34.7875,218.264147,2.14044,losa FE / tributaria,74.4606,127.9308,0.15,PP de losa y PM.ADIC separados (pp_losa_kN vs pm_adic_kn)
C:\Users\josef\OneDrive\Universidad\10mo Semestre\MCOC\Proyecto 1\P1\analisis_estructural\edificio_I\datos\casos_analisis\correlacion_cargas_validada_5niveles.json,P1,L_EI_CP1_D_VOL_ESTE_OE,79.2228,79.2228,201.726548,1.978262,losa FE / tributaria,156.7234,291.3414,0.15,PP de losa y PM.ADIC separados (pp_losa_kN vs pm_adic_kn)
C:\Users\josef\OneDrive\Universidad\10mo Semestre\MCOC\Proyecto 1\P1\analisis_estructural\edificio_I\datos\casos_analisis\correlacion_cargas_validada_5niveles.json,P1,L_EI_CP1_D_VOL_ESTE_ES,64.168,64.168,159.482577,1.56399,losa FE / tributaria,100.3581,235.9774,0.15,PP de losa y PM.ADIC separados (pp_losa_kN vs pm_adic_kn)
C:\Users\josef\OneDrive\Universidad\10mo Semestre\MCOC\Proyecto 1\P1\analisis_estructural\edificio_I\datos\casos_analisis\correlacion_cargas_validada_5niveles.json,P1,L_EI_CP1_D_ATRIO_ESTE,88.041,73.976,692.259652,6.788748,losa FE / tributaria,597.6881,323.7702,0.15,PP de losa y PM.ADIC separados (pp_losa_kN vs pm_adic_kn)
C:\Users\josef\OneDrive\Universidad\10mo Semestre\MCOC\Proyecto 1\P1\analisis_estructural\edificio_I\datos\casos_analisis\correlacion_cargas_validada_5niveles.json,P2,L_EI_CP2_200,89.0,83.8,259.996587,2.549696,losa FE / tributaria,226.9229,327.2969,0.15,PP de losa y PM.ADIC separados (pp_losa_kN vs pm_adic_kn)
C:\Users\josef\OneDrive\Universidad\10mo Semestre\MCOC\Proyecto 1\P1\analisis_estructural\edificio_I\datos\casos_analisis\correlacion_cargas_validada_5niveles.json,P2,L_EI_CP2_202,72.5,56.84,259.919951,2.548944,losa FE / tributaria,184.7984,266.6183,0.15,PP de losa y PM.ADIC separados (pp_losa_kN vs pm_adic_kn)
C:\Users\josef\OneDrive\Universidad\10mo Semestre\MCOC\Proyecto 1\P1\analisis_estructural\edificio_I\datos\casos_analisis\correlacion_cargas_validada_5niveles.json,P2,L_EI_CP2_204,44.5,44.5,260.0,2.549729,losa FE / tributaria,113.4629,163.6485,0.15,PP de losa y PM.ADIC separados (pp_losa_kN vs pm_adic_kn)
C:\Users\josef\OneDrive\Universidad\10mo Semestre\MCOC\Proyecto 1\P1\analisis_estructural\edificio_I\datos\casos_analisis\correlacion_cargas_validada_5niveles.json,P2,L_EI_CP2_205,44.5,44.5,260.0,2.549729,losa FE / tributaria,113.4629,163.6485,0.15,PP de losa y PM.ADIC separados (pp_losa_kN vs pm_adic_kn)
C:\Users\josef\OneDrive\Universidad\10mo Semestre\MCOC\Proyecto 1\P1\analisis_estructural\edificio_I\datos\casos_analisis\correlacion_cargas_validada_5niveles.json,P2,L_EI_CP2_206,44.5,44.5,260.0,2.549729,losa FE / tributaria,113.4629,163.6485,0.15,PP de losa y PM.ADIC separados (pp_losa_kN vs pm_adic_kn)
C:\Users\josef\OneDrive\Universidad\10mo Semestre\MCOC\Proyecto 1\P1\analisis_estructural\edificio_I\datos\casos_analisis\correlacion_cargas_validada_5niveles.json,P2,L_EI_CP2_207,44.5,44.5,260.0,2.549729,losa FE / tributaria,113.4629,163.6485,0.15,PP de losa y PM.ADIC separados (pp_losa_kN vs pm_adic_kn)
C:\Users\josef\OneDrive\Universidad\10mo Semestre\MCOC\Proyecto 1\P1\analisis_estructural\edificio_I\datos\casos_analisis\correlacion_cargas_validada_5niveles.json,P2,L_EI_CP2_208,44.5,44.5,260.0,2.549729,losa FE / tributaria,113.4629,163.6485,0.15,PP de losa y PM.ADIC separados (pp_losa_kN vs pm_adic_kn)
C:\Users\josef\OneDrive\Universidad\10mo Semestre\MCOC\Proyecto 1\P1\analisis_estructural\edificio_I\datos\casos_analisis\correlacion_cargas_validada_5niveles.json,P2,L_EI_CP2_209,44.5,44.5,260.0,2.549729,losa FE / tributaria,113.4629,163.6485,0.15,PP de losa y PM.ADIC separados (pp_losa_kN vs pm_adic_kn)
C:\Users\josef\OneDrive\Universidad\10mo Semestre\MCOC\Proyecto 1\P1\analisis_estructural\edificio_I\datos\casos_analisis\correlacion_cargas_validada_5niveles.json,P2,L_EI_CP2_210,44.5,44.5,260.0,2.549729,losa FE / tributaria,113.4629,163.6485,0.15,PP de losa y PM.ADIC separados (pp_losa_kN vs pm_adic_kn)
C:\Users\josef\OneDrive\Universidad\10mo Semestre\MCOC\Proyecto 1\P1\analisis_estructural\edificio_I\datos\casos_analisis\correlacion_cargas_validada_5niveles.json,P2,L_EI_CP2_211,36.25,35.53,260.0,2.549729,losa FE / tributaria,92.4277,133.3091,0.15,PP de losa y PM.ADIC separados (pp_losa_kN vs pm_adic_kn)
C:\Users\josef\OneDrive\Universidad\10mo Semestre\MCOC\Proyecto 1\P1\analisis_estructural\edificio_I\datos\casos_analisis\correlacion_cargas_validada_5niveles.json,P2,L_EI_CP2_212,15.95,15.95,260.0,2.549729,losa FE / tributaria,40.6682,58.656,0.15,PP de losa y PM.ADIC separados (pp_losa_kN vs pm_adic_kn)
C:\Users\josef\OneDrive\Universidad\10mo Semestre\MCOC\Proyecto 1\P1\analisis_estructural\edificio_I\datos\casos_analisis\correlacion_cargas_validada_5niveles.json,P2,L_EI_CP2_213,20.3,20.3,260.0,2.549729,losa FE / tributaria,51.7595,74.6531,0.15,PP de losa y PM.ADIC separados (pp_losa_kN vs pm_adic_kn)
C:\Users\josef\OneDrive\Universidad\10mo Semestre\MCOC\Proyecto 1\P1\analisis_estructural\edificio_I\datos\casos_analisis\correlacion_cargas_validada_5niveles.json,P2,L_EI_CP2_214,36.25,36.25,260.0,2.549729,losa FE / tributaria,92.4277,133.3091,0.15,PP de losa y PM.ADIC separados (pp_losa_kN vs pm_adic_kn)
C:\Users\josef\OneDrive\Universidad\10mo Semestre\MCOC\Proyecto 1\P1\analisis_estructural\edificio_I\datos\casos_analisis\correlacion_cargas_validada_5niveles.json,P2,L_EI_CP2_215,36.25,36.25,260.0,2.549729,losa FE / tributaria,92.4277,133.3091,0.15,PP de losa y PM.ADIC separados (pp_losa_kN vs pm_adic_kn)
C:\Users\josef\OneDrive\Universidad\10mo Semestre\MCOC\Proyecto 1\P1\analisis_estructural\edificio_I\datos\casos_analisis\correlacion_cargas_validada_5niveles.json,P2,L_EI_CP2_216,36.25,36.25,260.0,2.549729,losa FE / tributaria,92.4277,133.3091,0.15,PP de losa y PM.ADIC separados (pp_losa_kN vs pm_adic_kn)
C:\Users\josef\OneDrive\Universidad\10mo Semestre\MCOC\Proyecto 1\P1\analisis_estructural\edificio_I\datos\casos_analisis\correlacion_cargas_validada_5niveles.json,P2,L_EI_CP2_217,36.25,36.25,260.0,2.549729,losa FE / tributaria,92.4277,133.3091,0.15,PP de losa y PM.ADIC separados (pp_losa_kN vs pm_adic_kn)
C:\Users\josef\OneDrive\Universidad\10mo Semestre\MCOC\Proyecto 1\P1\analisis_estructural\edificio_I\datos\casos_analisis\correlacion_cargas_validada_5niveles.json,P2,L_EI_CP2_218,36.25,36.25,260.0,2.549729,losa FE / tributaria,92.4277,133.3091,0.15,PP de losa y PM.ADIC separados (pp_losa_kN vs pm_adic_kn)
C:\Users\josef\OneDrive\Universidad\10mo Semestre\MCOC\Proyecto 1\P1\analisis_estructural\edificio_I\datos\casos_analisis\correlacion_cargas_validada_5niveles.json,P2,L_EI_CP2_219,27.504,27.504,260.0,2.549729,losa FE / tributaria,70.1277,101.1458,0.15,PP de losa y PM.ADIC separados (pp_losa_kN vs pm_adic_kn)
C:\Users\josef\OneDrive\Universidad\10mo Semestre\MCOC\Proyecto 1\P1\analisis_estructural\edificio_I\datos\casos_analisis\correlacion_cargas_validada_5niveles.json,P2,L_EI_CP2_220,11.55,11.55,260.0,2.549729,losa FE / tributaria,29.4494,42.4751,0.15,PP de losa y PM.ADIC separados (pp_losa_kN vs pm_adic_kn)
C:\Users\josef\OneDrive\Universidad\10mo Semestre\MCOC\Proyecto 1\P1\analisis_estructural\edificio_I\datos\casos_analisis\correlacion_cargas_validada_5niveles.json,P2,L_EI_CP2_221,11.55,11.55,260.0,2.549729,losa FE / tributaria,29.4494,42.4751,0.15,PP de losa y PM.ADIC separados (pp_losa_kN vs pm_adic_kn)
C:\Users\josef\OneDrive\Universidad\10mo Semestre\MCOC\Proyecto 1\P1\analisis_estructural\edificio_I\datos\casos_analisis\correlacion_cargas_validada_5niveles.json,P2,L_EI_CP2_D_VOLADIZO_EXTERIOR_EJE_1,52.555,52.555,218.218704,2.139994,losa FE / tributaria,112.4674,193.2707,0.15,PP de losa y PM.ADIC separados (pp_losa_kN vs pm_adic_kn)
C:\Users\josef\OneDrive\Universidad\10mo Semestre\MCOC\Proyecto 1\P1\analisis_estructural\edificio_I\datos\casos_analisis\correlacion_cargas_validada_5niveles.json,P2,L_EI_CP2_D_VOLADIZO_EXTERIOR_E,5.6525,5.6525,259.190447,2.54179,losa FE / tributaria,14.3675,20.787,0.15,PP de losa y PM.ADIC separados (pp_losa_kN vs pm_adic_kn)
C:\Users\josef\OneDrive\Universidad\10mo Semestre\MCOC\Proyecto 1\P1\analisis_estructural\edificio_I\datos\casos_analisis\correlacion_cargas_validada_5niveles.json,P2,L_EI_CP2_D_VOLADIZO_EXTERIOR_EJE_3_OESTE,3.255,3.255,260.0,2.549729,losa FE / tributaria,8.2994,11.9702,0.15,PP de losa y PM.ADIC separados (pp_losa_kN vs pm_adic_kn)
C:\Users\josef\OneDrive\Universidad\10mo Semestre\MCOC\Proyecto 1\P1\analisis_estructural\edificio_I\datos\casos_analisis\correlacion_cargas_validada_5niveles.json,P2,L_EI_CP2_D_VOLADIZO_EXTERIOR_EJE_3_ESTE_1,3.255,3.255,260.0,2.549729,losa FE / tributaria,8.2994,11.9702,0.15,PP de losa y PM.ADIC separados (pp_losa_kN vs pm_adic_kn)
C:\Users\josef\OneDrive\Universidad\10mo Semestre\MCOC\Proyecto 1\P1\analisis_estructural\edificio_I\datos\casos_analisis\correlacion_cargas_validada_5niveles.json,P2,L_EI_CP2_D_VOLADIZO_EXTERIOR_EJE_3_ESTE_2,1.505,1.505,260.0,2.549729,losa FE / tributaria,3.8373,5.5346,0.15,PP de losa y PM.ADIC separados (pp_losa_kN vs pm_adic_kn)
C:\Users\josef\OneDrive\Universidad\10mo Semestre\MCOC\Proyecto 1\P1\analisis_estructural\edificio_I\datos\casos_analisis\correlacion_cargas_validada_5niveles.json,P2,L_EI_CP2_D_VOLADIZO_EXTERIOR_IP,5.6525,5.6525,259.967802,2.549413,losa FE / tributaria,14.4106,20.787,0.15,PP de losa y PM.ADIC separados (pp_losa_kN vs pm_adic_kn)
C:\Users\josef\OneDrive\Universidad\10mo Semestre\MCOC\Proyecto 1\P1\analisis_estructural\edificio_I\datos\casos_analisis\correlacion_cargas_validada_5niveles.json,P3,L_EI_CP3_304,44.5,44.5,260.0,2.549729,losa FE / tributaria,113.4629,163.6485,0.15,PP de losa y PM.ADIC separados (pp_losa_kN vs pm_adic_kn)
C:\Users\josef\OneDrive\Universidad\10mo Semestre\MCOC\Proyecto 1\P1\analisis_estructural\edificio_I\datos\casos_analisis\correlacion_cargas_validada_5niveles.json,P3,L_EI_CP3_305,44.5,44.5,260.0,2.549729,losa FE / tributaria,113.4629,163.6485,0.15,PP de losa y PM.ADIC separados (pp_losa_kN vs pm_adic_kn)
C:\Users\josef\OneDrive\Universidad\10mo Semestre\MCOC\Proyecto 1\P1\analisis_estructural\edificio_I\datos\casos_analisis\correlacion_cargas_validada_5niveles.json,P3,L_EI_CP3_306,44.5,44.5,260.0,2.549729,losa FE / tributaria,113.4629,163.6485,0.15,PP de losa y PM.ADIC separados (pp_losa_kN vs pm_adic_kn)
C:\Users\josef\OneDrive\Universidad\10mo Semestre\MCOC\Proyecto 1\P1\analisis_estructural\edificio_I\datos\casos_analisis\correlacion_cargas_validada_5niveles.json,P3,L_EI_CP3_307,44.5,44.5,260.0,2.549729,losa FE / tributaria,113.4629,163.6485,0.15,PP de losa y PM.ADIC separados (pp_losa_kN vs pm_adic_kn)
C:\Users\josef\OneDrive\Universidad\10mo Semestre\MCOC\Proyecto 1\P1\analisis_estructural\edificio_I\datos\casos_analisis\correlacion_cargas_validada_5niveles.json,P3,L_EI_CP3_308,44.5,44.5,260.0,2.549729,losa FE / tributaria,113.4629,163.6485,0.15,PP de losa y PM.ADIC separados (pp_losa_kN vs pm_adic_kn)
C:\Users\josef\OneDrive\Universidad\10mo Semestre\MCOC\Proyecto 1\P1\analisis_estructural\edificio_I\datos\casos_analisis\correlacion_cargas_validada_5niveles.json,P3,L_EI_CP3_309,44.5,44.5,260.0,2.549729,losa FE / tributaria,113.4629,163.6485,0.15,PP de losa y PM.ADIC separados (pp_losa_kN vs pm_adic_kn)
C:\Users\josef\OneDrive\Universidad\10mo Semestre\MCOC\Proyecto 1\P1\analisis_estructural\edificio_I\datos\casos_analisis\correlacion_cargas_validada_5niveles.json,P3,L_EI_CP3_310,44.5,44.5,260.0,2.549729,losa FE / tributaria,113.4629,163.6485,0.15,PP de losa y PM.ADIC separados (pp_losa_kN vs pm_adic_kn)
C:\Users\josef\OneDrive\Universidad\10mo Semestre\MCOC\Proyecto 1\P1\analisis_estructural\edificio_I\datos\casos_analisis\correlacion_cargas_validada_5niveles.json,P3,L_EI_CP3_311,22.25,22.25,260.0,2.549729,losa FE / tributaria,56.7315,65.4594,0.12,PP de losa y PM.ADIC separados (pp_losa_kN vs pm_adic_kn)
C:\Users\josef\OneDrive\Universidad\10mo Semestre\MCOC\Proyecto 1\P1\analisis_estructural\edificio_I\datos\casos_analisis\correlacion_cargas_validada_5niveles.json,P3,L_EI_CP3_312,21.36,21.36,260.0,2.549729,losa FE / tributaria,54.4622,62.841,0.12,PP de losa y PM.ADIC separados (pp_losa_kN vs pm_adic_kn)
C:\Users\josef\OneDrive\Universidad\10mo Semestre\MCOC\Proyecto 1\P1\analisis_estructural\edificio_I\datos\casos_analisis\correlacion_cargas_validada_5niveles.json,P3,L_EI_CP3_313,15.95,15.95,260.0,2.549729,losa FE / tributaria,40.6682,58.656,0.15,PP de losa y PM.ADIC separados (pp_losa_kN vs pm_adic_kn)
C:\Users\josef\OneDrive\Universidad\10mo Semestre\MCOC\Proyecto 1\P1\analisis_estructural\edificio_I\datos\casos_analisis\correlacion_cargas_validada_5niveles.json,P3,L_EI_CP3_314,20.3,20.3,260.0,2.549729,losa FE / tributaria,51.7595,74.6531,0.15,PP de losa y PM.ADIC separados (pp_losa_kN vs pm_adic_kn)
C:\Users\josef\OneDrive\Universidad\10mo Semestre\MCOC\Proyecto 1\P1\analisis_estructural\edificio_I\datos\casos_analisis\correlacion_cargas_validada_5niveles.json,P3,L_EI_CP3_316,36.25,36.25,260.0,2.549729,losa FE / tributaria,92.4277,133.3091,0.15,PP de losa y PM.ADIC separados (pp_losa_kN vs pm_adic_kn)
C:\Users\josef\OneDrive\Universidad\10mo Semestre\MCOC\Proyecto 1\P1\analisis_estructural\edificio_I\datos\casos_analisis\correlacion_cargas_validada_5niveles.json,P3,L_EI_CP3_317,36.25,36.25,260.0,2.549729,losa FE / tributaria,92.4277,133.3091,0.15,PP de losa y PM.ADIC separados (pp_losa_kN vs pm_adic_kn)
C:\Users\josef\OneDrive\Universidad\10mo Semestre\MCOC\Proyecto 1\P1\analisis_estructural\edificio_I\datos\casos_analisis\correlacion_cargas_validada_5niveles.json,P3,L_EI_CP3_318,36.25,36.25,260.0,2.549729,losa FE / tributaria,92.4277,133.3091,0.15,PP de losa y PM.ADIC separados (pp_losa_kN vs pm_adic_kn)
C:\Users\josef\OneDrive\Universidad\10mo Semestre\MCOC\Proyecto 1\P1\analisis_estructural\edificio_I\datos\casos_analisis\correlacion_cargas_validada_5niveles.json,P3,L_EI_CP3_319,36.25,36.25,260.0,2.549729,losa FE / tributaria,92.4277,133.3091,0.15,PP de losa y PM.ADIC separados (pp_losa_kN vs pm_adic_kn)
C:\Users\josef\OneDrive\Universidad\10mo Semestre\MCOC\Proyecto 1\P1\analisis_estructural\edificio_I\datos\casos_analisis\correlacion_cargas_validada_5niveles.json,P3,L_EI_CP3_320,36.25,36.25,260.0,2.549729,losa FE / tributaria,92.4277,133.3091,0.15,PP de losa y PM.ADIC separados (pp_losa_kN vs pm_adic_kn)
C:\Users\josef\OneDrive\Universidad\10mo Semestre\MCOC\Proyecto 1\P1\analisis_estructural\edificio_I\datos\casos_analisis\correlacion_cargas_validada_5niveles.json,P3,L_EI_CP3_321,36.25,36.25,260.0,2.549729,losa FE / tributaria,92.4277,133.3091,0.15,PP de losa y PM.ADIC separados (pp_losa_kN vs pm_adic_kn)
C:\Users\josef\OneDrive\Universidad\10mo Semestre\MCOC\Proyecto 1\P1\analisis_estructural\edificio_I\datos\casos_analisis\correlacion_cargas_validada_5niveles.json,P3,L_EI_CP3_322,18.125,18.125,260.0,2.549729,losa FE / tributaria,46.2138,53.3237,0.12,PP de losa y PM.ADIC separados (pp_losa_kN vs pm_adic_kn)
C:\Users\josef\OneDrive\Universidad\10mo Semestre\MCOC\Proyecto 1\P1\analisis_estructural\edificio_I\datos\casos_analisis\correlacion_cargas_validada_5niveles.json,P3,L_EI_CP3_323,17.4,17.4,260.0,2.549729,losa FE / tributaria,44.3653,51.1907,0.12,PP de losa y PM.ADIC separados (pp_losa_kN vs pm_adic_kn)
C:\Users\josef\OneDrive\Universidad\10mo Semestre\MCOC\Proyecto 1\P1\analisis_estructural\edificio_I\datos\casos_analisis\correlacion_cargas_validada_5niveles.json,P3,L_EI_CP3_300,89.0,83.8,258.13222,2.531412,losa FE / tributaria,225.2957,327.2969,0.15,PP de losa y PM.ADIC separados (pp_losa_kN vs pm_adic_kn)
C:\Users\josef\OneDrive\Universidad\10mo Semestre\MCOC\Proyecto 1\P1\analisis_estructural\edificio_I\datos\casos_analisis\correlacion_cargas_validada_5niveles.json,P3,L_EI_CP3_302,72.5,56.8432,257.074936,2.521044,losa FE / tributaria,182.7757,266.6183,0.15,PP de losa y PM.ADIC separados (pp_losa_kN vs pm_adic_kn)
C:\Users\josef\OneDrive\Universidad\10mo Semestre\MCOC\Proyecto 1\P1\analisis_estructural\edificio_I\datos\casos_analisis\correlacion_cargas_validada_5niveles.json,P3,L_EI_CP3_315,5.082,5.082,260.0,2.549729,losa FE / tributaria,12.9577,18.689,0.15,PP de losa y PM.ADIC separados (pp_losa_kN vs pm_adic_kn)
C:\Users\josef\OneDrive\Universidad\10mo Semestre\MCOC\Proyecto 1\P1\analisis_estructural\edificio_I\datos\casos_analisis\correlacion_cargas_validada_5niveles.json,P3,L_EI_CP3_324,38.2,38.2,260.0,2.549729,losa FE / tributaria,97.3996,140.4803,0.15,PP de losa y PM.ADIC separados (pp_losa_kN vs pm_adic_kn)
C:\Users\josef\OneDrive\Universidad\10mo Semestre\MCOC\Proyecto 1\P1\analisis_estructural\edificio_I\datos\casos_analisis\correlacion_cargas_validada_5niveles.json,P3,L_EI_CP3_D_VOLADIZO_BAJO,59.225,59.225,215.323732,2.111604,losa FE / tributaria,125.0598,217.7996,0.15,PP de losa y PM.ADIC separados (pp_losa_kN vs pm_adic_kn)
C:\Users\josef\OneDrive\Universidad\10mo Semestre\MCOC\Proyecto 1\P1\analisis_estructural\edificio_I\datos\casos_analisis\correlacion_cargas_validada_5niveles.json,P3,L_EI_CP3_D_VOLADIZO_ALTO_OESTE,3.5,3.5,260.0,2.549729,losa FE / tributaria,8.9241,12.8712,0.15,PP de losa y PM.ADIC separados (pp_losa_kN vs pm_adic_kn)
C:\Users\josef\OneDrive\Universidad\10mo Semestre\MCOC\Proyecto 1\P1\analisis_estructural\edificio_I\datos\casos_analisis\correlacion_cargas_validada_5niveles.json,P3,L_EI_CP3_D_VOLADIZO_ALTO_CENTRO,2.5025,2.5025,260.0,2.549729,losa FE / tributaria,6.3807,9.2029,0.15,PP de losa y PM.ADIC separados (pp_losa_kN vs pm_adic_kn)
C:\Users\josef\OneDrive\Universidad\10mo Semestre\MCOC\Proyecto 1\P1\analisis_estructural\edificio_I\datos\casos_analisis\correlacion_cargas_validada_5niveles.json,P3,L_EI_CP3_D_VOLADIZO_ALTO_ESTE,5.005,5.005,260.0,2.549729,losa FE / tributaria,12.7614,18.4059,0.15,PP de losa y PM.ADIC separados (pp_losa_kN vs pm_adic_kn)
C:\Users\josef\OneDrive\Universidad\10mo Semestre\MCOC\Proyecto 1\P1\analisis_estructural\edificio_I\datos\casos_analisis\correlacion_cargas_validada_5niveles.json,P3,L_EI_CP3_D_VOLADIZO_ALTO_LENGUA,7.475,7.475,213.354381,2.092292,losa FE / tributaria,15.6399,27.4893,0.15,PP de losa y PM.ADIC separados (pp_losa_kN vs pm_adic_kn)
C:\Users\josef\OneDrive\Universidad\10mo Semestre\MCOC\Proyecto 1\P1\analisis_estructural\edificio_I\datos\casos_analisis\correlacion_cargas_validada_5niveles.json,P3,L_EI_CP3_D_VOLADIZO_IZQ,5.6525,5.6525,260.0,2.549729,losa FE / tributaria,14.4123,20.787,0.15,PP de losa y PM.ADIC separados (pp_losa_kN vs pm_adic_kn)
C:\Users\josef\OneDrive\Universidad\10mo Semestre\MCOC\Proyecto 1\P1\analisis_estructural\edificio_I\datos\casos_analisis\correlacion_cargas_validada_5niveles.json,P4,L_EI_CP4_407,44.5,41.0044,200.0,1.96133,losa FE / tributaria,87.2792,163.6485,0.15,PP de losa y PM.ADIC separados (pp_losa_kN vs pm_adic_kn)
C:\Users\josef\OneDrive\Universidad\10mo Semestre\MCOC\Proyecto 1\P1\analisis_estructural\edificio_I\datos\casos_analisis\correlacion_cargas_validada_5niveles.json,P4,L_EI_CP4_417,36.25,32.9227,323.627467,3.173701,losa FE / tributaria,115.0467,133.3091,0.15,PP de losa y PM.ADIC separados (pp_losa_kN vs pm_adic_kn)
C:\Users\josef\OneDrive\Universidad\10mo Semestre\MCOC\Proyecto 1\P1\analisis_estructural\edificio_I\datos\casos_analisis\correlacion_cargas_validada_5niveles.json,P4,L_EI_CP4_309,44.5,44.5,200.0,1.96133,losa FE / tributaria,87.2792,163.6485,0.15,PP de losa y PM.ADIC separados (pp_losa_kN vs pm_adic_kn)
C:\Users\josef\OneDrive\Universidad\10mo Semestre\MCOC\Proyecto 1\P1\analisis_estructural\edificio_I\datos\casos_analisis\correlacion_cargas_validada_5niveles.json,P4,L_EI_CP4_418,36.25,36.25,326.062207,3.197578,losa FE / tributaria,115.9122,133.3091,0.15,PP de losa y PM.ADIC separados (pp_losa_kN vs pm_adic_kn)
C:\Users\josef\OneDrive\Universidad\10mo Semestre\MCOC\Proyecto 1\P1\analisis_estructural\edificio_I\datos\casos_analisis\correlacion_cargas_validada_5niveles.json,P4,L_EI_CP4_410,44.5,40.9379,200.0,1.96133,losa FE / tributaria,87.2792,163.6485,0.15,PP de losa y PM.ADIC separados (pp_losa_kN vs pm_adic_kn)
C:\Users\josef\OneDrive\Universidad\10mo Semestre\MCOC\Proyecto 1\P1\analisis_estructural\edificio_I\datos\casos_analisis\correlacion_cargas_validada_5niveles.json,P4,L_EI_CP4_419,36.25,32.9049,196.390203,1.92593,losa FE / tributaria,69.815,133.3091,0.15,PP de losa y PM.ADIC separados (pp_losa_kN vs pm_adic_kn)
C:\Users\josef\OneDrive\Universidad\10mo Semestre\MCOC\Proyecto 1\P1\analisis_estructural\edificio_I\datos\casos_analisis\correlacion_cargas_validada_5niveles.json,P4,L_EI_CP4_411,44.5,40.8412,200.0,1.96133,losa FE / tributaria,87.2792,163.6485,0.15,PP de losa y PM.ADIC separados (pp_losa_kN vs pm_adic_kn)
C:\Users\josef\OneDrive\Universidad\10mo Semestre\MCOC\Proyecto 1\P1\analisis_estructural\edificio_I\datos\casos_analisis\correlacion_cargas_validada_5niveles.json,P4,L_EI_CP4_420,36.25,32.7369,196.371678,1.925748,losa FE / tributaria,69.8084,133.3091,0.15,PP de losa y PM.ADIC separados (pp_losa_kN vs pm_adic_kn)
C:\Users\josef\OneDrive\Universidad\10mo Semestre\MCOC\Proyecto 1\P1\analisis_estructural\edificio_I\datos\casos_analisis\correlacion_cargas_validada_5niveles.json,P4,L_EI_CP4_412,44.5,40.8109,200.0,1.96133,losa FE / tributaria,87.2792,163.6485,0.15,PP de losa y PM.ADIC separados (pp_losa_kN vs pm_adic_kn)
C:\Users\josef\OneDrive\Universidad\10mo Semestre\MCOC\Proyecto 1\P1\analisis_estructural\edificio_I\datos\casos_analisis\correlacion_cargas_validada_5niveles.json,P4,L_EI_CP4_421,36.25,32.7369,196.371678,1.925748,losa FE / tributaria,69.8084,133.3091,0.15,PP de losa y PM.ADIC separados (pp_losa_kN vs pm_adic_kn)
C:\Users\josef\OneDrive\Universidad\10mo Semestre\MCOC\Proyecto 1\P1\analisis_estructural\edificio_I\datos\casos_analisis\correlacion_cargas_validada_5niveles.json,P4,L_EI_CP4_413,44.5,40.8089,200.0,1.96133,losa FE / tributaria,87.2792,163.6485,0.15,PP de losa y PM.ADIC separados (pp_losa_kN vs pm_adic_kn)
C:\Users\josef\OneDrive\Universidad\10mo Semestre\MCOC\Proyecto 1\P1\analisis_estructural\edificio_I\datos\casos_analisis\correlacion_cargas_validada_5niveles.json,P4,L_EI_CP4_422,36.25,32.7369,196.371678,1.925748,losa FE / tributaria,69.8084,133.3091,0.15,PP de losa y PM.ADIC separados (pp_losa_kN vs pm_adic_kn)
C:\Users\josef\OneDrive\Universidad\10mo Semestre\MCOC\Proyecto 1\P1\analisis_estructural\edificio_I\datos\casos_analisis\correlacion_cargas_validada_5niveles.json,P4,L_EI_CP4_414,44.5,40.8358,200.0,1.96133,losa FE / tributaria,87.2792,163.6485,0.15,PP de losa y PM.ADIC separados (pp_losa_kN vs pm_adic_kn)
C:\Users\josef\OneDrive\Universidad\10mo Semestre\MCOC\Proyecto 1\P1\analisis_estructural\edificio_I\datos\casos_analisis\correlacion_cargas_validada_5niveles.json,P4,L_EI_CP4_423,36.25,32.7262,196.624112,1.928224,losa FE / tributaria,69.8981,133.3091,0.15,PP de losa y PM.ADIC separados (pp_losa_kN vs pm_adic_kn)
C:\Users\josef\OneDrive\Universidad\10mo Semestre\MCOC\Proyecto 1\P1\analisis_estructural\edificio_I\datos\casos_analisis\correlacion_cargas_validada_5niveles.json,P4,L_EI_CP4_415,22.25,22.25,200.0,1.96133,losa FE / tributaria,43.6396,65.4594,0.12,PP de losa y PM.ADIC separados (pp_losa_kN vs pm_adic_kn)
C:\Users\josef\OneDrive\Universidad\10mo Semestre\MCOC\Proyecto 1\P1\analisis_estructural\edificio_I\datos\casos_analisis\correlacion_cargas_validada_5niveles.json,P4,L_EI_CP4_424,18.125,18.125,200.0,1.96133,losa FE / tributaria,35.5491,66.6546,0.15,PP de losa y PM.ADIC separados (pp_losa_kN vs pm_adic_kn)
C:\Users\josef\OneDrive\Universidad\10mo Semestre\MCOC\Proyecto 1\P1\analisis_estructural\edificio_I\datos\casos_analisis\correlacion_cargas_validada_5niveles.json,P4,L_EI_CP4_416,21.36,21.36,200.0,1.96133,losa FE / tributaria,41.894,62.841,0.12,PP de losa y PM.ADIC separados (pp_losa_kN vs pm_adic_kn)
C:\Users\josef\OneDrive\Universidad\10mo Semestre\MCOC\Proyecto 1\P1\analisis_estructural\edificio_I\datos\casos_analisis\correlacion_cargas_validada_5niveles.json,P4,L_EI_CP4_425,17.4,17.4,200.0,1.96133,losa FE / tributaria,34.1271,51.1907,0.12,PP de losa y PM.ADIC separados (pp_losa_kN vs pm_adic_kn)
C:\Users\josef\OneDrive\Universidad\10mo Semestre\MCOC\Proyecto 1\P1\analisis_estructural\edificio_I\datos\casos_analisis\correlacion_cargas_validada_5niveles.json,P4,L_EI_CP4_400,89.0,89.0,200.0,1.96133,losa FE / tributaria,174.5584,327.2969,0.15,PP de losa y PM.ADIC separados (pp_losa_kN vs pm_adic_kn)
C:\Users\josef\OneDrive\Universidad\10mo Semestre\MCOC\Proyecto 1\P1\analisis_estructural\edificio_I\datos\casos_analisis\correlacion_cargas_validada_5niveles.json,P4,L_EI_CP4_404,72.5,72.0578,199.884537,1.960198,losa FE / tributaria,142.1143,266.6183,0.15,PP de losa y PM.ADIC separados (pp_losa_kN vs pm_adic_kn)
C:\Users\josef\OneDrive\Universidad\10mo Semestre\MCOC\Proyecto 1\P1\analisis_estructural\edificio_I\datos\casos_analisis\correlacion_cargas_validada_5niveles.json,P4,L_EI_CP4_426,35.2,35.2,197.080114,1.932696,losa FE / tributaria,68.0309,103.5582,0.12,PP de losa y PM.ADIC separados (pp_losa_kN vs pm_adic_kn)
C:\Users\josef\OneDrive\Universidad\10mo Semestre\MCOC\Proyecto 1\P1\analisis_estructural\edificio_I\datos\casos_analisis\correlacion_cargas_validada_5niveles.json,P4,L_EI_CP4_D_VOLADIZO_BAJO,49.955,49.955,199.715744,1.958542,losa FE / tributaria,97.839,183.7092,0.15,PP de losa y PM.ADIC separados (pp_losa_kN vs pm_adic_kn)
C:\Users\josef\OneDrive\Universidad\10mo Semestre\MCOC\Proyecto 1\P1\analisis_estructural\edificio_I\datos\casos_analisis\correlacion_cargas_validada_5niveles.json,P4,L_EI_CP4_D_VOLADIZO_ALTO_OESTE,10.6,10.6,100.0,0.980665,losa FE / tributaria,10.395,38.9814,0.15,PP de losa y PM.ADIC separados (pp_losa_kN vs pm_adic_kn)
C:\Users\josef\OneDrive\Universidad\10mo Semestre\MCOC\Proyecto 1\P1\analisis_estructural\edificio_I\datos\casos_analisis\correlacion_cargas_validada_5niveles.json,P4,L_EI_CP4_D_VOLADIZO_ALTO_ESTE,27.664,27.664,62.497108,0.612887,losa FE / tributaria,16.9549,101.7342,0.15,PP de losa y PM.ADIC separados (pp_losa_kN vs pm_adic_kn)
C:\Users\josef\OneDrive\Universidad\10mo Semestre\MCOC\Proyecto 1\P1\analisis_estructural\edificio_I\datos\casos_analisis\correlacion_cargas_validada_5niveles.json,P4,L_EI_CP4_D_VOLADIZO_IZQ,5.6525,5.6525,199.83724,1.959734,losa FE / tributaria,11.0774,20.787,0.15,PP de losa y PM.ADIC separados (pp_losa_kN vs pm_adic_kn)
