nodo,direccion,valor_kN
600000,comp_0,10.867231
600000,comp_1,-105.617996
600000,comp_2,340.188419
600000,comp_3,385.605039
600000,comp_4,41.89384
600000,comp_5,4.285262
600001,comp_0,3.255186
600001,comp_1,-111.381912
600001,comp_2,611.28904
600001,comp_3,393.213408
600001,comp_4,27.463052
600001,comp_5,4.285262
600002,comp_0,-0.314295
600002,comp_1,-111.086057
600002,comp_2,1492.384238
600002,comp_3,391.560374
600002,comp_4,3.981429
600002,comp_5,4.265402
600003,comp_0,0.086746
600003,comp_1,-105.076366
600003,comp_2,339.605905
600003,comp_3,383.627581
600003,comp_4,0.142911
600003,comp_5,4.265402
600004,comp_0,-10.336367
600004,comp_1,-6.881534
600004,comp_2,102.410742
600004,comp_3,23.993207
600004,comp_4,-12.022024
600004,comp_5,0.262888
600006,comp_0,0.0
600006,comp_1,0.0
600006,comp_2,10.330817
600006,comp_3,0.0
600006,comp_4,0.0
600006,comp_5,0.0
600007,comp_0,0.0
600007,comp_1,0.0
600007,comp_2,12.752828
600007,comp_3,0.0
600007,comp_4,0.0
600007,comp_5,0.0
600009,comp_0,-11.997404
600009,comp_1,-6.541417
600009,comp_2,104.334025
600009,comp_3,23.544253
600009,comp_4,-15.747228
600009,comp_5,0.262888
600010,comp_0,-22.3246
600010,comp_1,-5.614338
600010,comp_2,176.843139
600010,comp_3,21.531514
600010,comp_4,-27.846492
600010,comp_5,0.262888
600011,comp_0,-14.142078
600011,comp_1,-5.954455
600011,comp_2,165.211282
600011,comp_3,21.980468
600011,comp_4,-18.578198
600011,comp_5,0.262888
600017,comp_0,6.147958
600017,comp_1,-19.287846
600017,comp_2,1758.338513
600017,comp_3,52.944473
600017,comp_4,17.667766
600017,comp_5,2.121288
600022,comp_0,15.047328
600022,comp_1,-14.880904
600022,comp_2,3099.106625
600022,comp_3,38.556449
600022,comp_4,39.585689
600022,comp_5,2.121288
600023,comp_0,8.680541
600023,comp_1,-19.42454
600023,comp_2,2941.156335
600023,comp_3,44.554048
600023,comp_4,21.010775
600023,comp_5,2.121288
600024,comp_0,-1.629532
600024,comp_1,-15.725003
600024,comp_2,2554.703998
600024,comp_3,39.670659
600024,comp_4,-0.883687
600024,comp_5,2.121288
600028,comp_0,25.424663
600028,comp_1,-2.505855
600028,comp_2,1889.018328
600028,comp_3,10.793569
600028,comp_4,53.283772
600028,comp_5,2.121288
600029,comp_0,36.682615
600029,comp_1,-7.902185
600029,comp_2,2668.513235
600029,comp_3,17.916724
600029,comp_4,57.973513
600029,comp_5,2.121288
600030,comp_0,16.418893
600030,comp_1,-9.881053
600030,comp_2,2246.058421
600030,comp_3,20.528831
600030,comp_4,22.940234
600030,comp_5,2.121288
600034,comp_0,0.937011
600034,comp_1,-2.379682
600034,comp_2,695.770811
600034,comp_3,-0.258881
600034,comp_4,3.629625
600034,comp_5,1.432502
600035,comp_0,0.486152
600035,comp_1,-2.454042
600035,comp_2,762.726136
600035,comp_3,-0.772082
600035,comp_4,1.868569
600035,comp_5,1.65292
600037,comp_0,7.783614
600037,comp_1,0.363603
600037,comp_2,538.649736
600037,comp_3,-4.42193
600037,comp_4,29.997587
600037,comp_5,2.121288
600038,comp_0,0.0
600038,comp_1,0.0
600038,comp_2,44.302103
600038,comp_3,0.0
600038,comp_4,0.0
600038,comp_5,0.0
600040,comp_0,1.381344
600040,comp_1,40.39188
600040,comp_2,70.387159
600040,comp_3,-159.951844
600040,comp_4,5.470123
600040,comp_5,12.059924
600041,comp_0,0.961673
600041,comp_1,1.378205
600041,comp_2,149.12369
600041,comp_3,-13.955139
600041,comp_4,3.662178
600041,comp_5,1.432502
600042,comp_0,0.974275
600042,comp_1,8.869498
600042,comp_2,212.860476
600042,comp_3,-118.342301
600042,comp_4,3.681908
600042,comp_5,12.059924
600043,comp_0,1.0234
600043,comp_1,30.365511
600043,comp_2,584.724993
600043,comp_3,-314.691874
600043,comp_4,3.925397
600043,comp_5,30.950015
600044,comp_0,0.102804
600044,comp_1,30.365511
600044,comp_2,536.692891
600044,comp_3,-314.691874
600044,comp_4,0.360062
600044,comp_5,30.950015
601000,comp_0,-9.232595
601000,comp_1,93.725081
601000,comp_2,-0.0
601000,comp_3,0.0
601000,comp_4,-0.0
601000,comp_5,1.618859
601001,comp_0,-12.753229
601001,comp_1,91.521424
601001,comp_2,-0.0
601001,comp_3,-0.0
601001,comp_4,-38.607785
601001,comp_5,1.618859
601002,comp_0,-1.098859
601002,comp_1,90.714565
601002,comp_2,-179.106386
601002,comp_3,1.740995
601002,comp_4,-9.862998
601002,comp_5,1.611356
601003,comp_0,0.066885
601003,comp_1,93.244441
601003,comp_2,-0.0
601003,comp_3,0.0
601003,comp_4,-0.0
601003,comp_5,1.611356
601004,comp_0,-2.821921
601004,comp_1,4.694131
601004,comp_2,-0.0
601004,comp_3,3.834924
601004,comp_4,-60.963276
601004,comp_5,0.099312
601005,comp_0,-0.0
601005,comp_1,-3.834924
601005,comp_2,60.963276
601005,comp_3,0.0
601005,comp_4,-20.147669
601005,comp_5,-5.84826
601006,comp_0,0.0
601006,comp_1,0.0
601006,comp_2,19.303893
601006,comp_3,0.0
601006,comp_4,-0.0
601006,comp_5,0.0
601007,comp_0,179.106386
601007,comp_1,-1.740995
601007,comp_2,9.862998
601007,comp_3,-8.196985
601007,comp_4,70.15176
601007,comp_5,-2.91931
601008,comp_0,-0.45004
601008,comp_1,-0.812109
601008,comp_2,77.663435
601008,comp_3,22.457493
601008,comp_4,-155.864005
601008,comp_5,0.875876
601009,comp_0,-10.712954
601009,comp_1,5.623676
601009,comp_2,0.45004
601009,comp_3,0.812109
601009,comp_4,-77.663435
601009,comp_5,0.099312
601010,comp_0,-26.095051
601010,comp_1,6.405483
601010,comp_2,0.0
601010,comp_3,-3.834924
601010,comp_4,-154.981677
601010,comp_5,0.099312
601011,comp_0,-13.189871
601011,comp_1,5.475938
601011,comp_2,-0.45004
601011,comp_3,-0.812109
601011,comp_4,-92.256846
601011,comp_5,0.099312
601012,comp_0,0.0
601012,comp_1,3.834924
601012,comp_2,154.981677
601012,comp_3,0.0
601012,comp_4,-20.147669
601012,comp_5,-5.84826
601013,comp_0,0.0
601013,comp_1,0.0
601013,comp_2,19.303893
601013,comp_3,0.0
601013,comp_4,-0.0
601013,comp_5,0.0
601014,comp_0,-179.106386
601014,comp_1,1.740995
601014,comp_2,33.588808
601014,comp_3,8.196985
601014,comp_4,-33.969899
601014,comp_5,-2.390725
601015,comp_0,0.45004
601015,comp_1,0.812109
601015,comp_2,92.256846
601015,comp_3,-22.457493
601015,comp_4,52.379312
601015,comp_5,-3.352809
601017,comp_0,0.403071
601017,comp_1,6.588152
601017,comp_2,179.106386
601017,comp_3,-1.740995
601017,comp_4,-33.588808
601017,comp_5,0.801367
601022,comp_0,-2.422965
601022,comp_1,4.597028
601022,comp_2,0.0
601022,comp_3,0.0
601022,comp_4,-0.0
601022,comp_5,0.801367
601023,comp_0,2.049345
601023,comp_1,1.719978
601023,comp_2,-0.0
601023,comp_3,-0.0
601023,comp_4,-0.0
601023,comp_5,0.801367
601024,comp_0,-1.182547
601024,comp_1,3.721478
601024,comp_2,-0.0
601024,comp_3,-0.0
601024,comp_4,0.0
601024,comp_5,0.801367
601028,comp_0,3.641803
601028,comp_1,7.49264
601028,comp_2,-0.0
601028,comp_3,-0.0
601028,comp_4,0.0
601028,comp_5,0.801367
601029,comp_0,17.79121
601029,comp_1,3.64262
601029,comp_2,0.0
601029,comp_3,-0.0
601029,comp_4,0.0
601029,comp_5,0.801367
601030,comp_0,9.441513
601030,comp_1,0.473824
601030,comp_2,-0.0
601030,comp_3,-0.0
601030,comp_4,0.0
601030,comp_5,0.801367
601034,comp_0,-0.846348
601034,comp_1,2.930483
601034,comp_2,0.0
601034,comp_3,0.0
601034,comp_4,-0.0
601034,comp_5,0.844848
601035,comp_0,-0.408931
601035,comp_1,3.263188
601035,comp_2,-0.0
601035,comp_3,-0.0
601035,comp_4,-0.0
601035,comp_5,0.62443
601037,comp_0,-6.606409
601037,comp_1,0.022496
601037,comp_2,-0.0
601037,comp_3,0.0
601037,comp_4,-0.0
601037,comp_5,0.801367
601040,comp_0,-1.381344
601040,comp_1,-40.39188
601040,comp_2,0.0
601040,comp_3,0.0
601040,comp_4,-0.0
601040,comp_5,-12.059924
601041,comp_0,-0.863092
601041,comp_1,-0.331102
601041,comp_2,0.0
601041,comp_3,0.0
601041,comp_4,0.0
601041,comp_5,0.541161
601042,comp_0,-0.898134
601042,comp_1,10.052211
601042,comp_2,-0.0
601042,comp_3,0.0
601042,comp_4,-0.0
601042,comp_5,4.555922
601043,comp_0,-0.854872
601043,comp_1,-4.210922
601043,comp_2,0.0
601043,comp_3,-0.0
601043,comp_4,0.0
601043,comp_5,11.6921
601044,comp_0,-0.060725
601044,comp_1,-4.210922
601044,comp_2,-0.0
601044,comp_3,-0.0
601044,comp_4,0.0
601044,comp_5,11.6921
602000,comp_0,-1.737384
602000,comp_1,24.752145
602000,comp_2,-0.0
602000,comp_3,0.0
602000,comp_4,0.0
602000,comp_5,-1.586794
602001,comp_0,1.823301
602001,comp_1,29.917111
602001,comp_2,0.0
602001,comp_3,0.0
602001,comp_4,-38.607785
602001,comp_5,-1.586794
602002,comp_0,0.534458
602002,comp_1,29.910774
602002,comp_2,-224.253608
602002,comp_3,2.227653
602002,comp_4,-3.018807
602002,comp_5,-1.57944
602003,comp_0,0.848823
602003,comp_1,24.625211
602003,comp_2,0.0
602003,comp_3,-0.0
602003,comp_4,-0.0
602003,comp_5,-1.57944
602004,comp_0,18.307969
602004,comp_1,0.884738
602004,comp_2,0.0
602004,comp_3,7.298823
602004,comp_4,-16.710771
602004,comp_5,-0.097345
602005,comp_0,0.0
602005,comp_1,-7.298823
602005,comp_2,16.710771
602005,comp_3,0.0
602005,comp_4,48.804693
602005,comp_5,-11.130706
602006,comp_0,0.0
602006,comp_1,0.0
602006,comp_2,19.303893
602006,comp_3,0.0
602006,comp_4,-0.0
602006,comp_5,0.0
602007,comp_0,224.253608
602007,comp_1,-2.227653
602007,comp_2,3.018807
602007,comp_3,-19.341481
602007,comp_4,141.478415
602007,comp_5,-4.025599
602008,comp_0,0.51459
602008,comp_1,-0.515004
602008,comp_2,78.704378
602008,comp_3,52.990359
602008,comp_4,-284.818929
602008,comp_5,4.242047
602009,comp_0,7.244298
602009,comp_1,1.625583
602009,comp_2,-0.51459
602009,comp_3,0.515004
602009,comp_4,-78.704378
602009,comp_5,-0.097345
602010,comp_0,0.606982
602010,comp_1,2.041255
602010,comp_2,-0.0
602010,comp_3,-7.298823
602010,comp_4,-194.607133
602010,comp_5,-0.097345
602011,comp_0,6.704877
602011,comp_1,1.30041
602011,comp_2,0.51459
602011,comp_3,-0.515004
602011,comp_4,-98.156476
602011,comp_5,-0.097345
602012,comp_0,-0.0
602012,comp_1,7.298823
602012,comp_2,194.607133
602012,comp_3,0.0
602012,comp_4,48.804693
602012,comp_5,-11.130706
602013,comp_0,0.0
602013,comp_1,0.0
602013,comp_2,19.303893
602013,comp_3,0.0
602013,comp_4,-0.0
602013,comp_5,0.0
602014,comp_0,-224.253608
602014,comp_1,2.227653
602014,comp_2,35.80595
602014,comp_3,19.341481
602014,comp_4,-91.478021
602014,comp_5,-2.768742
602015,comp_0,-0.51459
602015,comp_1,0.515004
602015,comp_2,98.156476
602015,comp_3,-52.990359
602015,comp_4,181.093945
602015,comp_5,-5.812808
602017,comp_0,0.451045
602017,comp_1,8.043059
602017,comp_2,224.253608
602017,comp_3,-2.227653
602017,comp_4,-35.80595
602017,comp_5,-0.785494
602022,comp_0,-5.206028
602022,comp_1,7.143026
602022,comp_2,-0.0
602022,comp_3,0.0
602022,comp_4,-0.0
602022,comp_5,-0.785494
602023,comp_0,1.642196
602023,comp_1,9.841045
602023,comp_2,-0.0
602023,comp_3,-0.0
602023,comp_4,0.0
602023,comp_5,-0.785494
602024,comp_0,4.00318
602024,comp_1,6.882864
602024,comp_2,0.0
602024,comp_3,0.0
602024,comp_4,0.0
602024,comp_5,-0.785494
602028,comp_0,-18.260846
602028,comp_1,2.549131
602028,comp_2,-0.0
602028,comp_3,-0.0
602028,comp_4,0.0
602028,comp_5,-0.785494
602029,comp_0,-31.666101
602029,comp_1,6.276637
602029,comp_2,0.0
602029,comp_3,0.0
602029,comp_4,0.0
602029,comp_5,-0.785494
602030,comp_0,-15.308807
602030,comp_1,5.193697
602030,comp_2,-0.0
602030,comp_3,0.0
602030,comp_4,0.0
602030,comp_5,-0.785494
602034,comp_0,-0.078126
602034,comp_1,0.65236
602034,comp_2,0.0
602034,comp_3,-0.0
602034,comp_4,0.0
602034,comp_5,-0.612061
602035,comp_0,-0.052598
602035,comp_1,0.32603
602035,comp_2,0.0
602035,comp_3,-0.0
602035,comp_4,0.0
602035,comp_5,-0.612061
602036,comp_0,-1.205102
602036,comp_1,-0.164417
602036,comp_2,-0.0
602036,comp_3,0.0
602036,comp_4,-0.0
602036,comp_5,-0.785494
602038,comp_0,-0.116494
602038,comp_1,-0.448676
602038,comp_2,-0.0
602038,comp_3,0.0
602038,comp_4,0.0
602038,comp_5,-0.308375
602039,comp_0,-0.087929
602039,comp_1,-17.080163
602039,comp_2,0.0
602039,comp_3,-0.0
602039,comp_4,0.0
602039,comp_5,-14.950557
602040,comp_0,-0.074084
602040,comp_1,-12.333471
602040,comp_2,0.0
602040,comp_3,0.0
602040,comp_4,-0.0
602040,comp_5,-11.460513
602043,comp_0,0.146891
602043,comp_1,-12.333471
602043,comp_2,0.0
602043,comp_3,0.0
602043,comp_4,-0.0
602043,comp_5,-11.460513
603000,comp_0,-1.717119
603000,comp_1,-5.58256
603000,comp_2,0.0
603000,comp_3,-0.0
603000,comp_4,-0.0
603000,comp_5,-0.855489
603001,comp_0,-9.705226
603001,comp_1,-4.501697
603001,comp_2,-0.0
603001,comp_3,0.0
603001,comp_4,-38.607785
603001,comp_5,-0.855489
603002,comp_0,-1.961436
603002,comp_1,-5.26769
603002,comp_2,-239.82634
603002,comp_3,2.576975
603002,comp_4,-9.139478
603002,comp_5,-0.851524
603003,comp_0,-2.209198
603003,comp_1,-5.553932
603003,comp_2,0.0
603003,comp_3,-0.0
603003,comp_4,0.0
603003,comp_5,-0.851524
603004,comp_0,-15.254099
603004,comp_1,-2.01064
603004,comp_2,-0.0
603004,comp_3,10.596203
603004,comp_4,13.228139
603004,comp_5,-0.052482
603005,comp_0,0.0
603005,comp_1,-10.596203
603005,comp_2,-13.228139
603005,comp_3,0.0
603005,comp_4,93.586254
603005,comp_5,-16.159209
603006,comp_0,0.0
603006,comp_1,-0.0
603006,comp_2,19.303893
603006,comp_3,0.0
603006,comp_4,0.0
603006,comp_5,-0.0
603007,comp_0,239.82634
603007,comp_1,-2.576975
603007,comp_2,9.139478
603007,comp_3,-26.637653
603007,comp_4,169.747066
603007,comp_5,-4.824585
603008,comp_0,0.513568
603008,comp_1,-0.12788
603008,comp_2,77.692232
603008,comp_3,72.979872
603008,comp_4,-358.480756
603008,comp_5,6.962573
603009,comp_0,-18.2691
603009,comp_1,-0.263031
603009,comp_2,-0.513568
603009,comp_3,0.12788
603009,comp_4,-77.692232
603009,comp_5,-0.052482
603010,comp_0,-29.648102
603010,comp_1,1.34716
603010,comp_2,-0.0
603010,comp_3,-10.596203
603010,comp_4,-223.972091
603010,comp_5,-0.052482
603011,comp_0,-18.848877
603011,comp_1,-0.40045
603011,comp_2,0.513568
603011,comp_3,-0.12788
603011,comp_4,-99.168622
603011,comp_5,-0.052482
603012,comp_0,-0.0
603012,comp_1,10.596203
603012,comp_2,223.972091
603012,comp_3,0.0
603012,comp_4,93.586254
603012,comp_5,-16.159209
603013,comp_0,0.0
603013,comp_1,0.0
603013,comp_2,19.303893
603013,comp_3,0.0
603013,comp_4,0.0
603013,comp_5,-0.0
603014,comp_0,-239.82634
603014,comp_1,2.576975
603014,comp_2,29.685279
603014,comp_3,26.637653
603014,comp_4,-138.41472
603014,comp_5,-3.035187
603015,comp_0,-0.513568
603015,comp_1,0.12788
603015,comp_2,99.168622
603015,comp_3,-72.979872
603015,comp_4,257.842817
603015,comp_5,-7.352608
603017,comp_0,1.148671
603017,comp_1,-0.122809
603017,comp_2,239.82634
603017,comp_3,-2.576975
603017,comp_4,-29.685279
603017,comp_5,-0.423484
603022,comp_0,-10.271293
603022,comp_1,0.2108
603022,comp_2,-0.0
603022,comp_3,0.0
603022,comp_4,0.0
603022,comp_5,-0.423484
603023,comp_0,-11.613818
603023,comp_1,1.569883
603023,comp_2,0.0
603023,comp_3,0.0
603023,comp_4,0.0
603023,comp_5,-0.423484
603024,comp_0,-9.369746
603024,comp_1,0.574541
603024,comp_2,0.0
603024,comp_3,-0.0
603024,comp_4,-0.0
603024,comp_5,-0.423484
603028,comp_0,24.669997
603028,comp_1,10.886899
603028,comp_2,-0.0
603028,comp_3,0.0
603028,comp_4,0.0
603028,comp_5,-0.423484
603029,comp_0,84.489764
603029,comp_1,2.895178
603029,comp_2,0.0
603029,comp_3,0.0
603029,comp_4,0.0
603029,comp_5,-0.423484
603030,comp_0,32.163106
603030,comp_1,-6.221477
603030,comp_2,-0.0
603030,comp_3,0.0
603030,comp_4,0.0
603030,comp_5,-0.423484
603034,comp_0,-0.136175
603034,comp_1,-0.512067
603034,comp_2,0.0
603034,comp_3,0.0
603034,comp_4,-0.0
603034,comp_5,-0.329981
603035,comp_0,-0.140756
603035,comp_1,-0.430485
603035,comp_2,-0.0
603035,comp_3,-0.0
603035,comp_4,-0.0
603035,comp_5,-0.329981
603037,comp_0,-1.329879
603037,comp_1,-0.07642
603037,comp_2,-0.0
603037,comp_3,0.0
603037,comp_4,0.0
603037,comp_5,-0.423484
603040,comp_0,-0.099636
603040,comp_1,-0.098139
603040,comp_2,0.0
603040,comp_3,0.0
603040,comp_4,-0.0
603040,comp_5,-0.329981
603041,comp_0,-0.097063
603041,comp_1,-1.589882
603041,comp_2,0.0
603041,comp_3,0.0
603041,comp_4,-0.0
603041,comp_5,-0.329981
603042,comp_0,-0.389556
603042,comp_1,-4.694691
603042,comp_2,-0.0
603042,comp_3,-0.0
603042,comp_4,-0.0
603042,comp_5,-6.178712
603043,comp_0,-0.431901
603043,comp_1,-4.694691
603043,comp_2,-0.0
603043,comp_3,-0.0
603043,comp_4,-0.0
603043,comp_5,-6.178712
604000,comp_0,1.819867
604000,comp_1,-7.27667
604000,comp_2,-0.0
604000,comp_3,-0.0
604000,comp_4,-0.0
604000,comp_5,-3.461838
604001,comp_0,17.379967
604001,comp_1,-5.554926
604001,comp_2,-0.0
604001,comp_3,-0.0
604001,comp_4,-38.574872
604001,comp_5,-3.461838
604002,comp_0,2.840132
604002,comp_1,-4.271591
604002,comp_2,-226.779107
604002,comp_3,3.176191
604002,comp_4,-0.53058
604002,comp_5,-3.445794
604003,comp_0,1.206744
604003,comp_1,-7.239354
604003,comp_2,-0.0
604003,comp_3,-0.0
604003,comp_4,-0.0
604003,comp_5,-3.445794
604004,comp_0,10.104418
604004,comp_1,3.313305
604004,comp_2,0.0
604004,comp_3,8.469075
604004,comp_4,-36.191663
604004,comp_5,-0.212373
604005,comp_0,0.0
604005,comp_1,-8.469075
604005,comp_2,36.191663
604005,comp_3,0.0
604005,comp_4,18.633378
604005,comp_5,-12.915339
604006,comp_0,0.0
604006,comp_1,0.0
604006,comp_2,19.287436
604006,comp_3,0.0
604006,comp_4,0.0
604006,comp_5,0.0
604007,comp_0,226.779107
604007,comp_1,-3.176191
604007,comp_2,0.53058
604007,comp_3,-30.31967
604007,comp_4,206.710641
604007,comp_5,-5.951898
604008,comp_0,1.345165
604008,comp_1,0.025482
604008,comp_2,82.4723
604008,comp_3,83.067589
604008,comp_4,-413.947909
604008,comp_5,8.904517
604009,comp_0,33.735161
604009,comp_1,-0.444811
604009,comp_2,-1.345165
604009,comp_3,-0.025482
604009,comp_4,-82.4723
604009,comp_5,-0.212373
604010,comp_0,77.460771
604010,comp_1,-4.179559
604010,comp_2,0.0
604010,comp_3,-8.469075
604010,comp_4,-174.822663
604010,comp_5,-0.212373
604011,comp_0,39.47595
604011,comp_1,-0.421443
604011,comp_2,1.345165
604011,comp_3,0.025482
604011,comp_4,-94.084977
604011,comp_5,-0.212373
604012,comp_0,-0.0
604012,comp_1,8.469075
604012,comp_2,174.822663
604012,comp_3,0.0
604012,comp_4,18.633378
604012,comp_5,-12.915339
604013,comp_0,0.0
604013,comp_1,-0.0
604013,comp_2,19.287436
604013,comp_3,0.0
604013,comp_4,0.0
604013,comp_5,0.0
604014,comp_0,-226.779107
604014,comp_1,3.176191
604014,comp_2,38.264941
604014,comp_3,30.31967
604014,comp_4,-149.16574
604014,comp_5,-3.735484
604015,comp_0,-1.345165
604015,comp_1,-0.025482
604015,comp_2,94.084977
604015,comp_3,-83.067589
604015,comp_4,297.804853
604015,comp_5,-8.826796
604017,comp_0,-8.150745
604017,comp_1,4.779444
604017,comp_2,226.779107
604017,comp_3,-3.176191
604017,comp_4,-38.264941
604017,comp_5,-1.713677
604022,comp_0,2.852959
604022,comp_1,2.930051
604022,comp_2,0.0
604022,comp_3,0.0
604022,comp_4,-0.0
604022,comp_5,-1.713677
604023,comp_0,-0.758264
604023,comp_1,6.293634
604023,comp_2,-0.0
604023,comp_3,0.0
604023,comp_4,-0.0
604023,comp_5,-1.713677
604024,comp_0,8.178646
604024,comp_1,4.54612
604024,comp_2,-0.0
604024,comp_3,0.0
604024,comp_4,-0.0
604024,comp_5,-1.713677
604028,comp_0,-35.475618
604028,comp_1,-18.422815
604028,comp_2,0.0
604028,comp_3,0.0
604028,comp_4,-0.0
604028,comp_5,-1.713677
604029,comp_0,-107.297487
604029,comp_1,-4.912249
604029,comp_2,-0.0
604029,comp_3,0.0
604029,comp_4,-0.0
604029,comp_5,-1.713677
604030,comp_0,-42.714705
604030,comp_1,10.43501
604030,comp_2,-0.0
604030,comp_3,0.0
604030,comp_4,-0.0
604030,comp_5,-1.713677
604034,comp_0,0.123638
604034,comp_1,-0.691094
604034,comp_2,-0.0
604034,comp_3,0.0
604034,comp_4,-0.0
604034,comp_5,-1.335307
604035,comp_0,0.116134
604035,comp_1,-0.704691
604035,comp_2,0.0
604035,comp_3,0.0
604035,comp_4,-0.0
604035,comp_5,-1.335307
604037,comp_0,1.357775
604037,comp_1,-0.145263
604037,comp_2,0.0
604037,comp_3,0.0
604037,comp_4,-0.0
604037,comp_5,-1.713677
604040,comp_0,0.117548
604040,comp_1,-0.500289
604040,comp_2,-0.0
604040,comp_3,0.0
604040,comp_4,-0.0
604040,comp_5,-1.335307
604041,comp_0,0.108852
604041,comp_1,-0.251665
604041,comp_2,-0.0
604041,comp_3,0.0
604041,comp_4,-0.0
604041,comp_5,-1.335307
604042,comp_0,0.295111
604042,comp_1,-9.126427
604042,comp_2,-0.0
604042,comp_3,0.0
604042,comp_4,-0.0
604042,comp_5,-25.002891
604043,comp_0,0.24293
604043,comp_1,-9.126427
604043,comp_2,-0.0
604043,comp_3,0.0
604043,comp_4,-0.0
604043,comp_5,-25.002891
