tag,Rx_kN,Ry_kN,Rz_kN,Mx_kN_m,My_kN_m,Mz_kN_m
1,18.34345,0.673919,315.555114,-0.922399,19.358487,-0.000767
2,4.471604,3.262557,0.0,-0.0,0.0,-0.033729
5,-51.270279,1.840393,0.0,0.0,-0.0,0.067761
7,28.455225,-5.776869,0.0,-0.0,-0.0,-0.033264
9,-1.126553,-1.234042,1381.242763,1.66024,-1146.049263,-0.000767
10,8.534609,1.549019,-0.0,0.0,-0.0,-0.033729
12,-39.793601,-1.408466,0.0,0.0,0.0,0.067761
14,32.385546,1.093489,-0.0,-0.0,0.0,-0.033264
16,14.302093,-1.858158,259.978942,2.419944,14.030572,-0.000767
17,5.062857,-0.326524,-0.0,0.0,-0.0,-0.033729
19,-49.945597,-4.920486,-0.0,0.0,0.0,0.067761
21,30.580648,7.105169,-0.0,-0.0,0.0,-0.033264
23,-11.683315,-1.077647,2177.221427,1.393803,-20.273164,-0.000767
24,56.864029,1.702041,-0.0,0.0,-0.0,-0.033729
26,84.439276,-2.258292,0.0,0.0,0.0,0.067761
28,-129.61999,1.633898,0.0,0.0,0.0,-0.033264
30,-12.586761,-2.250437,1503.677661,2.941886,-21.462716,-0.000767
31,55.383467,-0.554308,-0.0,0.0,-0.0,-0.033729
33,54.494349,-6.441179,-0.0,0.0,-0.0,0.067761
35,-97.291056,9.245924,0.0,0.0,-0.0,-0.033264
37,-10.505404,0.41339,1609.844888,-0.574366,-18.722001,-0.000767
38,43.451637,3.779137,0.0,0.0,-0.0,-0.033729
40,39.165446,5.084317,-0.0,-0.0,0.0,0.067761
42,-72.111679,-9.276845,0.0,-0.0,-0.0,-0.033264
44,-4.419509,0.375683,1780.152348,-0.520459,-10.688619,-0.000767
45,6.077933,4.676019,0.0,0.0,-0.0,-0.033729
47,-39.564863,7.12341,0.0,0.0,-0.0,0.067761
49,37.906439,-12.175113,-0.0,-0.0,-0.0,-0.033264
51,-25.363192,-1.714174,-0.0,0.0,-0.0,-0.033729
52,-17.046264,-6.671567,0.0,-0.0,0.0,0.067761
54,40.899777,10.499883,-0.0,0.0,0.0,-0.033264
56,1.509679,-2.114143,1734.0923,2.766111,-2.855416,-0.000767
58,-13.778446,0.910545,0.0,0.0,0.0,-0.033729
59,-41.197941,-0.158594,-0.0,-0.0,-0.0,0.067761
61,55.277353,0.063494,0.0,0.0,-0.0,-0.033264
63,-0.300966,-0.815445,2424.65841,1.05183,-5.248464,-0.000767
65,2.72316,-3.003615,-0.0,0.0,-0.0,-0.033729
66,-48.901217,-6.750061,0.0,-0.0,-0.0,0.067761
68,51.963745,11.865733,-0.0,0.0,0.0,-0.033264
70,-5.785688,-2.112057,1616.323233,2.767492,-12.4853,-0.000767
72,6.859645,0.14464,0.0,-0.0,-0.0,-0.033729
73,-21.0421,-0.685657,0.0,-0.0,-0.0,0.067761
75,20.417411,1.049097,-0.0,0.0,-0.0,-0.033264
77,-6.234955,-0.508079,2374.028855,0.650242,-13.08133,-0.000767
79,3.455567,5.217818,-0.0,0.0,0.0,-0.033729
80,-27.291856,12.207524,0.0,-0.0,0.0,0.067761
82,20.881378,-12.330361,-0.0,0.0,0.0,-0.033264
84,2.954911,-5.094981,1767.471212,6.704952,-0.954385,-0.000767
86,-12.438449,-2.216533,0.0,0.0,0.0,-0.033729
87,-120.243915,-5.909681,0.0,0.0,0.0,0.067761
89,137.004568,10.13311,-0.0,0.0,0.0,-0.033264
91,-4.322203,-2.006895,1003.711109,2.632813,-10.5535,-0.000767
93,-27.965572,0.217441,0.0,0.0,-0.0,-0.033729
94,-157.664547,-0.411068,-0.0,-0.0,0.0,0.067761
96,188.818779,0.873492,0.0,-0.0,0.0,-0.033264
98,-3.18866,-0.679865,1699.718764,0.881132,-9.06022,-0.000767
100,-17.203658,3.050929,0.0,0.0,-0.0,-0.033729
101,-140.086276,5.516973,0.0,0.0,-0.0,0.067761
103,154.162413,-9.452289,-0.0,-0.0,0.0,-0.033264
105,3.127521,0.884387,999.698411,-1.18368,-0.72654,-0.000767
107,-26.31868,0.167596,-0.0,-0.0,-0.0,-0.033729
108,175.481028,-7.115717,0.0,-0.0,-0.0,0.067761
110,-149.741992,8.774812,-0.0,0.0,-0.0,-0.033264
112,0.579644,-1.826691,956.856068,2.397009,-4.083062,-0.000767
114,-33.567542,0.161695,0.0,-0.0,-0.0,-0.033729
115,223.688178,-0.669204,-0.0,-0.0,-0.0,0.067761
117,-190.783896,0.867617,0.0,0.0,-0.0,-0.033264
119,0.66326,-0.360108,1453.188237,0.46112,-3.975686,-0.000767
121,-30.361831,1.903157,0.0,-0.0,-0.0,-0.033729
122,182.035377,12.558836,0.0,-0.0,-0.0,0.067761
124,-165.459087,-9.014499,-0.0,-0.0,-0.0,-0.033264
126,13.785541,-5.447493,1170.148101,7.176469,13.342046,-0.000767
128,0.147413,-0.021235,0.0,0.0,0.0,0.003708
129,-0.147413,0.021235,0.0,-0.168178,-1.167507,-0.003708
131,0.16444,-0.013703,0.0,0.0,0.0,0.00014
132,-0.16444,0.013703,0.0,-0.16279,-1.953546,-0.00014
134,0.16441,-0.013703,0.0,0.0,0.0,0.00014
135,-0.16441,0.013703,0.0,-0.16279,-1.953188,-0.00014
137,0.164385,-0.013703,0.0,0.0,0.0,0.00014
138,-0.164385,0.013703,0.0,-0.16279,-1.952891,-0.00014
140,0.16444,-0.013695,0.0,-0.0,0.0,0.00014
141,-0.16444,0.013695,0.0,-0.162695,-1.953546,-0.00014
143,0.16441,-0.013695,0.0,0.0,0.0,0.00014
144,-0.16441,0.013695,0.0,-0.162694,-1.953188,-0.00014
146,0.164385,-0.013694,0.0,-0.0,0.0,0.00014
147,-0.164385,0.013694,0.0,-0.162686,-1.952891,-0.00014
149,0.164379,-0.013792,0.0,0.0,0.0,0.00014
150,-0.164379,0.013792,0.0,-0.163848,-1.952823,-0.00014
152,0.164379,-0.013758,0.0,-0.0,-0.0,0.00014
153,-0.164379,0.013758,0.0,-0.16344,-1.95282,-0.00014
155,0.164444,-0.013698,0.0,0.0,0.0,0.00014
156,-0.164444,0.013698,0.0,-0.162732,-1.953593,-0.00014
158,0.164413,-0.013698,0.0,0.0,0.0,0.00014
159,-0.164413,0.013698,0.0,-0.162727,-1.95323,-0.00014
161,0.164389,-0.013698,0.0,0.0,-0.0,0.00014
162,-0.164389,0.013698,0.0,-0.16273,-1.952936,-0.00014
164,0.164444,-0.013688,0.0,0.0,0.0,0.00014
165,-0.164444,0.013688,0.0,-0.162618,-1.953593,-0.00014
167,0.164412,-0.013688,0.0,0.0,0.0,0.00014
168,-0.164412,0.013688,0.0,-0.162608,-1.953217,-0.00014
170,0.164387,-0.013688,0.0,0.0,-0.0,0.00014
171,-0.164387,0.013688,0.0,-0.162612,-1.952922,-0.00014
173,0.164371,-0.013792,0.0,0.0,0.0,0.00014
174,-0.164371,0.013792,0.0,-0.163843,-1.952724,-0.00014
176,0.164371,-0.013757,0.0,0.0,-0.0,0.00014
177,-0.164371,0.013757,0.0,-0.163435,-1.952726,-0.00014
179,6.047284,18.44511,0.0,-0.0,-0.0,7.882478
180,-6.047284,-18.44511,93.077622,104.85567,-48.806249,-7.882478
182,1.328784,27.032719,0.0,-0.0,-0.0,7.882478
183,-1.328784,-27.032719,234.817152,160.814373,-23.892569,-7.882478
185,3.212469,35.702407,0.0,-0.0,-0.0,7.882478
186,-3.212469,-35.702407,205.006741,227.822588,-33.838428,-7.882478
188,7.278829,33.19337,-0.0,0.0,-0.0,7.882478
189,-7.278829,-33.19337,196.36657,203.958745,-55.308806,-7.882478
191,12.407708,34.979448,0.0,-0.0,0.0,7.882478
192,-12.407708,-34.979448,33.966681,234.621496,-82.389285,-7.882478
194,-9.729112,34.359273,0.0,-0.0,-0.0,7.882478
195,9.729112,-34.359273,249.044039,236.655041,34.493122,-7.882478
197,4.782664,-43.91784,-0.0,0.0,0.0,7.882478
198,-4.782664,43.91784,561.580877,-224.420709,-32.6807,-7.882478
200,-14.981663,-56.590175,-0.0,0.0,-0.0,7.882478
201,14.981663,56.590175,1248.875278,-280.714508,71.674948,-7.882478
203,5.105509,-62.327741,0.0,-0.0,-0.0,7.882478
204,-5.105509,62.327741,1701.916728,-300.39272,-34.385317,-7.882478
206,0.516236,-55.907861,-0.0,0.0,-0.0,7.882478
207,-0.516236,55.907861,1653.115718,-255.879624,-10.15396,-7.882478
209,23.070529,-41.71658,-0.0,0.0,0.0,7.882478
210,-23.070529,41.71658,811.948477,-170.333531,-129.240623,-7.882478
212,-40.634752,-38.099875,0.0,0.0,0.0,7.882478
213,40.634752,38.099875,1731.797644,-145.929261,207.123257,-7.882478
215,-0.025423,0.706959,0.0,-0.0,-0.0,7.882478
216,0.025423,-0.706959,0.0,11.198229,0.402696,-7.882478
218,-0.025423,1.712274,0.0,0.0,-0.0,7.882478
219,0.025423,-1.712274,0.0,27.122427,0.402696,-7.882478
221,-0.025423,2.71759,0.0,0.0,-0.0,7.882478
222,0.025423,-2.71759,0.0,43.046624,0.402696,-7.882478
224,-0.025423,3.722905,0.0,0.0,-0.0,7.882478
225,0.025423,-3.722905,0.0,58.970821,0.402696,-7.882478
227,-0.025423,4.728221,0.0,0.0,-0.0,7.882478
228,0.025423,-4.728221,0.0,74.895019,0.402696,-7.882478
230,-0.025423,5.230879,0.0,-0.0,-0.0,7.882478
231,0.025423,-5.230879,0.0,82.857117,0.402696,-7.882478
233,0.335853,1.20946,0.0,0.0,-0.0,1.657511
234,-0.335853,-1.20946,0.0,19.157839,-5.319916,-1.657511
236,0.196657,1.273353,0.0,-0.0,-0.0,1.657511
237,-0.196657,-1.273353,0.0,20.169909,-3.115049,-1.657511
239,0.181597,1.346374,0.0,-0.0,-0.0,1.657511
240,-0.181597,-1.346374,0.0,21.326561,-2.87649,-1.657511
242,0.019353,1.349568,0.0,-0.0,-0.0,1.657511
243,-0.019353,-1.349568,0.0,21.377164,-0.306555,-1.657511
245,-0.027882,1.27244,0.0,0.0,-0.0,1.657511
246,0.027882,-1.27244,0.0,20.155451,0.441654,-1.657511
248,-0.112997,0.651078,0.0,-0.0,-0.0,1.657511
249,0.112997,-0.651078,0.0,10.31307,1.789876,-1.657511
251,-0.112997,0.880409,0.0,-0.0,-0.0,1.657511
252,0.112997,-0.880409,0.0,13.945678,1.789876,-1.657511
254,0.38674,1.348884,0.0,-0.0,-0.0,1.657511
255,-0.38674,-1.348884,0.0,21.366321,-6.125958,-1.657511
257,0.0,0.0,194.700474,-0.030346,638.923502,0.0
258,0.0,0.0,897.474833,-0.193904,-749.724204,0.0
259,0.0,0.0,46.577395,0.0,0.0,0.0
260,0.0,0.0,46.577395,0.0,0.0,0.0
261,0.0,0.0,49.55042,0.0,0.0,0.0
262,0.0,0.0,49.55042,0.0,0.0,0.0
263,0.0,0.0,46.749788,0.0,0.0,0.0
264,0.0,0.0,46.749788,0.0,0.0,0.0
265,0.0,0.0,48.314635,0.0,0.0,0.0
266,0.0,0.0,48.314635,0.0,0.0,0.0
267,-4.717697,-2.397122,0.0,-0.0,-0.0,0.074838
268,4.717697,2.397122,459.180413,-17.606483,4.922931,-0.074838
270,-6.03686,-6.557664,-0.0,-0.0,0.0,0.074838
271,6.03686,6.557664,580.168409,-23.098399,6.662431,-0.074838
273,1.76209,-4.783487,0.0,0.0,-0.0,0.13287
274,-1.76209,4.783487,426.807939,-18.942608,-6.977878,-0.13287
276,1.764659,-4.783487,0.0,0.0,0.0,0.13287
277,-1.764659,4.783487,426.807939,-18.942608,-6.988049,-0.13287
279,0.630743,-0.188763,0.0,-0.0,-0.0,0.006104
280,-0.630743,0.188763,102.495548,-0.7475,-2.497742,-0.006104
282,0.63107,-0.188763,0.0,-0.0,-0.0,0.006104
283,-0.63107,0.188763,102.495548,-0.7475,-2.499039,-0.006104
285,0.039423,-0.014077,0.0,0.0,-0.0,0.000381
286,-0.039423,0.014077,358.233626,-0.055745,-0.156114,-0.000381
288,0.039433,-0.014077,0.0,0.0,-0.0,0.000381
289,-0.039433,0.014077,358.233626,-0.055745,-0.156155,-0.000381
291,-0.794526,-0.010628,0.0,-0.0,0.0,0.018923
292,0.499547,-0.0892,0.0,-0.0,-0.0,-0.012368
294,0.294978,0.099828,83.685857,-1.143868,0.35802,-0.006556
296,-0.796976,-0.010628,0.0,-0.0,0.0,0.018923
297,0.500814,-0.0892,0.0,-0.0,0.0,-0.012368
299,0.296162,0.099828,83.685857,-1.143868,0.36238,-0.006556
301,-0.831361,0.036465,-0.0,-0.0,0.0,0.021552
302,0.52272,-0.12738,0.0,-0.0,-0.0,-0.014086
304,0.308641,0.090915,89.886171,-1.224474,0.37446,-0.007466
306,-0.834045,0.036465,-0.0,-0.0,0.0,0.021552
307,0.524108,-0.12738,0.0,-0.0,-0.0,-0.014086
309,0.309937,0.090915,89.886171,-1.224474,0.379235,-0.007466
311,-0.760883,-1.524707,0.0,-0.0,0.0,0.396653
312,0.478408,-1.344255,-0.0,-0.0,0.0,-0.259241
314,0.282476,2.868962,191.200474,-28.045423,0.342716,-0.137412
316,-0.760883,0.765893,0.0,-0.0,0.0,0.396653
317,0.478408,-2.528302,-0.0,-0.0,0.0,-0.259241
319,0.282476,1.762409,191.200474,-23.970355,0.342716,-0.137412
321,0.035604,-0.066323,0.0,0.0,-0.0,0.002628
322,-0.07046,0.092017,59.532299,-0.830524,-0.696071,-0.002697
324,0.035522,-0.066323,0.0,0.0,-0.0,0.002628
325,-0.035522,0.066323,33.050154,-0.525276,-0.281333,-0.002628
327,0.035604,-0.064411,0.0,0.0,-0.0,0.002628
328,-0.07046,0.090083,59.532299,-0.815122,-0.696071,-0.002697
330,0.035522,-0.064411,0.0,0.0,-0.0,0.002628
331,-0.035522,0.064411,33.050154,-0.510135,-0.281333,-0.002628
333,-0.383094,-0.040362,-0.0,-0.0,-0.0,0.049009
334,0.240269,-0.239974,0.0,-0.0,0.0,-0.032031
336,0.142825,0.280337,84.942408,-3.170566,0.179713,-0.016978
338,-0.383094,0.098725,-0.0,-0.0,-0.0,0.049009
339,0.240269,-0.311871,0.0,-0.0,0.0,-0.032031
341,0.142825,0.213146,84.942408,-2.923125,0.179713,-0.016978
343,0.034856,-0.025694,0.0,0.0,-0.0,6.9e-05
345,0.034854,-0.025694,0.0,0.0,0.0,6.9e-05
346,-0.034854,0.025694,26.482145,-0.305248,-0.414071,-6.9e-05
348,0.034856,-0.025672,0.0,0.0,0.0,6.9e-05
350,0.034854,-0.025672,0.0,0.0,0.0,6.9e-05
351,-0.034854,0.025672,26.482145,-0.304987,-0.414071,-6.9e-05
353,0.136633,21.993637,0.0,0.0,-0.0,57.547303
354,-0.136633,-21.993637,54.12868,348.379216,-2.164269,-57.547303
356,0.136633,44.374966,0.0,0.0,-0.0,57.547303
357,-0.136633,-44.374966,54.12868,702.899468,-2.164269,-57.547303
359,0.144585,1.651328,0.0,0.0,-0.0,2.930725
360,-0.144585,-1.651328,23.300425,26.157028,-2.290231,-2.930725
362,0.118456,1.651328,0.0,0.0,-0.0,2.930725
363,-0.118456,-1.651328,23.300425,26.157028,-1.87635,-2.930725
365,0.144585,2.103865,0.0,0.0,-0.0,2.930725
366,-0.144585,-2.103865,28.318978,33.325227,-2.290231,-2.930725
368,0.118456,2.103865,0.0,0.0,-0.0,2.930725
369,-0.118456,-2.103865,28.318978,33.325227,-1.87635,-2.930725
371,0.018738,0.529935,-0.0,0.0,-0.0,0.985778
372,-0.018738,-0.529935,29.012718,8.394165,-0.296813,-0.985778
374,0.02245,4.960393,0.0,0.0,-0.0,8.576
375,-0.02245,-4.960393,47.98959,78.572619,-0.355611,-8.576
377,0.018738,0.707313,-0.0,0.0,-0.0,0.985778
378,-0.018738,-0.707313,29.012718,11.203837,-0.296813,-0.985778
380,0.02245,6.620721,0.0,0.0,-0.0,8.576
381,-0.02245,-6.620721,47.98959,104.872223,-0.355611,-8.576
396,9.627117,-0.0,278.796365,0.0,0.12121,-0.0
399,0.0,0.0,97.136259,0.0,0.0,0.0
400,0.0,0.0,97.136259,0.0,0.0,0.0
402,0.0,0.0,108.903909,0.0,0.0,0.0
403,0.0,0.0,108.903909,0.0,0.0,0.0
405,0.0,0.0,175.293395,0.0,0.0,0.0
406,0.0,0.0,175.293395,0.0,0.0,0.0
429,-0.0,0.0,0.0,0.0,0.0,-0.0
430,-0.0,0.0,-0.0,-0.0,-0.0,0.0
671,9.627117,-0.0,444.380893,0.009629,-26.693351,-0.000332
672,-9.627117,0.0,-278.796365,-0.009629,55.574701,0.000332
674,-9.627117,0.0,458.785725,0.012737,-28.711914,0.000332
