nodo,direccion,desplazamiento_m
1,comp_0,0.0
1,comp_1,0.0
1,comp_2,0.0
1,comp_3,0.0
1,comp_4,0.0
1,comp_5,0.0
2,comp_0,6.400280593922767e-05
2,comp_1,-4.32739762987811e-07
2,comp_2,-7.932507564210203e-05
2,comp_3,-2.7429212550391085e-06
2,comp_4,0.00011293324981871052
2,comp_5,5.449859850717084e-09
5,comp_0,0.00018452764027377348
5,comp_1,-3.079581741653595e-05
5,comp_2,-0.00022427982116591014
5,comp_3,7.793282629684996e-07
5,comp_4,4.8196529071852935e-05
5,comp_5,2.504457739661053e-07
7,comp_0,0.0006807794192355164
7,comp_1,-5.738725372258723e-05
7,comp_2,-0.00029247340989424996
7,comp_3,-1.2735226552289582e-05
7,comp_4,7.739181877430413e-05
7,comp_5,1.420030411825444e-08
9,comp_0,0.0
9,comp_1,0.0
9,comp_2,0.0
9,comp_3,0.0
9,comp_4,0.0
9,comp_5,0.0
10,comp_0,6.395430218655629e-05
10,comp_1,-4.32739762987811e-07
10,comp_2,-0.0003038241422203737
10,comp_3,5.641437497760229e-06
10,comp_4,2.7349619720474582e-05
10,comp_5,5.449859850717084e-09
12,comp_0,0.00018229867288547516
12,comp_1,-3.079581741653595e-05
12,comp_2,-0.0004827715442064732
12,comp_3,8.309312875363307e-06
12,comp_4,6.497428238100483e-05
12,comp_5,2.504457739661053e-07
14,comp_0,0.000680653036528864
14,comp_1,-5.738725372258723e-05
14,comp_2,-0.0005676358526392375
14,comp_3,9.925943511985506e-06
14,comp_4,4.4404547212555735e-05
14,comp_5,1.420030411825444e-08
16,comp_0,0.0
16,comp_1,0.0
16,comp_2,0.0
16,comp_3,0.0
16,comp_4,0.0
16,comp_5,0.0
17,comp_0,6.391479070263859e-05
17,comp_1,-4.32739762987811e-07
17,comp_2,-6.421523484506463e-05
17,comp_3,8.384060162900106e-06
17,comp_4,9.51294267000022e-05
17,comp_5,5.449859850717084e-09
19,comp_0,0.00018048294102422088
19,comp_1,-3.079581741653595e-05
19,comp_2,-0.00017673003930576795
19,comp_3,1.6551212469842323e-05
19,comp_4,4.8840862278249935e-05
19,comp_5,2.504457739661053e-07
21,comp_0,0.0006805500843240066
21,comp_1,-5.738725372258723e-05
21,comp_2,-0.00022897817208460033
21,comp_3,2.8101814239554993e-05
21,comp_4,6.933446570982185e-05
21,comp_5,1.420030411825444e-08
23,comp_0,0.0
23,comp_1,0.0
23,comp_2,0.0
23,comp_3,0.0
23,comp_4,0.0
23,comp_5,0.0
24,comp_0,6.395430218655629e-05
24,comp_1,-3.782411644806402e-07
24,comp_2,-0.0005854679095264254
24,comp_3,4.926651568666202e-06
24,comp_4,-1.904109784673088e-05
24,comp_5,5.449859850717084e-09
26,comp_0,0.00018229867288547516
26,comp_1,-2.8291359676874893e-05
26,comp_2,-0.0009710079016967589
26,comp_3,6.427039885601793e-06
26,comp_4,0.00027735346277471215
26,comp_5,2.504457739661053e-07
28,comp_0,0.000680653036528864
28,comp_1,-5.724525068140468e-05
28,comp_2,-0.0011659632721107384
28,comp_3,1.5376149820886152e-05
28,comp_4,0.000543943751577628
28,comp_5,1.420030411825444e-08
30,comp_0,0.0
30,comp_1,0.0
30,comp_2,0.0
30,comp_3,0.0
30,comp_4,0.0
30,comp_5,0.0
31,comp_0,6.391479070263859e-05
31,comp_1,-3.782411644806402e-07
31,comp_2,-0.00040234736425142265
31,comp_3,1.0080368999558033e-05
31,comp_4,-2.3031163872383518e-05
31,comp_5,5.449859850717084e-09
33,comp_0,0.00018048294102422088
33,comp_1,-2.8291359676874893e-05
33,comp_2,-0.0006841097136408181
33,comp_3,1.6342359038379143e-05
33,comp_4,0.0002699701454151417
33,comp_5,2.504457739661053e-07
35,comp_0,0.0006805500843240066
35,comp_1,-5.724525068140468e-05
35,comp_2,-0.0008182113076196477
35,comp_3,3.891117751963694e-05
35,comp_4,0.0004101255886837649
35,comp_5,1.420030411825444e-08
37,comp_0,0.0
37,comp_1,0.0
37,comp_2,0.0
37,comp_3,0.0
37,comp_4,0.0
37,comp_5,0.0
38,comp_0,6.400280593922767e-05
38,comp_1,-3.782411644806402e-07
38,comp_2,-0.0004312117105107105
38,comp_3,-1.6255746894778474e-06
38,comp_4,-1.384037827508797e-05
38,comp_5,5.449859850717084e-09
40,comp_0,0.00018452764027377348
40,comp_1,-2.8291359676874893e-05
40,comp_2,-0.0007134227339335681
40,comp_3,-2.7005664856298544e-06
40,comp_4,0.00021949068985250246
40,comp_5,2.504457739661053e-07
42,comp_0,0.0006807794192355164
42,comp_1,-5.724525068140468e-05
42,comp_2,-0.0008506830120704902
42,comp_3,-2.344249550189465e-05
42,comp_4,0.0003480296454813498
42,comp_5,1.420030411825444e-08
44,comp_0,0.0
44,comp_1,0.0
44,comp_2,0.0
44,comp_3,0.0
44,comp_4,0.0
44,comp_5,0.0
45,comp_0,6.400280593922767e-05
45,comp_1,-3.2374256597346934e-07
45,comp_2,-0.00047751426198441995
45,comp_3,-1.487399803966479e-06
45,comp_4,1.2903526823939069e-05
45,comp_5,5.449859850717084e-09
47,comp_0,0.00018452764027377348
47,comp_1,-2.578690193721384e-05
47,comp_2,-0.0008072722900127311
47,comp_3,-7.851659930794014e-06
47,comp_4,5.525539359757123e-05
47,comp_5,2.504457739661053e-07
49,comp_0,0.0006807794192355164
49,comp_1,-5.710324764022214e-05
49,comp_2,-0.000970110970141889
49,comp_3,-2.9834413926984163e-05
49,comp_4,2.8800469928473022e-05
49,comp_5,1.420030411825444e-08
51,comp_0,6.391479070263859e-05
51,comp_1,-3.2374256597346934e-07
51,comp_2,-0.00047145849130662956
51,comp_3,9.453911347811836e-06
51,comp_4,3.891434127131342e-05
51,comp_5,5.449859850717084e-09
52,comp_0,0.00018048294102422088
52,comp_1,-2.578690193721384e-05
52,comp_2,-0.0008293780175962103
52,comp_3,2.0229452738692035e-05
52,comp_4,-8.486360012488496e-05
52,comp_5,2.504457739661053e-07
54,comp_0,0.0006805500843240066
54,comp_1,-5.710324764022214e-05
54,comp_2,-0.0009983882362313435
54,comp_3,4.1727651018628616e-05
54,comp_4,0.00015769246692022007
54,comp_5,1.420030411825444e-08
56,comp_0,0.0
56,comp_1,0.0
56,comp_2,0.0
56,comp_3,0.0
56,comp_4,0.0
56,comp_5,0.0
58,comp_0,6.395430218655629e-05
58,comp_1,-3.2374256597346934e-07
58,comp_2,-0.0006592070076421842
58,comp_3,3.746904398431453e-06
58,comp_4,3.097758347002695e-05
58,comp_5,5.449859850717084e-09
59,comp_0,0.00018229867288547516
59,comp_1,-2.578690193721384e-05
59,comp_2,-0.0011250593203887829
59,comp_3,8.69537131623229e-06
59,comp_4,-3.3078378715655066e-05
59,comp_5,2.504457739661053e-07
61,comp_0,0.000680653036528864
61,comp_1,-5.710324764022214e-05
61,comp_2,-0.0013494591192404614
61,comp_3,7.399984218890091e-06
61,comp_4,4.186127216922011e-05
61,comp_5,1.420030411825444e-08
63,comp_0,0.0
63,comp_1,0.0
63,comp_2,0.0
63,comp_3,0.0
63,comp_4,0.0
63,comp_5,0.0
65,comp_0,6.391479070263859e-05
65,comp_1,-2.692439674662985e-07
65,comp_2,-0.00043943988047409106
65,comp_3,9.417222610896943e-06
65,comp_4,6.855524489802596e-06
65,comp_5,5.449859850717084e-09
66,comp_0,0.00018048294102422088
66,comp_1,-2.328244419755279e-05
66,comp_2,-0.0007648565265509325
66,comp_3,2.468595390056727e-05
66,comp_4,3.855928206389797e-05
66,comp_5,2.504457739661053e-07
68,comp_0,0.0006805500843240066
68,comp_1,-5.6961244599039596e-05
68,comp_2,-0.0009338078655520721
68,comp_3,4.4466411190178584e-05
68,comp_4,-1.4350001589780069e-05
68,comp_5,1.420030411825444e-08
70,comp_0,0.0
70,comp_1,0.0
70,comp_2,0.0
70,comp_3,0.0
70,comp_4,0.0
70,comp_5,0.0
72,comp_0,6.395430218655629e-05
72,comp_1,-2.692439674662985e-07
72,comp_2,-0.0006454420347063906
72,comp_3,2.3686902085437345e-06
72,comp_4,4.901215991607243e-06
72,comp_5,5.449859850717084e-09
73,comp_0,0.00018229867288547516
73,comp_1,-2.328244419755279e-05
73,comp_2,-0.001098337235074761
73,comp_3,1.0851241085545826e-05
73,comp_4,5.761380801229099e-05
73,comp_5,2.504457739661053e-07
75,comp_0,0.000680653036528864
75,comp_1,-5.6961244599039596e-05
75,comp_2,-0.001324451711651884
75,comp_3,1.0768413072542725e-05
75,comp_4,0.00010435788527832355
75,comp_5,1.420030411825444e-08
77,comp_0,0.0
77,comp_1,0.0
77,comp_2,0.0
77,comp_3,0.0
77,comp_4,0.0
77,comp_5,0.0
79,comp_0,6.400280593922767e-05
79,comp_1,-2.692439674662985e-07
79,comp_2,-0.00048053342431727885
79,comp_3,2.2525407438445587e-05
79,comp_4,4.5309733729534794e-05
79,comp_5,5.449859850717084e-09
80,comp_0,0.00018452764027377348
80,comp_1,-2.328244419755279e-05
80,comp_2,-0.0008136775899597732
80,comp_3,-1.1442373984448282e-05
80,comp_4,4.373165147346336e-05
80,comp_5,2.504457739661053e-07
82,comp_0,0.0006807794192355164
82,comp_1,-5.6961244599039596e-05
82,comp_2,-0.0009787094737909409
82,comp_3,-2.5732765417135496e-05
82,comp_4,0.00011513927127000818
82,comp_5,1.420030411825444e-08
84,comp_0,0.0
84,comp_1,0.0
84,comp_2,0.0
84,comp_3,0.0
84,comp_4,0.0
84,comp_5,0.0
86,comp_0,6.391479070263859e-05
86,comp_1,-2.1474536895912767e-07
86,comp_2,-0.0002728852007194844
86,comp_3,8.92757354808541e-06
86,comp_4,1.328667363152423e-05
86,comp_5,5.449859850717084e-09
87,comp_0,0.00018048294102422088
87,comp_1,-2.0777986457891735e-05
87,comp_2,-0.0004564656103360155
87,comp_3,2.0017369022532338e-05
87,comp_4,-2.8067012534713543e-05
87,comp_5,2.504457739661053e-07
89,comp_0,0.0006805500843240066
89,comp_1,-5.681924155785705e-05
89,comp_2,-0.0005243687362224857
89,comp_3,4.271430170648756e-05
89,comp_4,-0.00032142776253487996
89,comp_5,1.420030411825444e-08
91,comp_0,0.0
91,comp_1,0.0
91,comp_2,0.0
91,comp_3,0.0
91,comp_4,0.0
91,comp_5,0.0
93,comp_0,6.395430218655629e-05
93,comp_1,-2.1474536895912767e-07
93,comp_2,-0.0004621131436082533
93,comp_3,3.096061074648669e-06
93,comp_4,1.8287879738351465e-05
93,comp_5,5.449859850717084e-09
94,comp_0,0.00018229867288547516
94,comp_1,-2.0777986457891735e-05
94,comp_2,-0.0007724494912420243
94,comp_3,9.321493618726961e-06
94,comp_4,-9.542239467925523e-05
94,comp_5,2.504457739661053e-07
96,comp_0,0.000680653036528864
96,comp_1,-5.681924155785705e-05
96,comp_2,-0.0008999529408714034
96,comp_3,1.2719641405883712e-05
96,comp_4,-0.00048263019111462836
96,comp_5,1.420030411825444e-08
98,comp_0,0.0
98,comp_1,0.0
98,comp_2,0.0
98,comp_3,0.0
98,comp_4,0.0
98,comp_5,0.0
100,comp_0,6.400280593922767e-05
100,comp_1,-2.1474536895912767e-07
100,comp_2,-0.00027179424347931967
100,comp_3,-3.77790075007842e-06
100,comp_4,4.606825062301309e-05
100,comp_5,5.449859850717084e-09
101,comp_0,0.00018452764027377348
101,comp_1,-2.0777986457891735e-05
101,comp_2,-0.000498158174746299
101,comp_3,-3.130006959065601e-06
101,comp_4,-4.705340982637007e-05
101,comp_5,2.504457739661053e-07
103,comp_0,0.0006807794192355164
103,comp_1,-5.681924155785705e-05
103,comp_2,-0.0005860814219731579
103,comp_3,-2.0204552240324974e-05
103,comp_4,-0.0003797668837166585
103,comp_5,1.420030411825444e-08
105,comp_0,0.0
105,comp_1,0.0
105,comp_2,0.0
105,comp_3,0.0
105,comp_4,0.0
105,comp_5,0.0
107,comp_0,6.391479070263859e-05
107,comp_1,-1.8749606970554227e-07
107,comp_2,-0.00026014642843945465
107,comp_3,8.121918578524186e-06
107,comp_4,3.482738890527298e-05
107,comp_5,5.449859850717084e-09
108,comp_0,0.00018048294102422088
108,comp_1,-1.952575758806121e-05
108,comp_2,-0.0004657753386553338
108,comp_3,8.935618735151984e-06
108,comp_4,-8.906240464604773e-05
108,comp_5,2.504457739661053e-07
110,comp_0,0.0006805500843240066
110,comp_1,-5.674824003726578e-05
110,comp_2,-0.0006244937534901115
110,comp_3,4.842371691838065e-05
110,comp_4,0.0009996489426509095
110,comp_5,1.420030411825444e-08
112,comp_0,0.0
112,comp_1,0.0
112,comp_2,0.0
112,comp_3,0.0
112,comp_4,0.0
112,comp_5,0.0
114,comp_0,6.395430218655629e-05
114,comp_1,-1.8749606970554227e-07
114,comp_2,-0.00039508735144202367
114,comp_3,1.6771562829305367e-06
114,comp_4,3.521478676789058e-05
114,comp_5,5.449859850717084e-09
115,comp_0,0.00018229867288547516
115,comp_1,-1.952575758806121e-05
115,comp_2,-0.0006952633355694381
115,comp_3,8.961550445326023e-06
115,comp_4,-0.00012003973590248724
115,comp_5,2.504457739661053e-07
117,comp_0,0.000680653036528864
117,comp_1,-5.674824003726578e-05
117,comp_2,-0.0009206283850685934
117,comp_3,1.3650345998596647e-05
117,comp_4,0.0012101160946598336
117,comp_5,1.420030411825444e-08
119,comp_0,0.0
119,comp_1,0.0
119,comp_2,0.0
119,comp_3,0.0
119,comp_4,0.0
119,comp_5,0.0
121,comp_0,6.400280593922767e-05
121,comp_1,-1.8749606970554227e-07
121,comp_2,-0.00031813546390498684
121,comp_3,2.4033202671910093e-05
121,comp_4,9.290393654590821e-05
121,comp_5,5.449859850717084e-09
122,comp_0,0.00018452764027377348
122,comp_1,-1.952575758806121e-05
122,comp_2,-0.0005473739954942069
122,comp_3,1.308857683529733e-06
122,comp_4,-0.00010487578573445424
122,comp_5,2.504457739661053e-07
124,comp_0,0.0006807794192355164
124,comp_1,-5.674824003726578e-05
124,comp_2,-0.0007235585184431953
124,comp_3,-2.2123006877349193e-05
124,comp_4,0.0010826026936359692
124,comp_5,1.420030411825444e-08
126,comp_0,0.0
126,comp_1,0.0
126,comp_2,0.0
126,comp_3,0.0
126,comp_4,0.0
126,comp_5,0.0
128,comp_0,0.00018082354727681478
128,comp_1,-2.604736554213859e-05
128,comp_2,0.0
128,comp_3,4.933213170859592e-06
128,comp_4,3.4246883953942206e-05
128,comp_5,2.504457739661053e-07
129,comp_0,0.0
129,comp_1,0.0
129,comp_2,0.0
129,comp_3,0.0
129,comp_4,0.0
129,comp_5,0.0
131,comp_0,0.0006807716090682513
131,comp_1,-5.672906962670614e-05
131,comp_2,0.0
131,comp_3,7.1627613165033105e-06
131,comp_4,8.59560112459914e-05
131,comp_5,1.420030411825444e-08
132,comp_0,0.0
132,comp_1,0.0
132,comp_2,0.0
132,comp_3,0.0
132,comp_4,0.0
132,comp_5,0.0
134,comp_0,0.0006806470724011343
134,comp_1,-5.672892762366495e-05
134,comp_2,0.0
134,comp_3,7.1627433868263955e-06
134,comp_4,8.59402869193353e-05
134,comp_5,1.420030411825444e-08
135,comp_0,0.0
135,comp_1,0.0
135,comp_2,0.0
135,comp_3,0.0
135,comp_4,0.0
135,comp_5,0.0
137,comp_0,0.0006805435521841122
137,comp_1,-5.672921162974732e-05
137,comp_2,0.0
137,comp_3,7.162779246180226e-06
137,comp_4,8.592721618486277e-05
137,comp_5,1.420030411825444e-08
138,comp_0,0.0
138,comp_1,0.0
138,comp_2,0.0
138,comp_3,0.0
138,comp_4,0.0
138,comp_5,0.0
140,comp_0,0.0006807716090682513
140,comp_1,-5.6695982918110604e-05
140,comp_2,0.0
140,comp_3,7.158583701781642e-06
140,comp_4,8.595601124599142e-05
140,comp_5,1.420030411825444e-08
141,comp_0,0.0
141,comp_1,0.0
141,comp_2,0.0
141,comp_3,0.0
141,comp_4,0.0
141,comp_5,0.0
143,comp_0,0.0006806470724011343
143,comp_1,-5.669569891202824e-05
143,comp_2,0.0
143,comp_3,7.1585478424278176e-06
143,comp_4,8.594028691933526e-05
143,comp_5,1.420030411825444e-08
144,comp_0,0.0
144,comp_1,0.0
144,comp_2,0.0
144,comp_3,0.0
144,comp_4,0.0
144,comp_5,0.0
146,comp_0,0.0006805435521841122
146,comp_1,-5.669285885120459e-05
146,comp_2,0.0
146,comp_3,7.158189248889464e-06
146,comp_4,8.592721618486278e-05
146,comp_5,1.420030411825444e-08
147,comp_0,0.0
147,comp_1,0.0
147,comp_2,0.0
147,comp_3,0.0
147,comp_4,0.0
147,comp_5,0.0
149,comp_0,0.0006805198376762347
149,comp_1,-5.70978515246572e-05
149,comp_2,0.0
149,comp_3,7.209324687456727e-06
149,comp_4,8.59242219288176e-05
149,comp_5,1.420030411825444e-08
150,comp_0,0.0
150,comp_1,0.0
150,comp_2,0.0
150,comp_3,0.0
150,comp_4,0.0
150,comp_5,0.0
152,comp_0,0.000680518559648864
152,comp_1,-5.695556447739229e-05
152,comp_2,0.0
152,comp_3,7.191359151185891e-06
152,comp_4,8.59240605617252e-05
152,comp_5,1.420030411825444e-08
153,comp_0,0.0
153,comp_1,0.0
153,comp_2,0.0
153,comp_3,0.0
153,comp_4,0.0
153,comp_5,0.0
155,comp_0,0.0006807879394179873
155,comp_1,-5.6708763191817035e-05
155,comp_2,0.0
155,comp_3,7.1601973727041765e-06
155,comp_4,8.595807315883692e-05
155,comp_5,1.420030411825444e-08
156,comp_0,0.0
156,comp_1,0.0
156,comp_2,0.0
156,comp_3,0.0
156,comp_4,0.0
156,comp_5,0.0
158,comp_0,0.0006806615567113348
158,comp_1,-5.6707201158364025e-05
158,comp_2,0.0
158,comp_3,7.160000146258107e-06
158,comp_4,8.594211574638086e-05
158,comp_5,1.420030411825444e-08
159,comp_0,0.0
159,comp_1,0.0
159,comp_2,0.0
159,comp_3,0.0
159,comp_4,0.0
159,comp_5,0.0
161,comp_0,0.0006805591725186422
161,comp_1,-5.67081951796523e-05
161,comp_2,0.0
161,comp_3,7.160125653996516e-06
161,comp_4,8.592918844932348e-05
161,comp_5,1.420030411825444e-08
162,comp_0,0.0
162,comp_1,0.0
162,comp_2,0.0
162,comp_3,0.0
162,comp_4,0.0
162,comp_5,0.0
164,comp_0,0.0006807879394179873
164,comp_1,-5.666900234028592e-05
164,comp_2,0.0
164,comp_3,7.155177063167421e-06
164,comp_4,8.595807315883685e-05
164,comp_5,1.420030411825444e-08
165,comp_0,0.0
165,comp_1,0.0
165,comp_2,0.0
165,comp_3,0.0
165,comp_4,0.0
165,comp_5,0.0
167,comp_0,0.0006806571546170582
167,comp_1,-5.6665594267297535e-05
167,comp_2,0.0
167,comp_3,7.154746750921429e-06
167,comp_4,8.594155992639626e-05
167,comp_5,1.420030411825444e-08
168,comp_0,0.0
168,comp_1,0.0
168,comp_2,0.0
168,comp_3,0.0
168,comp_4,0.0
168,comp_5,0.0
170,comp_0,0.0006805543444152421
170,comp_1,-5.6667156300750545e-05
170,comp_2,0.0
170,comp_3,7.154943977367495e-06
170,comp_4,8.592857884030833e-05
170,comp_5,1.420030411825444e-08
171,comp_0,0.0
171,comp_1,0.0
171,comp_2,0.0
171,comp_3,0.0
171,comp_4,0.0
171,comp_5,0.0
173,comp_0,0.0006804851889341861
173,comp_1,-5.7096147488163016e-05
173,comp_2,0.0
173,comp_3,7.2091095313337285e-06
173,comp_4,8.591984708765004e-05
173,comp_5,1.420030411825444e-08
174,comp_0,0.0
174,comp_1,0.0
174,comp_2,0.0
174,comp_3,0.0
174,comp_4,0.0
174,comp_5,0.0
176,comp_0,0.0006804860409524333
176,comp_1,-5.695400244393929e-05
176,comp_2,0.0
176,comp_3,7.191161924739831e-06
176,comp_4,8.591995466571127e-05
176,comp_5,1.420030411825444e-08
177,comp_0,0.0
177,comp_1,0.0
177,comp_2,0.0
177,comp_3,0.0
177,comp_4,0.0
177,comp_5,0.0
179,comp_0,0.0035598054072591705
179,comp_1,0.0015747067706130778
179,comp_2,-0.00010122237471157545
179,comp_3,0.0010980587775287149
179,comp_4,2.428265829416713e-05
179,comp_5,0.00022392773266193051
180,comp_0,0.0
180,comp_1,0.0
180,comp_2,0.0
180,comp_3,0.0
180,comp_4,0.0
180,comp_5,0.0
182,comp_0,0.0035598054072591705
182,comp_1,0.003813984097232383
182,comp_2,-0.0002553648155493573
182,comp_3,0.0014191209853122997
182,comp_4,0.0003560428672564415
182,comp_5,0.00022392773266193051
183,comp_0,0.0
183,comp_1,0.0
183,comp_2,0.0
183,comp_3,0.0
183,comp_4,0.0
183,comp_5,0.0
185,comp_0,0.0035598054072591705
185,comp_1,0.008292538750470993
185,comp_2,-0.00022294584602681658
185,comp_3,0.00146321720518368
185,comp_4,0.00022359996729540854
185,comp_5,0.00022392773266193051
186,comp_0,0.0
186,comp_1,0.0
186,comp_2,0.0
186,comp_3,0.0
186,comp_4,0.0
186,comp_5,0.0
188,comp_0,0.0035598054072591705
188,comp_1,0.006053261423851688
188,comp_2,-0.00021354961704385858
188,comp_3,0.0015695425964318752
188,comp_4,-6.23079023352652e-05
188,comp_5,0.00022392773266193051
189,comp_0,0.0
189,comp_1,0.0
189,comp_2,0.0
189,comp_3,0.0
189,comp_4,0.0
189,comp_5,0.0
191,comp_0,0.0035598054072591705
191,comp_1,0.010531816077090297
191,comp_2,-3.693893340451008e-05
191,comp_3,0.0011296485520999426
191,comp_4,-0.0004229220437014859
191,comp_5,0.00022392773266193051
192,comp_0,0.0
192,comp_1,0.0
192,comp_2,0.0
192,comp_3,0.0
192,comp_4,0.0
192,comp_5,0.0
194,comp_0,0.0035598054072591705
194,comp_1,0.01165145474039995
194,comp_2,-0.00027083662572209045
194,comp_3,0.0009446752455957353
194,comp_4,0.0011335293395402866
194,comp_5,0.00022392773266193051
195,comp_0,0.0
195,comp_1,0.0
195,comp_2,0.0
195,comp_3,0.0
195,comp_4,0.0
195,comp_5,0.0
197,comp_0,0.0015668485865679887
197,comp_1,0.0015747067706130778
197,comp_2,-0.0006107219851406684
197,comp_3,-0.0032867129769671988
197,comp_4,-0.00013843722651082834
197,comp_5,0.00022392773266193051
198,comp_0,0.0
198,comp_1,0.0
198,comp_2,0.0
198,comp_3,0.0
198,comp_4,0.0
198,comp_5,0.0
200,comp_0,0.0015668485865679887
200,comp_1,0.003813984097232383
200,comp_2,-0.0013581580505536862
200,comp_3,-0.0044604485492482585
200,comp_4,0.001251202981914953
200,comp_5,0.00022392773266193051
201,comp_0,0.0
201,comp_1,0.0
201,comp_2,0.0
201,comp_3,0.0
201,comp_4,0.0
201,comp_5,0.0
203,comp_0,0.0015668485865679887
203,comp_1,0.006053261423851688
203,comp_2,-0.001850842871053078
203,comp_3,-0.005146596799341065
203,comp_4,-0.00016113656875107747
203,comp_5,0.00022392773266193051
204,comp_0,0.0
204,comp_1,0.0
204,comp_2,0.0
204,comp_3,0.0
204,comp_4,0.0
204,comp_5,0.0
206,comp_0,0.0015668485865679887
206,comp_1,0.008292538750470993
206,comp_2,-0.0017977715316058584
206,comp_3,-0.004977948724502866
206,comp_4,0.00016153756117820802
206,comp_5,0.00022392773266193051
207,comp_0,0.0
207,comp_1,0.0
207,comp_2,0.0
207,comp_3,0.0
207,comp_4,0.0
207,comp_5,0.0
209,comp_0,0.0015668485865679887
209,comp_1,0.010531816077090297
209,comp_2,-0.000882997989839582
209,comp_3,-0.004262889387609932
209,comp_4,-0.0014242665461573559
209,comp_5,0.00022392773266193051
210,comp_0,0.0
210,comp_1,0.0
210,comp_2,0.0
210,comp_3,0.0
210,comp_4,0.0
210,comp_5,0.0
212,comp_0,0.0015668485865679887
212,comp_1,0.01165145474039995
212,comp_2,-0.0018833385158831715
212,comp_3,-0.0041499654476118706
212,comp_4,0.0030548851080527462
212,comp_5,0.00022392773266193051
213,comp_0,0.0
213,comp_1,0.0
213,comp_2,0.0
213,comp_3,0.0
213,comp_4,0.0
213,comp_5,0.0
215,comp_0,-5.662747523100696e-05
215,comp_1,0.0015747067706130778
215,comp_2,0.0
215,comp_3,-0.00014911995933835967
215,comp_4,-5.3624503059674645e-06
215,comp_5,0.00022392773266193051
216,comp_0,0.0
216,comp_1,0.0
216,comp_2,0.0
216,comp_3,0.0
216,comp_4,0.0
216,comp_5,0.0
218,comp_0,-5.662747523100696e-05
218,comp_1,0.003813984097232383
218,comp_2,0.0
218,comp_3,-0.0003611727364803391
218,comp_4,-5.362450305967473e-06
218,comp_5,0.00022392773266193051
219,comp_0,0.0
219,comp_1,0.0
219,comp_2,0.0
219,comp_3,0.0
219,comp_4,0.0
219,comp_5,0.0
221,comp_0,-5.662747523100696e-05
221,comp_1,0.006053261423851688
221,comp_2,0.0
221,comp_3,-0.000573225513622319
221,comp_4,-5.362450305967508e-06
221,comp_5,0.00022392773266193051
222,comp_0,0.0
222,comp_1,0.0
222,comp_2,0.0
222,comp_3,0.0
222,comp_4,0.0
222,comp_5,0.0
224,comp_0,-5.662747523100696e-05
224,comp_1,0.008292538750470993
224,comp_2,0.0
224,comp_3,-0.0007852782907642985
224,comp_4,-5.362450305967483e-06
224,comp_5,0.00022392773266193051
225,comp_0,0.0
225,comp_1,0.0
225,comp_2,0.0
225,comp_3,0.0
225,comp_4,0.0
225,comp_5,0.0
227,comp_0,-5.662747523100696e-05
227,comp_1,0.010531816077090297
227,comp_2,0.0
227,comp_3,-0.0009973310679062782
227,comp_4,-5.362450305967445e-06
227,comp_5,0.00022392773266193051
228,comp_0,0.0
228,comp_1,0.0
228,comp_2,0.0
228,comp_3,0.0
228,comp_4,0.0
228,comp_5,0.0
230,comp_0,-5.662747523100696e-05
230,comp_1,0.01165145474039995
230,comp_2,0.0
230,comp_3,-0.0011033574564772687
230,comp_4,-5.36245030596748e-06
230,comp_5,0.00022392773266193051
231,comp_0,0.0
231,comp_1,0.0
231,comp_2,0.0
231,comp_3,0.0
231,comp_4,0.0
231,comp_5,0.0
233,comp_0,0.0032957946104507545
233,comp_1,0.011868664641082022
233,comp_2,0.0
233,comp_3,-0.00112392657586004
233,comp_4,0.0003121017623532903
233,comp_5,0.00022392773266193051
234,comp_0,0.0
234,comp_1,0.0
234,comp_2,0.0
234,comp_3,0.0
234,comp_4,0.0
234,comp_5,0.0
236,comp_0,0.0019298354412129782
236,comp_1,0.01249566229253543
236,comp_2,0.0
236,comp_3,-0.001183301353459795
236,comp_4,0.00018274956829668256
236,comp_5,0.00022392773266193051
237,comp_0,0.0
237,comp_1,0.0
237,comp_2,0.0
237,comp_3,0.0
237,comp_4,0.0
237,comp_5,0.0
239,comp_0,0.0017820431376561043
239,comp_1,0.013212231037053606
239,comp_2,0.0
239,comp_3,-0.0012511582421452286
239,comp_4,0.00016875408500531208
239,comp_5,0.00022392773266193051
240,comp_0,0.0
240,comp_1,0.0
240,comp_2,0.0
240,comp_3,0.0
240,comp_4,0.0
240,comp_5,0.0
242,comp_0,0.00018991695842977786
242,comp_1,0.013243580919626276
242,comp_2,0.0
242,comp_3,-0.0012541269810252156
242,comp_4,1.7984560457364657e-05
242,comp_5,0.00022392773266193051
243,comp_0,0.0
243,comp_1,0.0
243,comp_2,0.0
243,comp_3,0.0
243,comp_4,0.0
243,comp_5,0.0
245,comp_0,-0.00027361344818041793
245,comp_1,0.01248670518322895
245,comp_2,0.0
245,comp_3,-0.001182453142351226
245,comp_4,-2.5910364411025228e-05
245,comp_5,0.00022392773266193051
246,comp_0,0.0
246,comp_1,0.0
246,comp_2,0.0
246,comp_3,0.0
246,comp_4,0.0
246,comp_5,0.0
248,comp_0,-0.0011088638910094185
248,comp_1,0.006389153022844584
248,comp_2,0.0
248,comp_3,-0.000605033430193616
248,comp_4,-0.00010500605028498426
248,comp_5,0.00022392773266193051
249,comp_0,0.0
249,comp_1,0.0
249,comp_2,0.0
249,comp_3,0.0
249,comp_4,0.0
249,comp_5,0.0
251,comp_0,-0.0011088638910094185
251,comp_1,0.008639626736096985
251,comp_2,0.0
251,comp_3,-0.0008181464712213059
251,comp_4,-0.00010500605028498428
251,comp_5,0.00022392773266193051
252,comp_0,0.0
252,comp_1,0.0
252,comp_2,0.0
252,comp_3,0.0
252,comp_4,0.0
252,comp_5,0.0
254,comp_0,0.0037951534542868593
254,comp_1,0.013236863087646418
254,comp_2,0.0
254,comp_3,-0.0012534908226937897
254,comp_4,0.0003593895316559518
254,comp_5,0.00022392773266193051
255,comp_0,0.0
255,comp_1,0.0
255,comp_2,0.0
255,comp_3,0.0
255,comp_4,0.0
255,comp_5,0.0
257,comp_0,0.0
257,comp_1,0.0
257,comp_2,0.0
257,comp_3,0.0
257,comp_4,0.0
257,comp_5,0.0
258,comp_0,0.0
258,comp_1,0.0
258,comp_2,0.0
258,comp_3,0.0
258,comp_4,0.0
258,comp_5,0.0
259,comp_0,0.0
259,comp_1,0.0
259,comp_2,0.0
259,comp_3,0.0
259,comp_4,0.0
259,comp_5,0.0
260,comp_0,0.0
260,comp_1,0.0
260,comp_2,0.0
260,comp_3,0.0
260,comp_4,0.0
260,comp_5,0.0
261,comp_0,0.0
261,comp_1,0.0
261,comp_2,0.0
261,comp_3,0.0
261,comp_4,0.0
261,comp_5,0.0
262,comp_0,0.0
262,comp_1,0.0
262,comp_2,0.0
262,comp_3,0.0
262,comp_4,0.0
262,comp_5,0.0
263,comp_0,0.0
263,comp_1,0.0
263,comp_2,0.0
263,comp_3,0.0
263,comp_4,0.0
263,comp_5,0.0
264,comp_0,0.0
264,comp_1,0.0
264,comp_2,0.0
264,comp_3,0.0
264,comp_4,0.0
264,comp_5,0.0
265,comp_0,0.0
265,comp_1,0.0
265,comp_2,0.0
265,comp_3,0.0
265,comp_4,0.0
265,comp_5,0.0
266,comp_0,0.0
266,comp_1,0.0
266,comp_2,0.0
266,comp_3,0.0
266,comp_4,0.0
266,comp_5,0.0
267,comp_0,6.391479070263859e-05
267,comp_1,-4.341022279504903e-07
267,comp_2,-3.787722553385451e-05
267,comp_3,1.9522620525738457e-07
267,comp_4,0.00010933327678021246
267,comp_5,5.449859850717084e-09
268,comp_0,0.0
268,comp_1,0.0
268,comp_2,0.0
268,comp_3,0.0
268,comp_4,0.0
268,comp_5,0.0
270,comp_0,6.400280593922767e-05
270,comp_1,-4.341022279504903e-07
270,comp_2,-4.785737597104103e-05
270,comp_3,1.5354071738770783e-07
270,comp_4,0.0001309233277965549
270,comp_5,5.449859850717084e-09
271,comp_0,0.0
271,comp_1,0.0
271,comp_2,0.0
271,comp_3,0.0
271,comp_4,0.0
271,comp_5,0.0
273,comp_0,6.385931112935829e-05
273,comp_1,-2.1392788998152013e-07
273,comp_2,-2.2193239289145033e-05
273,comp_3,8.10332916596683e-08
273,comp_4,2.4189133003544794e-05
273,comp_5,5.449859850717084e-09
274,comp_0,0.0
274,comp_1,0.0
274,comp_2,0.0
274,comp_3,0.0
274,comp_4,0.0
274,comp_5,0.0
276,comp_0,6.395239473560854e-05
276,comp_1,-2.1392788998152013e-07
276,comp_2,-2.2193239289145033e-05
276,comp_3,8.103329165966818e-08
276,comp_4,2.422439194530627e-05
276,comp_5,5.449859850717084e-09
277,comp_0,0.0
277,comp_1,0.0
277,comp_2,0.0
277,comp_3,0.0
277,comp_4,0.0
277,comp_5,0.0
279,comp_0,6.400389591119781e-05
279,comp_1,-1.853161257652554e-07
279,comp_2,-1.492283167837107e-05
279,comp_3,7.019550218380667e-08
279,comp_4,2.4243899966362797e-05
279,comp_5,5.449859850717084e-09
280,comp_0,0.0
280,comp_1,0.0
280,comp_2,0.0
280,comp_3,0.0
280,comp_4,0.0
280,comp_5,0.0
282,comp_0,6.403714005628719e-05
282,comp_1,-1.853161257652554e-07
282,comp_2,-1.492283167837107e-05
282,comp_3,7.019550218380636e-08
282,comp_4,2.425649244556332e-05
282,comp_5,5.449859850717084e-09
283,comp_0,0.0
283,comp_1,0.0
283,comp_2,0.0
283,comp_3,0.0
283,comp_4,0.0
283,comp_5,0.0
285,comp_0,6.40060758551381e-05
285,comp_1,-2.2112170498446666e-07
285,comp_2,-0.00020862799206374433
285,comp_3,8.375822158502561e-08
285,comp_4,2.4244725702703788e-05
285,comp_5,5.449859850717084e-09
286,comp_0,0.0
286,comp_1,0.0
286,comp_2,0.0
286,comp_3,0.0
286,comp_4,0.0
286,comp_5,0.0
288,comp_0,6.402269792768279e-05
288,comp_1,-2.2112170498446666e-07
288,comp_2,-0.00020862799206374433
288,comp_3,8.37582215850256e-08
288,comp_4,2.425102194230404e-05
288,comp_5,5.449859850717084e-09
289,comp_0,0.0
289,comp_1,0.0
289,comp_2,0.0
289,comp_3,0.0
289,comp_4,0.0
289,comp_5,0.0
291,comp_0,0.00018352585717790906
291,comp_1,-2.9906734918956272e-05
291,comp_2,-6.91384564518167e-05
291,comp_3,6.42173866416507e-06
291,comp_4,8.923631658031669e-05
291,comp_5,2.504457739661053e-07
292,comp_0,0.0006807226180190433
292,comp_1,-5.733684264296743e-05
292,comp_2,-8.644798845676831e-05
292,comp_3,7.179322987618566e-06
292,comp_4,0.00014371394808905915
292,comp_5,1.420030411825444e-08
294,comp_0,0.0
294,comp_1,0.0
294,comp_2,0.0
294,comp_3,0.0
294,comp_4,0.0
294,comp_5,0.0
296,comp_0,0.00018298739876388193
296,comp_1,-2.9906734918956272e-05
296,comp_2,-6.91384564518167e-05
296,comp_3,6.42173866416507e-06
296,comp_4,8.9272483027765e-05
296,comp_5,2.504457739661053e-07
297,comp_0,0.0006806920873651891
297,comp_1,-5.733684264296743e-05
297,comp_2,-8.644798845676831e-05
297,comp_3,7.179322987618565e-06
297,comp_4,0.0001438882617441885
297,comp_5,1.420030411825444e-08
299,comp_0,0.0
299,comp_1,0.0
299,comp_2,0.0
299,comp_3,0.0
299,comp_4,0.0
299,comp_5,0.0
301,comp_0,0.00018355090175530567
301,comp_1,-2.9180442174454568e-05
301,comp_2,-7.096046129389363e-05
301,comp_3,6.470521314211666e-06
301,comp_4,8.92346344199701e-05
301,comp_5,2.504457739661053e-07
302,comp_0,0.0006807240380494551
302,comp_1,-5.729566176102449e-05
302,comp_2,-8.864499543389878e-05
302,comp_3,7.414443731746379e-06
302,comp_4,0.00014370584047719275
302,comp_5,1.420030411825444e-08
304,comp_0,0.0
304,comp_1,0.0
304,comp_2,0.0
304,comp_3,0.0
304,comp_4,0.0
304,comp_5,0.0
306,comp_0,0.00018298739876388193
306,comp_1,-2.9180442174454568e-05
306,comp_2,-7.096046129389363e-05
306,comp_3,6.470521314211668e-06
306,comp_4,8.927248302776496e-05
306,comp_5,2.504457739661053e-07
307,comp_0,0.0006806920873651891
307,comp_1,-5.729566176102449e-05
307,comp_2,-8.864499543389878e-05
307,comp_3,7.414443731746382e-06
307,comp_4,0.0001438882617441884
307,comp_5,1.420030411825444e-08
309,comp_0,0.0
309,comp_1,0.0
309,comp_2,0.0
309,comp_3,0.0
309,comp_4,0.0
309,comp_5,0.0
311,comp_0,0.00018355090175530567
311,comp_1,-3.088347343742409e-05
311,comp_2,-7.329958048341667e-05
311,comp_3,6.356134410654014e-06
311,comp_4,8.923463441997025e-05
311,comp_5,2.504457739661053e-07
312,comp_0,0.0006807240380494551
312,comp_1,-5.739222382902862e-05
312,comp_2,-9.160704224606149e-05
312,comp_3,6.863126124826152e-06
312,comp_4,0.000143705840477193
312,comp_5,1.420030411825444e-08
314,comp_0,0.0
314,comp_1,0.0
314,comp_2,0.0
314,comp_3,0.0
314,comp_4,0.0
314,comp_5,0.0
316,comp_0,0.00018355090175530567
316,comp_1,-2.914287530835965e-05
316,comp_2,-7.329958048341667e-05
316,comp_3,6.473044554731357e-06
316,comp_4,8.923463441997015e-05
316,comp_5,2.504457739661053e-07
317,comp_0,0.0006807240380494551
317,comp_1,-5.729353171540675e-05
317,comp_2,-9.160704224606149e-05
317,comp_3,7.42660514954604e-06
317,comp_4,0.00014370584047719315
317,comp_5,1.420030411825444e-08
319,comp_0,0.0
319,comp_1,0.0
319,comp_2,0.0
319,comp_3,0.0
319,comp_4,0.0
319,comp_5,0.0
321,comp_0,0.00018145567241030524
321,comp_1,-2.9975607506796954e-05
321,comp_2,-4.195754843528557e-05
321,comp_3,5.677198391438853e-06
321,comp_4,3.436660462316386e-05
321,comp_5,2.504457739661053e-07
322,comp_0,0.0
322,comp_1,0.0
322,comp_2,0.0
322,comp_3,0.0
322,comp_4,0.0
322,comp_5,0.0
324,comp_0,0.00018103517395581613
324,comp_1,-2.9975607506796954e-05
324,comp_2,-4.195754843528557e-05
324,comp_3,5.677198391438857e-06
324,comp_4,3.428696476435906e-05
324,comp_5,2.504457739661053e-07
325,comp_0,0.0
325,comp_1,0.0
325,comp_2,0.0
325,comp_3,0.0
325,comp_4,0.0
325,comp_5,0.0
327,comp_0,0.00018145567241030524
327,comp_1,-2.911156958661389e-05
327,comp_2,-4.195754843528557e-05
327,comp_3,5.513554845949642e-06
327,comp_4,3.436660462316387e-05
327,comp_5,2.504457739661053e-07
328,comp_0,0.0
328,comp_1,0.0
328,comp_2,0.0
328,comp_3,0.0
328,comp_4,0.0
328,comp_5,0.0
330,comp_0,0.00018103517395581613
330,comp_1,-2.911156958661389e-05
330,comp_2,-4.195754843528557e-05
330,comp_3,5.513554845949645e-06
330,comp_4,3.428696476435907e-05
330,comp_5,2.504457739661053e-07
331,comp_0,0.0
331,comp_1,0.0
331,comp_2,0.0
331,comp_3,0.0
331,comp_4,0.0
331,comp_5,0.0
333,comp_0,0.00018106021853321274
333,comp_1,-2.9975607506796954e-05
333,comp_2,-6.55998429395967e-05
333,comp_3,6.4171127232123304e-06
333,comp_4,8.940192526642281e-05
333,comp_5,2.504457739661053e-07
334,comp_0,0.0006805828160249991
334,comp_1,-5.7340747726599946e-05
334,comp_2,-8.430678514341428e-05
334,comp_3,7.15702705498585e-06
334,comp_4,0.00014451214247731414
334,comp_5,1.420030411825444e-08
336,comp_0,0.0
336,comp_1,0.0
336,comp_2,0.0
336,comp_3,0.0
336,comp_4,0.0
336,comp_5,0.0
338,comp_0,0.00018106021853321274
338,comp_1,-2.911156958661389e-05
338,comp_2,-6.55998429395967e-05
338,comp_3,6.475147255164382e-06
338,comp_4,8.940192526642287e-05
338,comp_5,2.504457739661053e-07
339,comp_0,0.0006805828160249991
339,comp_1,-5.7291756677391966e-05
339,comp_2,-8.430678514341428e-05
339,comp_3,7.436739664379163e-06
339,comp_4,0.00014451214247731411
339,comp_5,1.420030411825444e-08
341,comp_0,0.0
341,comp_1,0.0
341,comp_2,0.0
341,comp_3,0.0
341,comp_4,0.0
341,comp_5,0.0
343,comp_0,0.0006806052383052019
343,comp_1,-5.7340747726599946e-05
343,comp_2,-5.72484278195327e-05
343,comp_3,7.23999339982323e-06
343,comp_4,8.593500483651538e-05
343,comp_5,1.420030411825444e-08
345,comp_0,0.0006805842360554109
345,comp_1,-5.7340747726599946e-05
345,comp_2,-5.72484278195327e-05
345,comp_3,7.23999339982323e-06
345,comp_4,8.593235303729952e-05
345,comp_5,1.420030411825444e-08
346,comp_0,0.0
346,comp_1,0.0
346,comp_2,0.0
346,comp_3,0.0
346,comp_4,0.0
346,comp_5,0.0
348,comp_0,0.0006806052383052019
348,comp_1,-5.7291756677391966e-05
348,comp_2,-5.72484278195327e-05
348,comp_3,7.233807661286877e-06
348,comp_4,8.59350048365154e-05
348,comp_5,1.420030411825444e-08
350,comp_0,0.0006805842360554109
350,comp_1,-5.7291756677391966e-05
350,comp_2,-5.72484278195327e-05
350,comp_3,7.23380766128688e-06
350,comp_4,8.593235303729948e-05
350,comp_5,1.420030411825444e-08
351,comp_0,0.0
351,comp_1,0.0
351,comp_2,0.0
351,comp_3,0.0
351,comp_4,0.0
351,comp_5,0.0
353,comp_0,0.0026864872498776416
353,comp_1,0.0014963320641814021
353,comp_2,-4.2417576276441155e-05
353,comp_3,-0.00014169811213839037
353,comp_4,0.00025440220169295756
353,comp_5,0.00022392773266193051
354,comp_0,0.0
354,comp_1,0.0
354,comp_2,0.0
354,comp_3,0.0
354,comp_4,0.0
354,comp_5,0.0
356,comp_0,0.0026864872498776416
356,comp_1,0.00301904064628253
356,comp_2,-4.2417576276441155e-05
356,comp_3,-0.0002858940005949364
356,comp_4,0.00025440220169295767
356,comp_5,0.00022392773266193051
357,comp_0,0.0
357,comp_1,0.0
357,comp_2,0.0
357,comp_3,0.0
357,comp_4,0.0
357,comp_5,0.0
359,comp_0,0.0026640944766114483
359,comp_1,0.0023696502215629313
359,comp_2,-3.850006409813027e-05
359,comp_3,-0.00022439869522376238
359,comp_4,0.00025228167392153824
359,comp_5,0.00022392773266193051
360,comp_0,0.0
360,comp_1,0.0
360,comp_2,0.0
360,comp_3,0.0
360,comp_4,0.0
360,comp_5,0.0
362,comp_0,0.0021826498513882976
362,comp_1,0.0023696502215629313
362,comp_2,-3.850006409813027e-05
362,comp_3,-0.00022439869522376235
362,comp_4,0.00020669032683601253
362,comp_5,0.00022392773266193051
363,comp_0,0.0
363,comp_1,0.0
363,comp_2,0.0
363,comp_3,0.0
363,comp_4,0.0
363,comp_5,0.0
365,comp_0,0.0026640944766114483
365,comp_1,0.00301904064628253
365,comp_2,-4.679238559618909e-05
365,comp_3,-0.00028589400059493645
365,comp_4,0.0002522816739215384
365,comp_5,0.00022392773266193051
366,comp_0,0.0
366,comp_1,0.0
366,comp_2,0.0
366,comp_3,0.0
366,comp_4,0.0
366,comp_5,0.0
368,comp_0,0.0021826498513882976
368,comp_1,0.00301904064628253
368,comp_2,-4.679238559618909e-05
368,comp_3,-0.0002858940005949364
368,comp_4,0.00020669032683601261
368,comp_5,0.00022392773266193051
369,comp_0,0.0
369,comp_1,0.0
369,comp_2,0.0
369,comp_3,0.0
369,comp_4,0.0
369,comp_5,0.0
371,comp_0,0.0008128839106952687
371,comp_1,0.0023080700950809004
371,comp_2,-7.837882117199867e-05
371,comp_3,-0.00021856724385235787
371,comp_4,7.697764305826277e-05
371,comp_5,0.00022392773266193051
372,comp_0,0.0
372,comp_1,0.0
372,comp_2,0.0
372,comp_3,0.0
372,comp_4,0.0
372,comp_5,0.0
374,comp_0,0.00045952594855474226
374,comp_1,0.0023080700950809004
374,comp_2,-4.716010927256262e-05
374,comp_3,-0.00021856724385235798
374,comp_4,4.351571482525881e-05
374,comp_5,0.00022392773266193051
375,comp_0,0.0
375,comp_1,0.0
375,comp_2,0.0
375,comp_3,0.0
375,comp_4,0.0
375,comp_5,0.0
377,comp_0,0.0008128839106952687
377,comp_1,0.0030806207727645607
377,comp_2,-7.837882117199867e-05
377,comp_3,-0.00029172545196634077
377,comp_4,7.697764305826277e-05
377,comp_5,0.00022392773266193051
378,comp_0,0.0
378,comp_1,0.0
378,comp_2,0.0
378,comp_3,0.0
378,comp_4,0.0
378,comp_5,0.0
380,comp_0,0.00045952594855474226
380,comp_1,0.0030806207727645607
380,comp_2,-4.716010927256262e-05
380,comp_3,-0.0002917254519663406
380,comp_4,4.351571482525881e-05
380,comp_5,0.00022392773266193051
381,comp_0,0.0
381,comp_1,0.0
381,comp_2,0.0
381,comp_3,0.0
381,comp_4,0.0
381,comp_5,0.0
385,comp_0,0.0
385,comp_1,0.0
385,comp_2,-0.026880174615201133
385,comp_3,1.9540545351130627e-07
385,comp_4,-0.004114217020214945
385,comp_5,0.0
388,comp_0,0.0
388,comp_1,0.0
388,comp_2,-2.7292271137121755e-09
388,comp_3,-9.696282483154428e-11
388,comp_4,-2.725063744608368e-08
388,comp_5,0.0
390,comp_0,0.0
390,comp_1,0.0
390,comp_2,-0.04649915215402898
390,comp_3,-4.0038655689694055e-07
390,comp_4,0.007228017691289247
390,comp_5,0.0
392,comp_0,0.0
392,comp_1,0.0
392,comp_2,-0.07865659778435136
392,comp_3,5.717942082486277e-07
392,comp_4,-0.012038995951074404
392,comp_5,0.0
394,comp_0,0.0
394,comp_1,0.0
394,comp_2,-0.15438370316260197
394,comp_3,8.010864436019354e-07
394,comp_4,0.019963800993354874
394,comp_5,0.0
396,comp_0,0.0006532748932943249
396,comp_1,4.442094229516628e-11
396,comp_2,-0.00011298766742204903
396,comp_3,-2.8974510486307334e-11
396,comp_4,0.0004932356897427609
396,comp_5,4.801333453451667e-12
397,comp_0,0.0003099077365342263
397,comp_1,3.7546358998390925e-10
397,comp_2,-2.987637089993426e-05
397,comp_3,-3.597028069982726e-10
397,comp_4,0.0001547213566383358
397,comp_5,-1.781469407575063e-09
399,comp_0,0.0
399,comp_1,0.0
399,comp_2,0.0
399,comp_3,0.0
399,comp_4,0.0
399,comp_5,0.0
400,comp_0,0.0
400,comp_1,0.0
400,comp_2,0.0
400,comp_3,0.0
400,comp_4,0.0
400,comp_5,0.0
402,comp_0,0.0
402,comp_1,0.0
402,comp_2,0.0
402,comp_3,0.0
402,comp_4,0.0
402,comp_5,0.0
403,comp_0,0.0
403,comp_1,0.0
403,comp_2,0.0
403,comp_3,0.0
403,comp_4,0.0
403,comp_5,0.0
405,comp_0,0.0
405,comp_1,0.0
405,comp_2,0.0
405,comp_3,0.0
405,comp_4,0.0
405,comp_5,0.0
406,comp_0,0.0
406,comp_1,0.0
406,comp_2,0.0
406,comp_3,0.0
406,comp_4,0.0
406,comp_5,0.0
414,comp_0,6.391479070263859e-05
414,comp_1,-1.8558861875779128e-07
414,comp_2,-0.0002724209018291623
414,comp_3,8.121918578524205e-06
414,comp_4,3.519119150325309e-05
414,comp_5,5.449859850717084e-09
416,comp_0,6.395430218655629e-05
416,comp_1,-4.341022279504903e-07
416,comp_2,-0.000297020578715928
416,comp_3,5.641437497760235e-06
416,comp_4,2.7146571166436474e-05
416,comp_5,5.449859850717084e-09
423,comp_0,6.395430218655629e-05
423,comp_1,-1.8558861875779128e-07
423,comp_2,-0.00040754253203165126
423,comp_3,1.677156282930532e-06
423,comp_4,3.5771952000171024e-05
423,comp_5,5.449859850717084e-09
429,comp_0,6.400389591119779e-05
429,comp_1,-2.673365165185651e-07
429,comp_2,-0.000500900152835915
429,comp_3,2.254531215289857e-05
429,comp_4,4.530939135672622e-05
429,comp_5,5.449859850575944e-09
430,comp_0,6.400389591119777e-05
430,comp_1,-1.8558861875779988e-07
430,comp_2,-0.000355461455709162
430,comp_3,2.4055661615043387e-05
430,comp_4,9.290034815359196e-05
430,comp_5,5.449859850618203e-09
445,comp_0,0.00018452764027377348
445,comp_1,-2.7039130807044368e-05
445,comp_2,-0.0028576464737133643
445,comp_3,-0.00017989450811910928
445,comp_4,-5.24662890953901e-05
445,comp_5,2.504457739661053e-07
448,comp_0,0.00018452764027377348
448,comp_1,-2.4534673067383314e-05
448,comp_2,-0.0027765039244140362
448,comp_3,-0.00013139127463328857
448,comp_4,-2.348053967064111e-05
448,comp_5,2.504457739661053e-07
451,comp_0,0.00018452764027377348
451,comp_1,-2.2030215327722264e-05
451,comp_2,-0.002732645138954781
451,comp_3,-0.00015918625978795617
451,comp_4,-4.634840145219475e-05
451,comp_5,2.504457739661053e-07
456,comp_0,0.00018229867288547516
456,comp_1,-2.7039130807044368e-05
456,comp_2,-0.004288443476636184
456,comp_3,-2.1323481082937995e-05
456,comp_4,4.1271024938740585e-05
456,comp_5,2.504457739661053e-07
458,comp_0,0.00018229867288547516
458,comp_1,-2.6488150104318936e-05
458,comp_2,-0.003154338624932808
458,comp_3,3.1949721261766866e-05
458,comp_4,-0.0009142790716777292
458,comp_5,2.504457739661053e-07
461,comp_0,0.00018229867288547516
461,comp_1,-2.4534673067383314e-05
461,comp_2,-0.003680879819129757
461,comp_3,2.847866219662189e-05
461,comp_4,-1.0119567312775515e-05
461,comp_5,2.504457739661053e-07
464,comp_0,0.00018229867288547516
464,comp_1,-2.2030215327722264e-05
464,comp_2,-0.003777734647169647
464,comp_3,5.411017137831142e-05
464,comp_4,-3.98272382484631e-05
464,comp_5,2.504457739661053e-07
469,comp_0,0.00018048294102422088
469,comp_1,-2.7039130807044368e-05
469,comp_2,-0.00369651364274681
469,comp_3,0.0001111129446905834
469,comp_4,6.33800960887485e-05
469,comp_5,2.504457739661053e-07
471,comp_0,0.00018048294102422088
471,comp_1,-2.6488150104318936e-05
471,comp_2,-0.002736281384681958
471,comp_3,7.07154808911747e-05
471,comp_4,-0.0008165464811152628
471,comp_5,2.504457739661053e-07
474,comp_0,0.00018048294102422088
474,comp_1,-2.4534673067383314e-05
474,comp_2,-0.002681498377008442
474,comp_3,0.00016005574659294435
474,comp_4,1.5698264449067422e-06
474,comp_5,2.504457739661053e-07
477,comp_0,0.00018048294102422088
477,comp_1,-2.2030215327722264e-05
477,comp_2,-0.0023295742197922188
477,comp_3,0.00022478865534291434
477,comp_4,-4.8634552715839753e-05
477,comp_5,2.504457739661053e-07
501,comp_0,0.0006807794192355164
501,comp_1,-5.717424916081341e-05
501,comp_2,-0.003242484016330757
501,comp_3,-0.0002043665901908334
501,comp_4,-7.855803041454514e-05
501,comp_5,1.420030411825444e-08
504,comp_0,0.0006807794192355164
504,comp_1,-5.7032246119630866e-05
504,comp_2,-0.0028108166266353667
504,comp_3,-0.00014758063802004944
504,comp_4,-3.482091472242631e-05
504,comp_5,1.420030411825444e-08
507,comp_0,0.0006807794192355164
507,comp_1,-5.6890243078448326e-05
507,comp_2,-0.0033673171511704224
507,comp_3,-0.00017820618223192202
507,comp_4,7.774702543053267e-06
507,comp_5,1.420030411825444e-08
511,comp_0,0.0006807794192355164
511,comp_1,-5.671273927697014e-05
511,comp_2,-0.006646742597982654
511,comp_3,-0.00017689466172984318
511,comp_4,0.0032658636557662876
511,comp_5,1.420030411825444e-08
513,comp_0,0.0006807794192355164
513,comp_1,-5.667865854708633e-05
513,comp_2,-0.01524971776322519
513,comp_3,-0.00030532624694328236
513,comp_4,0.0037504452164241284
513,comp_5,1.420030411825444e-08
516,comp_0,0.000680653036528864
516,comp_1,-5.721401001234453e-05
516,comp_2,-0.0031654731879042267
516,comp_3,9.134851147123995e-05
516,comp_4,0.0009857431349344409
516,comp_5,1.420030411825444e-08
518,comp_0,0.000680653036528864
518,comp_1,-5.717424916081341e-05
518,comp_2,-0.00460739463754488
518,comp_3,5.1631443677096724e-05
518,comp_4,-0.0001776277592378075
518,comp_5,1.420030411825444e-08
521,comp_0,0.000680653036528864
521,comp_1,-5.7032246119630866e-05
521,comp_2,-0.003965883428195966
521,comp_3,-2.4773429720290074e-05
521,comp_4,-4.0322101103633994e-05
521,comp_5,1.420030411825444e-08
524,comp_0,0.000680653036528864
524,comp_1,-5.6890243078448326e-05
524,comp_2,-0.004482338733977506
524,comp_3,7.051121814052235e-05
524,comp_4,3.0172601046589803e-05
524,comp_5,1.420030411825444e-08
528,comp_0,0.000680653036528864
528,comp_1,-5.671273927697014e-05
528,comp_2,-0.007545617035028245
528,comp_3,6.29593924604711e-05
528,comp_4,0.0036008412402765894
528,comp_5,1.420030411825444e-08
530,comp_0,0.000680653036528864
530,comp_1,-5.667865854708633e-05
530,comp_2,-0.016935092272797728
530,comp_3,0.0001200661628941932
530,comp_4,0.004047437665310203
530,comp_5,1.420030411825444e-08
533,comp_0,0.0006805500843240066
533,comp_1,-5.721401001234453e-05
533,comp_2,-0.0022479982308981536
533,comp_3,0.000139460433210189
533,comp_4,0.0006703595540685159
533,comp_5,1.420030411825444e-08
535,comp_0,0.0006805500843240066
535,comp_1,-5.717424916081341e-05
535,comp_2,-0.0030738370920716834
535,comp_3,0.00024518567109296763
535,comp_4,-0.00018296641545339907
535,comp_5,1.420030411825444e-08
538,comp_0,0.0006805500843240066
538,comp_1,-5.7032246119630866e-05
538,comp_2,-0.0035222694194290884
538,comp_3,9.250784323396649e-05
538,comp_4,-4.538071636087556e-05
538,comp_5,1.420030411825444e-08
541,comp_0,0.0006805500843240066
541,comp_1,-5.6890243078448326e-05
541,comp_2,-0.0027597841445272976
541,comp_3,0.00026814056229710476
541,comp_4,2.2737224223083496e-05
541,comp_5,1.420030411825444e-08
545,comp_0,0.0006805500843240066
545,comp_1,-5.671273927697014e-05
545,comp_2,-0.006126117753949636
545,comp_3,0.0002609703759312755
545,comp_4,0.0030499456001567985
545,comp_5,1.420030411825444e-08
547,comp_0,0.0006805500843240066
547,comp_1,-5.667865854708633e-05
547,comp_2,-0.014185270368216618
547,comp_3,0.00045997345770081656
547,comp_4,0.0035260437559652183
547,comp_5,1.420030411825444e-08
572,comp_0,0.00360033632687098
572,comp_1,0.0015747067706130778
572,comp_2,-0.000300455808661573
572,comp_3,0.001102553586449097
572,comp_4,-5.01881672208567e-06
572,comp_5,0.00022392773266193051
573,comp_0,0.00360033632687098
573,comp_1,0.003813984097232383
573,comp_2,-0.0005130610154419349
573,comp_3,0.0014265012465312233
573,comp_4,0.000337306503908846
573,comp_5,0.00022392773266193051
575,comp_0,0.00360033632687098
575,comp_1,0.004933622760542036
575,comp_2,-0.0018957245211832178
575,comp_3,0.001743898817505568
575,comp_4,-6.367982925525374e-05
575,comp_5,0.00022392773266193051
577,comp_0,0.00360033632687098
577,comp_1,0.006053261423851688
577,comp_2,-0.0004989025722147065
577,comp_3,0.0015818403723007477
577,comp_4,-0.00010307869596515693
577,comp_5,0.00022392773266193051
579,comp_0,0.00360033632687098
579,comp_1,0.007172900087161341
579,comp_2,-0.0007499096992087523
579,comp_3,0.0020335623083210653
579,comp_4,-2.8182916559630387e-05
579,comp_5,0.00022392773266193051
581,comp_0,0.00360033632687098
581,comp_1,0.008292538750470993
581,comp_2,-0.0004891456455697873
581,comp_3,0.001476456020761146
581,comp_4,0.00021176330459713236
581,comp_5,0.00022392773266193051
583,comp_0,0.00360033632687098
583,comp_1,0.009412177413780646
583,comp_2,-0.002082481942138787
583,comp_3,0.0015944892943858203
583,comp_4,3.3892385164320624e-05
583,comp_5,0.00022392773266193051
585,comp_0,0.00360033632687098
585,comp_1,0.010531816077090297
585,comp_2,-0.00024185303417982663
585,comp_3,0.0011341489624084027
585,comp_4,-0.0004817895704269997
585,comp_5,0.00022392773266193051
587,comp_0,0.00360033632687098
587,comp_1,0.01165145474039995
587,comp_2,-0.00044176916668148833
587,comp_3,0.0009420002935840406
587,comp_4,0.0011735151146389333
587,comp_5,0.00022392773266193051
589,comp_0,0.00360033632687098
589,comp_1,0.012211274072054776
589,comp_2,-0.005466915464723715
589,comp_3,0.00046742456445246765
589,comp_4,0.002720608935164784
589,comp_5,0.00022392773266193051
591,comp_0,0.00360033632687098
591,comp_1,0.01274870063044341
591,comp_2,-0.012737924130402924
591,comp_3,-0.000676720437582488
591,comp_4,0.0032680737795679296
591,comp_5,0.00022392773266193051
593,comp_0,0.001607379506179798
593,comp_1,0.0015747067706130778
593,comp_2,-3.5098847468188516e-05
593,comp_3,-0.003075919384735234
593,comp_4,-0.0002179341970220321
593,comp_5,0.00022392773266193051
594,comp_0,0.001607379506179798
594,comp_1,0.003813984097232383
594,comp_2,-0.000577697220821697
594,comp_3,-0.004169552116281761
594,comp_4,0.001358722987359523
594,comp_5,0.00022392773266193051
596,comp_0,0.001607379506179798
596,comp_1,0.004933622760542036
596,comp_2,-0.007690943154508412
596,comp_3,-0.005580147018675116
596,comp_4,-0.0001948767703069113
596,comp_5,0.00022392773266193051
598,comp_0,0.001607379506179798
598,comp_1,0.006053261423851688
598,comp_2,-0.0009498676957970634
598,comp_3,-0.004817928141800463
598,comp_4,-0.00020978927207469586
598,comp_5,0.00022392773266193051
600,comp_0,0.001607379506179798
600,comp_1,0.007172900087161341
600,comp_2,-0.005565995240372269
600,comp_3,-0.005982795434845768
600,comp_4,-8.419910400033723e-06
600,comp_5,0.00022392773266193051
602,comp_0,0.001607379506179798
602,comp_1,0.008292538750470993
602,comp_2,-0.0009265947357044609
602,comp_3,-0.0046570910187002535
602,comp_4,0.00019376074028541867
602,comp_5,0.00022392773266193051
604,comp_0,0.001607379506179798
604,comp_1,0.009412177413780646
604,comp_2,-0.007390714084167725
604,comp_3,-0.005145832987725324
604,comp_4,0.00018611329160263178
604,comp_5,0.00022392773266193051
606,comp_0,0.001607379506179798
606,comp_1,0.010531816077090297
606,comp_2,-0.00013702211322894645
606,comp_3,-0.003983165460918095
606,comp_4,-0.0016050273175255102
606,comp_5,0.00022392773266193051
608,comp_0,0.001607379506179798
608,comp_1,0.01165145474039995
608,comp_2,-0.0011583342479017937
608,comp_3,-0.0038708955462543435
608,comp_4,0.0034176282770966115
608,comp_5,0.00022392773266193051
610,comp_0,0.001607379506179798
610,comp_1,0.012211274072054776
610,comp_2,-0.015263869762480125
610,comp_3,-0.0046527827034974255
610,comp_4,0.006860597254934422
610,comp_5,0.00022392773266193051
612,comp_0,0.001607379506179798
612,comp_1,0.01274870063044341
612,comp_2,-0.03240531894234096
612,comp_3,-0.004585446590374554
612,comp_4,0.007095686947169803
612,comp_5,0.00022392773266193051
614,comp_0,-1.6096555619197952e-05
614,comp_1,0.0015747067706130778
614,comp_2,-0.05494210451334947
614,comp_3,-0.01005281377580878
614,comp_4,0.0017370481387769174
614,comp_5,0.00022392773266193051
615,comp_0,-1.6096555619197952e-05
615,comp_1,0.003813984097232383
615,comp_2,-0.07389093132787412
615,comp_3,-0.012962233940083383
615,comp_4,0.0017787300388272546
615,comp_5,0.00022392773266193051
617,comp_0,-1.6096555619197952e-05
617,comp_1,0.004933622760542036
617,comp_2,-0.08126286866077542
617,comp_3,-0.012691101652132554
617,comp_4,0.0010000419180509557
617,comp_5,0.00022392773266193051
619,comp_0,-1.6096555619197952e-05
619,comp_1,0.006053261423851688
619,comp_2,-0.08443335446850167
619,comp_3,-0.014618228755719023
619,comp_4,0.00041242826741447295
619,comp_5,0.00022392773266193051
621,comp_0,-1.6096555619197952e-05
621,comp_1,0.007172900087161341
621,comp_2,-0.08527124329077114
621,comp_3,-0.013659844524598138
621,comp_4,-0.00031076051931648525
621,comp_5,0.00022392773266193051
623,comp_0,-1.6096555619197952e-05
623,comp_1,0.008292538750470993
623,comp_2,-0.08125821079434008
623,comp_3,-0.014061625505578743
623,comp_4,-0.0010405350956920426
623,comp_5,0.00022392773266193051
625,comp_0,-1.6096555619197952e-05
625,comp_1,0.009412177413780646
625,comp_2,-0.07523592028650684
625,comp_3,-0.011765265863055461
625,comp_4,-0.0014099070987368641
625,comp_5,0.00022392773266193051
627,comp_0,-1.6096555619197952e-05
627,comp_1,0.010531816077090297
627,comp_2,-0.06798435645196933
627,comp_3,-0.012021786038996552
627,comp_4,-0.0011049981191000766
627,comp_5,0.00022392773266193051
629,comp_0,-1.6096555619197952e-05
629,comp_1,0.01165145474039995
629,comp_2,-0.06782274487348132
629,comp_3,-0.011537091125833924
629,comp_4,0.0013452392967543355
629,comp_5,0.00022392773266193051
631,comp_0,-1.6096555619197952e-05
631,comp_1,0.012211274072054776
631,comp_2,-0.07292823881118944
631,comp_3,-0.00964389341236011
631,comp_4,0.0026932999076927284
631,comp_5,0.00022392773266193051
633,comp_0,-1.6096555619197952e-05
633,comp_1,0.01274870063044341
633,comp_2,-0.08012804299928147
633,comp_3,-0.00798801769107573
633,comp_4,0.00325664999538637
633,comp_5,0.00022392773266193051
671,comp_0,0.0
671,comp_1,0.0
671,comp_2,0.0
671,comp_3,0.0
671,comp_4,0.0
671,comp_5,0.0
672,comp_0,0.0006532748932944907
672,comp_1,4.3461766798440496e-11
672,comp_2,-1.445262662487419e-05
672,comp_3,-2.8974510486307334e-11
672,comp_4,0.0004932356897427609
672,comp_5,4.801333453451667e-12
674,comp_0,0.0
674,comp_1,0.0
674,comp_2,0.0
674,comp_3,0.0
674,comp_4,0.0
674,comp_5,0.0
