edificio,ejecucion,nivel,tipo_elemento,seccion,elemento_id_plano,elementTag_FE,nodo_i,nodo_j,u_i_m,v_i_m,z_i_m,u_j_m,v_j_m,z_j_m,N_i_kN,Vy_i_kN,Vz_i_kN,T_i_kNm,My_i_kNm,Mz_i_kNm,N_j_kN,Vy_j_kN,Vz_j_kN,T_j_kNm,My_j_kNm,Mz_j_kNm,N_mx_kN,Vy_mx_kN,Vz_mx_kN,T_mx_kNm,My_mx_kNm,Mz_mx_kNm,M_mx_abs_kNm
I,primera_ejecucion,P1,columna,P. 70x70,col_-0.0_-0.0_P1,3,1,2,-0.0,-0.0,-4.01,-0.0,-0.0,-0.05,141.800325,9.283464,0.318999,-0.000482,-0.441187,10.137107,-141.800325,-9.283464,-0.318999,0.000482,-0.822049,26.62541,141.800325,9.283464,0.318999,0.000482,0.822049,26.62541,26.62541
I,primera_ejecucion,P2,columna,P. 70x70,col_-0.0_-0.0_P2,6,2,5,-0.0,-0.0,-0.05,-0.0,-0.0,3.91,247.211959,11.200821,2.113388,-0.015981,-4.524882,27.611095,-247.211959,-11.200821,-2.113388,0.015981,-3.844136,16.744155,247.211959,11.200821,2.113388,0.015981,4.524882,27.611095,27.611095
I,primera_ejecucion,P3,columna,P. 70x70,col_-0.0_-0.0_P3,8,5,7,-0.0,-0.0,3.91,-0.0,-0.0,7.87,121.313744,-12.765345,3.013052,0.025136,-4.882947,-26.799098,-121.313744,12.765345,-3.013052,-0.025136,-7.04874,-23.751669,121.313744,12.765345,3.013052,0.025136,7.04874,26.799098,26.799098
I,primera_ejecucion,P1,columna,P. 70x70,col_-0.0_8.9_P1,11,9,10,-0.0,8.9,-4.01,-0.0,8.9,-0.05,561.650569,-0.031747,-0.700577,-0.000482,0.904652,-2.156658,-561.650569,0.031747,0.700577,0.000482,1.869631,2.030942,561.650569,0.031747,0.700577,0.000482,1.869631,2.156658,2.156658
I,primera_ejecucion,P2,columna,P. 70x70,col_-0.0_8.9_P2,13,10,12,-0.0,8.9,-0.05,-0.0,8.9,3.91,303.564277,3.806886,0.174861,-0.015981,-0.620185,5.627019,-303.564277,-3.806886,-0.174861,0.015981,-0.072263,9.448248,303.564277,3.806886,0.174861,0.015981,0.620185,9.448248,9.448248
I,primera_ejecucion,P3,columna,P. 70x70,col_-0.0_8.9_P3,15,12,14,-0.0,8.9,3.91,-0.0,8.9,7.87,148.927193,-14.656262,-0.740234,0.025136,1.284407,-27.028161,-148.927193,14.656262,0.740234,-0.025136,1.646919,-31.010637,148.927193,14.656262,0.740234,0.025136,1.646919,31.010637,31.010637
I,primera_ejecucion,P1,columna,P. 70x70,col_-0.0_16.15_P1,18,16,17,-0.0,16.15,-4.01,-0.0,16.15,-0.05,95.82055,6.05129,-0.999315,-0.000482,1.298987,5.874834,-95.82055,-6.05129,0.999315,0.000482,2.658299,18.088273,95.82055,6.05129,0.999315,0.000482,2.658299,18.088273,18.088273
I,primera_ejecucion,P2,columna,P. 70x70,col_-0.0_16.15_P2,20,17,19,-0.0,16.15,-0.05,-0.0,16.15,3.91,148.214733,7.671536,-1.106928,-0.015981,1.46611,18.816614,-148.214733,-7.671536,1.106928,0.015981,2.917325,11.562667,148.214733,7.671536,1.106928,0.015981,2.917325,18.816614,18.816614
I,primera_ejecucion,P3,columna,P. 70x70,col_-0.0_16.15_P3,22,19,21,-0.0,16.15,3.91,-0.0,16.15,7.87,73.842971,-13.358175,-3.916665,0.025136,6.774923,-28.462196,-73.842971,13.358175,3.916665,-0.025136,8.73507,-24.436175,73.842971,13.358175,3.916665,0.025136,8.73507,28.462196,28.462196
I,primera_ejecucion,P1,columna,P. 70x70,col_10.0_8.9_P1,25,23,24,10.0,8.9,-4.01,10.0,8.9,-0.05,1269.817658,-6.084481,-0.782477,-0.000482,1.01536,-10.146267,-1269.817658,6.084481,0.782477,0.000482,2.08325,-13.948276,1269.817658,6.084481,0.782477,0.000482,2.08325,13.948276,13.948276
I,primera_ejecucion,P2,columna,P. 70x70,col_10.0_8.9_P2,27,24,26,10.0,8.9,-0.05,10.0,8.9,3.91,792.352955,27.204755,0.178418,-0.015981,-0.435877,28.522598,-792.352955,-27.204755,-0.178418,0.015981,-0.270657,79.208232,792.352955,27.204755,0.178418,0.015981,0.435877,79.208232,79.208232
I,primera_ejecucion,P3,columna,P. 70x70,col_10.0_8.9_P3,29,26,28,10.0,8.9,3.91,10.0,8.9,7.87,399.821346,80.370487,-1.494818,0.025136,1.865254,137.281944,-399.821346,-80.370487,1.494818,-0.025136,4.054225,180.985185,399.821346,80.370487,1.494818,0.025136,4.054225,180.985185,180.985185
I,primera_ejecucion,P1,columna,P. 70x70,col_10.0_16.15_P1,32,30,31,10.0,16.15,-4.01,10.0,16.15,-0.05,783.952768,-7.219631,-1.601184,-0.000482,2.096053,-11.642782,-783.952768,7.219631,1.601184,0.000482,4.244636,-16.946959,783.952768,7.219631,1.601184,0.000482,4.244636,16.946959,16.946959
I,primera_ejecucion,P2,columna,P. 70x70,col_10.0_16.15_P2,34,31,33,10.0,16.15,-0.05,10.0,16.15,3.91,549.606347,29.1382,-1.906907,-0.015981,3.397444,29.634995,-549.606347,-29.1382,1.906907,0.015981,4.153907,85.752277,549.606347,29.1382,1.906907,0.015981,4.153907,85.752277,85.752277
I,primera_ejecucion,P3,columna,P. 70x70,col_10.0_16.15_P3,36,33,35,10.0,16.15,3.91,10.0,16.15,7.87,245.374888,60.05751,-6.267588,0.025136,9.837245,114.30012,-245.374888,-60.05751,6.267588,-0.025136,14.982402,123.527619,245.374888,60.05751,6.267588,0.025136,14.982402,123.527619,123.527619
I,primera_ejecucion,P1,columna,P. 70x70,col_10.0_-0.0_P1,39,37,38,10.0,-0.0,-4.01,10.0,-0.0,-0.05,898.774605,-5.299146,0.338905,-0.000482,-0.464864,-9.111939,-898.774605,5.299146,-0.338905,0.000482,-0.877198,-11.87268,898.774605,5.299146,0.338905,0.000482,0.877198,11.87268,11.87268
I,primera_ejecucion,P2,columna,P. 70x70,col_10.0_-0.0_P2,41,38,40,10.0,-0.0,-0.05,10.0,-0.0,3.91,570.21662,19.252452,2.57227,-0.015981,-5.075986,18.990203,-570.21662,-19.252452,-2.57227,0.015981,-5.110202,57.249507,570.21662,19.252452,2.57227,0.015981,5.110202,57.249507,57.249507
I,primera_ejecucion,P3,columna,P. 70x70,col_10.0_-0.0_P3,43,40,42,10.0,-0.0,3.91,10.0,-0.0,7.87,282.134951,48.067624,5.713122,0.025136,-9.328887,83.37762,-282.134951,-48.067624,-5.713122,-0.025136,-13.295074,106.970171,282.134951,48.067624,5.713122,0.025136,13.295074,106.970171,106.970171
I,primera_ejecucion,P1,columna,P. 70x70,col_20.0_0.0_P1,46,44,45,20.0,0.0,-4.01,20.0,0.0,-0.05,1008.192385,-2.038611,0.358109,-0.000482,-0.487615,-4.808032,-1008.192385,2.038611,-0.358109,0.000482,-0.930498,-3.264868,1008.192385,2.038611,0.358109,0.000482,0.930498,4.808032,4.808032
I,primera_ejecucion,P2,columna,P. 70x70,col_20.0_0.0_P2,48,45,47,20.0,0.0,-0.05,20.0,0.0,3.91,681.721383,1.526063,3.25885,-0.015981,-5.926727,-0.104724,-681.721383,-1.526063,-3.25885,0.015981,-6.978318,6.147933,681.721383,1.526063,3.25885,0.015981,6.978318,6.147933,6.978318
I,primera_ejecucion,P3,columna,P. 70x70,col_20.0_0.0_P3,50,47,49,20.0,0.0,3.91,20.0,0.0,7.87,345.18317,-16.044326,7.750772,0.025136,-13.201922,-28.952893,-345.18317,16.044326,-7.750772,-0.025136,-17.491137,-34.582636,345.18317,16.044326,7.750772,0.025136,17.491137,34.582636,34.582636
I,primera_ejecucion,P2,columna,P. 70x70,col_20.0_16.15_P2,53,51,52,20.0,16.15,-0.05,20.0,16.15,3.91,780.212767,-15.341219,-2.326313,-0.015981,3.82082,-17.000055,-780.212767,15.341219,2.326313,0.015981,5.391381,-43.751172,780.212767,15.341219,2.326313,0.015981,5.391381,43.751172,43.751172
I,primera_ejecucion,P3,columna,P. 70x70,col_20.0_16.15_P3,55,52,54,20.0,16.15,3.91,20.0,16.15,7.87,380.661919,-6.534101,-6.167046,0.025136,10.166882,-44.391422,-380.661919,6.534101,6.167046,-0.025136,14.254621,18.516383,380.661919,6.534101,6.167046,0.025136,14.254621,44.391422,44.391422
I,primera_ejecucion,P1,columna,P. 70x70,col_20.0_16.15_base_P1,57,56,51,20.0,16.15,-4.01,20.0,16.15,-0.05,1013.174513,1.930204,-1.441233,-0.000482,1.887517,0.435001,-1013.174513,-1.930204,1.441233,0.000482,3.819765,7.208608,1013.174513,1.930204,1.441233,0.000482,3.819765,7.208608,7.208608
I,primera_ejecucion,P2,columna,P. 70x70,col_20.0_8.9_P2,60,58,59,20.0,8.9,-0.05,20.0,8.9,3.91,994.329218,-6.060698,0.224165,-0.015981,-0.755242,-7.180642,-994.329218,6.060698,-0.224165,0.015981,-0.132453,-16.819721,994.329218,6.060698,0.224165,0.015981,0.755242,16.819721,16.819721
I,primera_ejecucion,P3,columna,P. 70x70,col_20.0_8.9_P3,62,59,61,20.0,8.9,3.91,20.0,8.9,7.87,492.915578,-21.488784,0.368502,0.025136,-0.617244,-49.289849,-492.915578,21.488784,-0.368502,-0.025136,-0.842025,-35.805737,492.915578,21.488784,0.368502,0.025136,0.842025,49.289849,49.289849
I,primera_ejecucion,P1,columna,P. 70x70,col_20.0_8.9_base_P1,64,63,58,20.0,8.9,-4.01,20.0,8.9,-0.05,1471.711904,0.133063,-0.524998,-0.000482,0.678087,-1.939109,-1471.711904,-0.133063,0.524998,0.000482,1.400906,2.466039,1471.711904,0.133063,0.524998,0.000482,1.400906,2.466039,2.466039
I,primera_ejecucion,P2,columna,P. 70x70,col_30.0_16.15_P2,67,65,66,30.0,16.15,-0.05,30.0,16.15,3.91,705.04534,-3.482595,-3.513656,-0.015981,5.46923,-7.316422,-705.04534,3.482595,3.513656,0.015981,8.444847,-6.474657,705.04534,3.482595,3.513656,0.015981,8.444847,7.316422,8.444847
I,primera_ejecucion,P3,columna,P. 70x70,col_30.0_16.15_P3,69,66,68,30.0,16.15,3.91,30.0,16.15,7.87,383.028064,-39.428267,-7.575722,0.025136,13.291002,-66.188589,-383.028064,39.428267,7.575722,-0.025136,16.708856,-89.947348,383.028064,39.428267,7.575722,0.025136,16.708856,89.947348,89.947348
I,primera_ejecucion,P1,columna,P. 70x70,col_30.0_16.15_base_P1,71,70,65,30.0,16.15,-4.01,30.0,16.15,-0.05,939.082381,-2.592333,-1.441402,-0.000482,1.890339,-5.534748,-939.082381,2.592333,1.441402,0.000482,3.817614,-4.730892,939.082381,2.592333,1.441402,0.000482,3.817614,5.534748,5.534748
I,primera_ejecucion,P2,columna,P. 70x70,col_30.0_8.9_P2,74,72,73,30.0,8.9,-0.05,30.0,8.9,3.91,987.539826,0.500182,-0.245505,-0.015981,-0.24637,-2.723475,-987.539826,-0.500182,0.245505,0.015981,1.218569,4.704195,987.539826,0.500182,0.245505,0.015981,1.218569,4.704195,4.704195
I,primera_ejecucion,P3,columna,P. 70x70,col_30.0_8.9_P3,76,73,75,30.0,8.9,3.91,30.0,8.9,7.87,499.442108,-8.68942,-0.406996,0.025136,0.915966,-19.531133,-499.442108,8.68942,0.406996,-0.025136,0.69574,-14.87897,499.442108,8.68942,0.406996,0.025136,0.915966,19.531133,19.531133
I,primera_ejecucion,P1,columna,P. 70x70,col_30.0_8.9_base_P1,78,77,72,30.0,8.9,-4.01,30.0,8.9,-0.05,1461.944987,-3.051175,-0.379553,-0.000482,0.488698,-6.142303,-1461.944987,3.051175,0.379553,0.000482,1.014332,-5.940349,1461.944987,3.051175,0.379553,0.000482,1.014332,6.142303,6.142303
I,primera_ejecucion,P2,columna,P. 70x70,col_30.0_0.0_P2,81,79,80,30.0,0.0,-0.05,30.0,0.0,3.91,695.267963,3.530258,0.843393,-0.015981,1.125515,7.558791,-695.267963,-3.530258,-0.843393,0.015981,-4.465351,6.421032,695.267963,3.530258,0.843393,0.015981,4.465351,7.558791,7.558791
I,primera_ejecucion,P3,columna,P. 70x70,col_30.0_0.0_P3,83,80,82,30.0,0.0,3.91,30.0,0.0,7.87,350.100503,-7.162836,8.18654,0.025136,-14.674077,-19.601767,-350.100503,7.162836,-8.18654,-0.025136,-17.74462,-8.763064,350.100503,7.162836,8.18654,0.025136,17.74462,19.601767,19.601767
I,primera_ejecucion,P1,columna,P. 70x70,col_30.0_0.0_base_P1,85,84,79,30.0,0.0,-4.01,30.0,0.0,-0.05,1013.027159,1.762887,-2.507758,-0.000482,3.297928,0.209945,-1013.027159,-1.762887,2.507758,0.000482,6.632792,6.771087,1013.027159,1.762887,2.507758,0.000482,6.632792,6.771087,6.771087
I,primera_ejecucion,P2,columna,P. 70x70,col_40.0_16.15_P2,88,86,87,40.0,16.15,-0.05,40.0,16.15,3.91,351.415139,-11.55126,-3.1219,-0.015981,5.030812,-17.016235,-351.415139,11.55126,3.1219,0.015981,7.331911,-28.726755,351.415139,11.55126,3.1219,0.015981,7.331911,28.726755,28.726755
I,primera_ejecucion,P3,columna,P. 70x70,col_40.0_16.15_P3,90,87,89,40.0,16.15,3.91,40.0,16.15,7.87,142.967506,-68.538998,-7.341631,0.025136,12.164678,-116.216214,-142.967506,68.538998,7.341631,-0.025136,16.90818,-155.198216,142.967506,68.538998,7.341631,0.025136,16.90818,155.198216,155.198216
I,primera_ejecucion,P1,columna,P. 70x70,col_40.0_16.15_base_P1,92,91,86,40.0,16.15,-4.01,40.0,16.15,-0.05,527.51534,-1.872012,-1.439739,-0.000482,1.890743,-4.583924,-527.51534,1.872012,1.439739,0.000482,3.810624,-2.829244,527.51534,1.872012,1.439739,0.000482,3.810624,4.583924,4.583924
I,primera_ejecucion,P2,columna,P. 70x70,col_40.0_8.9_P2,95,93,94,40.0,8.9,-0.05,40.0,8.9,3.91,684.723983,-23.136509,-0.549783,-0.015981,0.451295,-31.492861,-684.723983,23.136509,0.549783,0.015981,1.725848,-60.127713,684.723983,23.136509,0.549783,0.015981,1.725848,60.127713,60.127713
I,primera_ejecucion,P3,columna,P. 70x70,col_40.0_8.9_P3,97,94,96,40.0,8.9,3.91,40.0,8.9,7.87,306.61281,-104.825175,-1.057404,0.025136,1.658629,-180.061807,-306.61281,104.825175,1.057404,-0.025136,2.528691,-235.045886,306.61281,104.825175,1.057404,0.025136,2.528691,235.045886,235.045886
I,primera_ejecucion,P1,columna,P. 70x70,col_40.0_8.9_base_P1,99,98,93,40.0,8.9,-4.01,40.0,8.9,-0.05,1041.030821,-1.209474,-0.542524,-0.000482,0.706419,-3.711258,-1041.030821,1.209474,0.542524,0.000482,1.441977,-1.078258,1041.030821,1.209474,0.542524,0.000482,1.441977,3.711258,3.711258
I,primera_ejecucion,P2,columna,P. 70x70,col_40.0_0.0_P2,102,100,101,40.0,0.0,-0.05,40.0,0.0,3.91,479.17562,-11.125064,2.669146,-0.015981,-5.318144,-10.282294,-479.17562,11.125064,-2.669146,0.015981,-5.251676,-33.772961,479.17562,11.125064,2.669146,0.015981,5.318144,33.772961,33.772961
I,primera_ejecucion,P3,columna,P. 70x70,col_40.0_0.0_P3,104,101,103,40.0,0.0,3.91,40.0,0.0,7.87,205.539241,-82.873395,6.281338,0.025136,-10.757047,-140.388672,-205.539241,82.873395,-6.281338,-0.025136,-14.117052,-187.789974,205.539241,82.873395,6.281338,0.025136,14.117052,187.789974,187.789974
I,primera_ejecucion,P1,columna,P. 70x70,col_40.0_0.0_base_P1,106,105,100,40.0,0.0,-4.01,40.0,0.0,-0.05,569.346997,2.902236,0.609333,-0.000482,-0.814032,1.713886,-569.346997,-2.902236,-0.609333,0.000482,-1.598925,9.778968,569.346997,2.902236,0.609333,0.000482,1.598925,9.778968,9.778968
I,primera_ejecucion,P2,columna,P. 70x70,col_45.0_16.15_P2,109,107,108,45.0,16.15,-0.05,45.0,16.15,3.91,323.823628,-11.33434,-1.02242,-0.015981,1.762321,-14.825419,-323.823628,11.33434,1.02242,0.015981,2.286463,-30.058568,323.823628,11.33434,1.02242,0.015981,2.286463,30.058568,30.058568
I,primera_ejecucion,P3,columna,P. 70x70,col_45.0_16.15_P3,111,108,110,45.0,16.15,3.91,45.0,16.15,7.87,261.232518,63.481473,-3.799179,0.025136,5.103753,56.43266,-261.232518,-63.481473,3.799179,-0.025136,9.940995,194.953975,261.232518,63.481473,3.799179,0.025136,9.940995,194.953975,194.953975
I,primera_ejecucion,P1,columna,P. 70x70,col_45.0_16.15_base_P1,113,112,107,45.0,16.15,-4.01,45.0,16.15,-0.05,419.024938,-0.429223,-1.032448,-0.000482,1.354418,-2.679442,-419.024938,0.429223,1.032448,0.000482,2.734075,0.97972,419.024938,0.429223,1.032448,0.000482,2.734075,2.679442,2.734075
I,primera_ejecucion,P2,columna,P. 70x70,col_45.0_8.9_P2,116,114,115,45.0,8.9,-0.05,45.0,8.9,3.91,503.287172,-15.026929,-0.039146,-0.015981,-0.569943,-20.869071,-503.287172,15.026929,0.039146,0.015981,0.724962,-38.637569,503.287172,15.026929,0.039146,0.015981,0.724962,38.637569,38.637569
I,primera_ejecucion,P3,columna,P. 70x70,col_45.0_8.9_P3,118,115,117,45.0,8.9,3.91,45.0,8.9,7.87,377.934909,76.662285,-0.168817,0.025136,0.048095,70.287139,-377.934909,-76.662285,0.168817,-0.025136,0.620418,233.295509,377.934909,76.662285,0.168817,0.025136,0.620418,233.295509,233.295509
I,primera_ejecucion,P1,columna,P. 70x70,col_45.0_8.9_base_P1,120,119,114,45.0,8.9,-4.01,45.0,8.9,-0.05,697.516485,-1.270727,-0.248855,-0.000482,0.320075,-3.792112,-697.516485,1.270727,0.248855,0.000482,0.66539,-1.239967,697.516485,1.270727,0.248855,0.000482,0.66539,3.792112,3.792112
I,primera_ejecucion,P2,columna,P. 70x70,col_45.0_0.0_P2,123,121,122,45.0,0.0,-0.05,45.0,0.0,3.91,377.294385,-6.362512,-1.621077,-0.015981,5.025783,0.854691,-377.294385,6.362512,1.621077,0.015981,1.393681,-26.050239,377.294385,6.362512,1.621077,0.015981,5.025783,26.050239,26.050239
I,primera_ejecucion,P3,columna,P. 70x70,col_45.0_0.0_P3,125,122,124,45.0,0.0,3.91,45.0,0.0,7.87,296.535556,70.321456,4.262531,0.025136,-7.220712,63.264684,-296.535556,-70.321456,-4.262531,-0.025136,-9.65891,215.20828,296.535556,70.321456,4.262531,0.025136,9.65891,215.20828,215.20828
I,primera_ejecucion,P1,columna,P. 70x70,col_45.0_0.0_base_P1,127,126,121,45.0,0.0,-4.01,45.0,0.0,-0.05,537.194798,6.576794,-2.90611,-0.000482,3.827653,6.564302,-537.194798,-6.576794,2.90611,0.000482,7.680545,19.479802,537.194798,6.576794,2.90611,0.000482,7.680545,19.479802,19.479802
I,primera_ejecucion,P2,columna,P.M. 300x300x20,col_18.96_14.79_base_P2,130,129,128,18.96,14.79,-4.01,18.96,14.79,3.91,0.0,-0.060703,0.012964,-0.001731,-0.102679,-0.480767,0.0,0.060703,-0.012964,0.001731,0.0,0.0,0.0,0.060703,0.012964,0.001731,0.102679,0.480767,0.480767
I,primera_ejecucion,P3,columna,V.M. 300x300x5,col_46.35_0.55_base_P3,133,132,131,46.35,0.55,-4.01,46.35,0.55,7.87,0.0,-0.067994,0.008906,0.000608,-0.105798,-0.807765,0.0,0.067994,-0.008906,-0.000608,-0.0,0.0,0.0,0.067994,0.008906,0.000608,0.105798,0.807765,0.807765
I,primera_ejecucion,P3,columna,V.M. 300x300x5,col_46.36_9.32_base_P3,136,135,134,46.36,9.32,-4.01,46.36,9.32,7.87,0.0,-0.068124,0.008906,0.000608,-0.105799,-0.809315,0.0,0.068124,-0.008906,-0.000608,-0.0,0.0,0.0,0.068124,0.008906,0.000608,0.105799,0.809315,0.809315
I,primera_ejecucion,P3,columna,V.M. 300x300x5,col_46.34_16.61_base_P3,139,138,137,46.34,16.61,-4.01,46.34,16.61,7.87,0.0,-0.068233,0.008905,0.000608,-0.105796,-0.810604,0.0,0.068233,-0.008905,-0.000608,-0.0,0.0,0.0,0.068233,0.008905,0.000608,0.105796,0.810604,0.810604
I,primera_ejecucion,P3,columna,V.M. 300x300x5,col_48.68_0.55_base_P3,142,141,140,48.68,0.55,-4.01,48.68,0.55,7.87,0.0,-0.067994,0.00894,0.000608,-0.106209,-0.807765,0.0,0.067994,-0.00894,-0.000608,-0.0,0.0,0.0,0.067994,0.00894,0.000608,0.106209,0.807765,0.807765
I,primera_ejecucion,P3,columna,V.M. 300x300x5,col_48.7_9.32_base_P3,145,144,143,48.7,9.32,-4.01,48.7,9.32,7.87,0.0,-0.068124,0.00894,0.000608,-0.106213,-0.809315,0.0,0.068124,-0.00894,-0.000608,-0.0,0.0,0.0,0.068124,0.00894,0.000608,0.106213,0.809315,0.809315
I,primera_ejecucion,P3,columna,V.M. 300x300x5,col_48.9_16.61_base_P3,148,147,146,48.9,16.61,-4.01,48.9,16.61,7.87,0.0,-0.068233,0.008943,0.000608,-0.106248,-0.810604,0.0,0.068233,-0.008943,-0.000608,-0.0,0.0,0.0,0.068233,0.008943,0.000608,0.106248,0.810604,0.810604
I,primera_ejecucion,P3,columna,V.M. 300x300x5,col_20.38_18.28_base_P3,151,150,149,20.38,18.28,-4.01,20.38,18.28,7.87,0.0,-0.068257,0.008519,0.000608,-0.101207,-0.810899,0.0,0.068257,-0.008519,-0.000608,-0.0,0.0,0.0,0.068257,0.008519,0.000608,0.101207,0.810899,0.810899
I,primera_ejecucion,P3,columna,V.M. 300x300x5,col_30.4_18.37_base_P3,154,153,152,30.4,18.37,-4.01,30.4,18.37,7.87,0.0,-0.068259,0.008668,0.000608,-0.102979,-0.810915,0.0,0.068259,-0.008668,-0.000608,-0.0,0.0,0.0,0.068259,0.008668,0.000608,0.102979,0.810915,0.810915
I,primera_ejecucion,P3,columna,P.M.I.,col_47.78_-0.6_base_P3,157,156,155,47.78,-0.6,-4.01,47.78,-0.6,7.87,0.0,-0.067977,0.008927,0.000608,-0.10605,-0.807562,0.0,0.067977,-0.008927,-0.000608,-0.0,0.0,0.0,0.067977,0.008927,0.000608,0.10605,0.807562,0.807562
I,primera_ejecucion,P3,columna,P.M.I.,col_47.89_8.3_base_P3,160,159,158,47.89,8.3,-4.01,47.89,8.3,7.87,0.0,-0.068109,0.008928,0.000608,-0.10607,-0.809135,0.0,0.068109,-0.008928,-0.000608,0.0,0.0,0.0,0.068109,0.008928,0.000608,0.10607,0.809135,0.809135
I,primera_ejecucion,P3,columna,P.M.I.,col_47.82_15.51_base_P3,163,162,161,47.82,15.51,-4.01,47.82,15.51,7.87,0.0,-0.068216,0.008927,0.000608,-0.106057,-0.810409,0.0,0.068216,-0.008927,-0.000608,-0.0,-0.0,0.0,0.068216,0.008927,0.000608,0.106057,0.810409,0.810409
I,primera_ejecucion,P3,columna,P.M.I.,col_50.58_-0.6_base_P3,166,165,164,50.58,-0.6,-4.01,50.58,-0.6,7.87,0.0,-0.067977,0.008968,0.000608,-0.106545,-0.807562,0.0,0.067977,-0.008968,-0.000608,-0.0,0.0,0.0,0.067977,0.008968,0.000608,0.106545,0.807562,0.807562
I,primera_ejecucion,P3,columna,P.M.I.,col_50.82_8.61_base_P3,169,168,167,50.82,8.61,-4.01,50.82,8.61,7.87,0.0,-0.068114,0.008972,0.000608,-0.106588,-0.80919,0.0,0.068114,-0.008972,-0.000608,0.0,-0.0,0.0,0.068114,0.008972,0.000608,0.106588,0.80919,0.80919
I,primera_ejecucion,P3,columna,P.M.I.,col_50.71_15.85_base_P3,172,171,170,50.71,15.85,-4.01,50.71,15.85,7.87,0.0,-0.068221,0.00897,0.000608,-0.106568,-0.810469,0.0,0.068221,-0.00897,-0.000608,-0.0,0.0,0.0,0.068221,0.00897,0.000608,0.106568,0.810469,0.810469
I,primera_ejecucion,P3,columna,P.M.I.,col_20.5_20.72_base_P3,175,174,173,20.5,20.72,-4.01,20.5,20.72,7.87,0.0,-0.068294,0.008521,0.000608,-0.101229,-0.81133,0.0,0.068294,-0.008521,-0.000608,-0.0,0.0,0.0,0.068294,0.008521,0.000608,0.101229,0.81133,0.81133
I,primera_ejecucion,P3,columna,P.M.I.,col_30.51_20.66_base_P3,178,177,176,30.51,20.66,-4.01,30.51,20.66,7.87,0.0,-0.068293,0.00867,0.000608,-0.102998,-0.811319,0.0,0.068293,-0.00867,-0.000608,-0.0,0.0,0.0,0.068293,0.00867,0.000608,0.102998,0.811319,0.811319
I,primera_ejecucion,P4,columna,P. 70x70,col_0.0_0.181_base_P4,181,180,179,0.0,0.181,-4.01,0.0,0.181,11.83,51.956925,-2.960044,-8.740642,-4.444986,50.087858,-23.441341,-51.956925,2.960044,8.740642,4.444986,88.363918,-23.445758,51.956925,2.960044,8.740642,4.444986,88.363918,23.445758,88.363918
I,primera_ejecucion,P4,columna,P. 70x70,col_10.0_0.181_base_P4,184,183,182,10.0,0.181,-4.01,10.0,0.181,11.83,142.854739,0.032359,-14.579847,-4.444986,86.90537,-7.641455,-142.854739,-0.032359,14.579847,4.444986,144.039405,8.154014,142.854739,0.032359,14.579847,4.444986,144.039405,8.154014,144.039405
I,primera_ejecucion,P4,columna,P. 70x70,col_30.0_0.181_base_P4,187,186,185,30.0,0.181,-4.01,30.0,0.181,11.83,103.483058,-1.294209,-20.904842,-4.444986,132.274368,-14.645729,-103.483058,1.294209,20.904842,4.444986,198.858323,-5.854534,103.483058,1.294209,20.904842,4.444986,198.858323,14.645729,198.858323
I,primera_ejecucion,P4,columna,P. 70x70,col_20.0_0.181_base_P4,190,189,188,20.0,0.181,-4.01,20.0,0.181,11.83,109.985729,-3.817688,-19.281445,-4.444986,117.716324,-27.969702,-109.985729,3.817688,19.281445,4.444986,187.701773,-32.50248,109.985729,3.817688,19.281445,4.444986,187.701773,32.50248,187.701773
I,primera_ejecucion,P4,columna,P. 70x70,col_40.0_0.181_base_P4,193,192,191,40.0,0.181,-4.01,40.0,0.181,11.83,53.899988,-5.67539,-19.457235,-4.444986,130.617515,-37.778365,-53.899988,5.67539,19.457235,4.444986,177.585079,-52.119805,53.899988,5.67539,19.457235,4.444986,177.585079,52.119805,177.585079
I,primera_ejecucion,P4,columna,P. 70x70,col_45.0_0.181_base_P4,196,195,194,45.0,0.181,-4.01,45.0,0.181,11.83,87.070182,2.74589,-18.375624,-4.444986,127.899868,6.685993,-87.070182,-2.74589,18.375624,4.444986,163.170014,36.808909,87.070182,2.74589,18.375624,4.444986,163.170014,36.808909,163.170014
I,primera_ejecucion,P4,columna,P. 70x70,col_0.0_9.081_base_P4,199,198,197,0.0,9.081,-4.01,0.0,9.081,11.83,255.751611,-1.986795,19.861944,-4.444986,-100.933798,-12.974587,-255.751611,1.986795,-19.861944,4.444986,-213.679394,-18.49624,255.751611,1.986795,19.861944,4.444986,213.679394,18.49624,213.679394
I,primera_ejecucion,P4,columna,P. 70x70,col_10.0_9.081_base_P4,202,201,200,10.0,9.081,-4.01,10.0,9.081,11.83,714.158552,9.741191,30.355306,-4.444986,-150.352234,48.949175,-714.158552,-9.741191,-30.355306,4.444986,-330.475805,105.351285,714.158552,9.741191,30.355306,4.444986,330.475805,105.351285,330.475805
I,primera_ejecucion,P4,columna,P. 70x70,col_20.0_9.081_base_P4,205,204,203,20.0,9.081,-4.01,20.0,9.081,11.83,1028.733711,-2.000433,37.658566,-4.444986,-182.926935,-13.046596,-1028.733711,2.000433,-37.658566,4.444986,-413.584745,-18.640256,1028.733711,2.000433,37.658566,4.444986,413.584745,18.640256,413.584745
I,primera_ejecucion,P4,columna,P. 70x70,col_30.0_9.081_base_P4,208,207,206,30.0,9.081,-4.01,30.0,9.081,11.83,995.24822,-0.233686,34.712004,-4.444986,-161.382575,-3.718171,-995.24822,0.233686,-34.712004,4.444986,-388.455563,0.016592,995.24822,0.233686,34.712004,4.444986,388.455563,3.718171,388.455563
I,primera_ejecucion,P4,columna,P. 70x70,col_40.0_9.081_base_P4,211,210,209,40.0,9.081,-4.01,40.0,9.081,11.83,541.054573,-11.764837,23.016235,-4.444986,-93.642404,-64.602652,-541.054573,11.764837,-23.016235,4.444986,-270.934759,-121.75237,541.054573,11.764837,23.016235,4.444986,270.934759,121.75237,270.934759
I,primera_ejecucion,P4,columna,P. 70x70,col_45.0_9.081_base_P4,214,213,212,45.0,9.081,-4.01,45.0,9.081,11.83,785.067437,16.68545,18.17335,-4.444986,-65.078715,85.614865,-785.067437,-16.68545,-18.17335,4.444986,-222.787151,178.682665,785.067437,16.68545,18.17335,4.444986,222.787151,178.682665,222.787151
I,primera_ejecucion,P4,columna,P. 70x70,col_0.0_16.331_base_P4,217,216,215,0.0,16.331,-4.01,0.0,16.331,11.83,0.0,0.175749,-0.372847,-4.444986,5.905899,2.783865,0.0,-0.175749,0.372847,4.444986,-0.0,-0.0,0.0,0.175749,0.372847,4.444986,5.905899,2.783865,5.905899
I,primera_ejecucion,P4,columna,P. 70x70,col_10.0_16.331_base_P4,220,219,218,10.0,16.331,-4.01,10.0,16.331,11.83,0.0,0.175749,-0.939752,-4.444986,14.885668,2.783865,0.0,-0.175749,0.939752,4.444986,-0.0,-0.0,0.0,0.175749,0.939752,4.444986,14.885668,2.783865,14.885668
I,primera_ejecucion,P4,columna,P. 70x70,col_20.0_16.331_base_P4,223,222,221,20.0,16.331,-4.01,20.0,16.331,11.83,0.0,0.175749,-1.506656,-4.444986,23.865437,2.783865,0.0,-0.175749,1.506656,4.444986,0.0,-0.0,0.0,0.175749,1.506656,4.444986,23.865437,2.783865,23.865437
I,primera_ejecucion,P4,columna,P. 70x70,col_30.0_16.331_base_P4,226,225,224,30.0,16.331,-4.01,30.0,16.331,11.83,0.0,0.175749,-2.073561,-4.444986,32.845207,2.783865,0.0,-0.175749,2.073561,4.444986,0.0,-0.0,0.0,0.175749,2.073561,4.444986,32.845207,2.783865,32.845207
I,primera_ejecucion,P4,columna,P. 70x70,col_40.0_16.331_base_P4,229,228,227,40.0,16.331,-4.01,40.0,16.331,11.83,0.0,0.175749,-2.640466,-4.444986,41.824976,2.783865,0.0,-0.175749,2.640466,4.444986,-0.0,-0.0,0.0,0.175749,2.640466,4.444986,41.824976,2.783865,41.824976
I,primera_ejecucion,P4,columna,P. 70x70,col_45.0_16.331_base_P4,232,231,230,45.0,16.331,-4.01,45.0,16.331,11.83,0.0,0.175749,-2.923918,-4.444986,46.31486,2.783865,0.0,-0.175749,2.923918,4.444986,-0.0,-0.0,0.0,0.175749,2.923918,4.444986,46.31486,2.783865,46.31486
I,primera_ejecucion,P4,columna,P.M. 300x300x20,col_45.97_1.36_base_P4,235,234,233,45.97,1.36,-4.01,45.97,1.36,11.83,0.0,-0.152752,-0.676164,-0.934682,10.710438,-2.419591,0.0,0.152752,0.676164,0.934682,-0.0,-0.0,0.0,0.152752,0.676164,0.934682,10.710438,2.419591,10.710438
I,primera_ejecucion,P4,columna,P.M. 300x300x20,col_48.77_7.46_base_P4,238,237,236,48.77,7.46,-4.01,48.77,7.46,11.83,0.0,-0.074258,-0.712194,-0.934682,11.281151,-1.17625,0.0,0.074258,0.712194,0.934682,-0.0,-0.0,0.0,0.074258,0.712194,0.934682,11.281151,1.17625,11.281151
I,primera_ejecucion,P4,columna,P.M. 300x300x20,col_51.97_8.12_base_P4,241,240,239,51.97,8.12,-4.01,51.97,8.12,11.83,0.0,-0.065765,-0.753371,-0.934682,11.933396,-1.041725,0.0,0.065765,0.753371,0.934682,-0.0,-0.0,0.0,0.065765,0.753371,0.934682,11.933396,1.041725,11.933396
I,primera_ejecucion,P4,columna,P.M. 300x300x20,col_52.11_15.23_base_P4,244,243,242,52.11,15.23,-4.01,52.11,15.23,11.83,0.0,0.025725,-0.755172,-0.934682,11.961931,0.40748,0.0,-0.025725,0.755172,0.934682,0.0,-0.0,0.0,0.025725,0.755172,0.934682,11.961931,0.40748,11.961931
I,primera_ejecucion,P4,columna,P.M. 300x300x20,col_48.73_17.3_base_P4,247,246,245,48.73,17.3,-4.01,48.73,17.3,11.83,0.0,0.052361,-0.711679,-0.934682,11.272998,0.8294,0.0,-0.052361,0.711679,0.934682,0.0,-0.0,0.0,0.052361,0.711679,0.934682,11.272998,0.8294,11.272998
I,primera_ejecucion,P4,columna,P.M. 300x300x20,col_21.5_21.03_base_P4,250,249,248,21.5,21.03,-4.01,21.5,21.03,11.83,0.0,0.100358,-0.361288,-0.934682,5.722809,1.589672,0.0,-0.100358,0.361288,0.934682,0.0,-0.0,0.0,0.100358,0.361288,0.934682,5.722809,1.589672,5.722809
I,primera_ejecucion,P4,columna,P.M. 300x300x20,col_31.55_21.03_base_P4,253,252,251,31.55,21.03,-4.01,31.55,21.03,11.83,0.0,0.100358,-0.49061,-0.934682,7.771263,1.589672,0.0,-0.100358,0.49061,0.934682,-0.0,-0.0,0.0,0.100358,0.49061,0.934682,7.771263,1.589672,7.771263
I,primera_ejecucion,P4,columna,P.M. 300x300x20,col_52.08_-0.87_base_P4,256,255,254,52.08,-0.87,-4.01,52.08,-0.87,11.83,0.0,-0.181447,-0.754786,-0.934682,11.955816,-2.874123,0.0,0.181447,0.754786,0.934682,-0.0,-0.0,0.0,0.181447,0.754786,0.934682,11.955816,2.874123,11.955816
I,primera_ejecucion,P1,muro,M 0.2x8.07x2,muro_-0.25_16.15_base_P1,269,268,267,-0.25,16.15,-4.01,-0.25,16.15,-0.05,180.610599,1.962191,1.697166,-0.047051,-11.088399,2.021615,-180.610599,-1.962191,-1.697166,0.047051,4.367622,5.74866,180.610599,1.962191,1.697166,0.047051,11.088399,5.74866,11.088399
I,primera_ejecucion,P1,muro,M 0.2x8.07x2,muro_-0.25_0.0_base_P1,272,271,270,-0.25,0.0,-4.01,-0.25,0.0,-0.05,282.082566,3.028035,3.863332,-0.047051,-13.947737,3.4274,-282.082566,-3.028035,-3.863332,0.047051,-1.351056,8.563619,282.082566,3.028035,3.863332,0.047051,13.947737,8.563619,13.947737
I,primera_ejecucion,P1,muro,M 0.3x8.54x2,muro_40.15_26.33_base_P1,275,274,273,40.15,26.33,-4.01,40.15,26.33,-0.05,426.807939,-0.767633,2.851607,-0.083536,-11.292364,-3.039828,-426.807939,0.767633,-2.851607,0.083536,0.0,-0.0,426.807939,0.767633,2.851607,0.083536,11.292364,3.039828,11.292364
I,primera_ejecucion,P1,muro,M 0.3x8.54x2,muro_40.15_9.25_base_P1,278,277,276,40.15,9.25,-4.01,40.15,9.25,-0.05,426.807939,-0.769248,2.851607,-0.083536,-11.292364,-3.046222,-426.807939,0.769248,-2.851607,0.083536,0.0,0.0,426.807939,0.769248,2.851607,0.083536,11.292364,3.046222,11.292364
I,primera_ejecucion,P1,muro,M 0.3x3.05x2,muro_45.4_-0.2_base_P1,281,280,279,45.4,-0.2,-4.01,45.4,-0.2,-0.05,102.495548,-0.275051,0.111579,-0.003837,-0.441853,-1.0892,-102.495548,0.275051,-0.111579,0.003837,-0.0,-0.0,102.495548,0.275051,0.111579,0.003837,0.441853,1.0892,1.0892
I,primera_ejecucion,P1,muro,M 0.3x3.05x2,muro_45.4_-6.3_base_P1,284,283,282,45.4,-6.3,-4.01,45.4,-6.3,-0.05,102.495548,-0.275257,0.111579,-0.003837,-0.441853,-1.090016,-102.495548,0.275257,-0.111579,0.003837,-0.0,0.0,102.495548,0.275257,0.111579,0.003837,0.441853,1.090016,1.090016
I,primera_ejecucion,P1,muro,M 0.15x1.52x2,muro_38.83_-0.6_base_P1,287,286,285,38.83,-0.6,-4.01,38.83,-0.6,-0.05,358.233626,-0.017192,0.008407,-0.00024,-0.033291,-0.068078,-358.233626,0.017192,-0.008407,0.00024,0.0,-0.0,358.233626,0.017192,0.008407,0.00024,0.033291,0.068078,0.068078
I,primera_ejecucion,P1,muro,M 0.15x1.52x2,muro_38.83_-3.65_base_P1,290,289,288,38.83,-3.65,-4.01,38.83,-3.65,-0.05,358.233626,-0.017198,0.008407,-0.00024,-0.033291,-0.068104,-358.233626,0.017198,-0.008407,0.00024,0.0,-0.0,358.233626,0.017198,0.008407,0.00024,0.033291,0.068104,0.068104
I,primera_ejecucion,P3,muro,M 0.3x1.08x2,muro_3.55_4.0_P3,293,291,292,3.55,4.0,3.91,3.55,4.0,7.87,26.24815,-0.207275,0.057961,0.009346,-0.229524,-0.820809,-26.24815,0.207275,-0.057961,-0.009346,-0.0,-0.0,26.24815,0.207275,0.057961,0.009346,0.229524,0.820809,0.820809
I,primera_ejecucion,P2,muro,M 0.3x1.08x2,muro_3.55_4.0_base_P2,295,294,291,3.55,4.0,-4.01,3.55,4.0,3.91,52.375657,0.122579,0.055232,-0.003061,-0.66696,0.150019,-52.375657,-0.122579,-0.055232,0.003061,0.229524,0.820809,52.375657,0.122579,0.055232,0.003061,0.66696,0.820809,0.820809
I,primera_ejecucion,P3,muro,M 0.3x1.08x2,muro_3.55_6.15_P3,298,296,297,3.55,6.15,3.91,3.55,6.15,7.87,26.24815,-0.20807,0.057961,0.009346,-0.229524,-0.823958,-26.24815,0.20807,-0.057961,-0.009346,-0.0,0.0,26.24815,0.20807,0.057961,0.009346,0.229524,0.823958,0.823958
I,primera_ejecucion,P2,muro,M 0.3x1.08x2,muro_3.55_6.15_base_P2,300,299,296,3.55,6.15,-4.01,3.55,6.15,3.91,52.375657,0.123285,0.055232,-0.003061,-0.66696,0.152458,-52.375657,-0.123285,-0.055232,0.003061,0.229524,0.823958,52.375657,0.123285,0.055232,0.003061,0.66696,0.823958,0.823958
I,primera_ejecucion,P3,muro,M 0.3x1.13x2,muro_6.45_3.9_P3,303,301,302,6.45,3.9,3.91,6.45,3.9,7.87,28.41905,-0.216877,0.082215,0.010644,-0.325572,-0.858833,-28.41905,0.216877,-0.082215,-0.010644,-0.0,-0.0,28.41905,0.216877,0.082215,0.010644,0.325572,0.858833,0.858833
I,primera_ejecucion,P2,muro,M 0.3x1.13x2,muro_6.45_3.9_base_P2,305,304,301,6.45,3.9,-4.01,6.45,3.9,3.91,57.119721,0.128246,0.049297,-0.003486,-0.716007,0.156878,-57.119721,-0.128246,-0.049297,0.003486,0.325572,0.858833,57.119721,0.128246,0.049297,0.003486,0.716007,0.858833,0.858833
I,primera_ejecucion,P3,muro,M 0.3x1.13x2,muro_6.45_6.15_P3,308,306,307,6.45,6.15,3.91,6.45,6.15,7.87,28.41905,-0.217748,0.082215,0.010644,-0.325572,-0.862281,-28.41905,0.217748,-0.082215,-0.010644,-0.0,-0.0,28.41905,0.217748,0.082215,0.010644,0.325572,0.862281,0.862281
I,primera_ejecucion,P2,muro,M 0.3x1.13x2,muro_6.45_6.15_base_P2,310,309,306,6.45,6.15,-4.01,6.45,6.15,3.91,57.119721,0.129019,0.049297,-0.003486,-0.716007,0.159549,-57.119721,-0.129019,-0.049297,0.003486,0.325572,0.862281,57.119721,0.129019,0.049297,0.003486,0.716007,0.862281,0.862281
I,primera_ejecucion,P3,muro,M 0.2x3.47x2,muro_-0.35_3.9_P3,313,311,312,-0.35,3.9,3.91,-0.35,3.9,7.87,61.771963,-0.198491,0.88812,0.195895,-3.516956,-0.786026,-61.771963,0.198491,-0.88812,-0.195895,-0.0,0.0,61.771963,0.198491,0.88812,0.195895,3.516956,0.786026,3.516956
I,primera_ejecucion,P2,muro,M 0.2x3.47x2,muro_-0.35_3.9_base_P2,315,314,311,-0.35,3.9,-4.01,-0.35,3.9,3.91,123.725824,0.117374,1.613828,-0.064153,-16.298472,0.143579,-123.725824,-0.117374,-1.613828,0.064153,3.516956,0.786026,123.725824,0.117374,1.613828,0.064153,16.298472,0.786026,16.298472
I,primera_ejecucion,P3,muro,M 0.2x3.47x2,muro_6.6_3.9_P3,318,316,317,6.6,3.9,3.91,6.6,3.9,7.87,61.771963,-0.198491,1.631393,0.195895,-6.460316,-0.786026,-61.771963,0.198491,-1.631393,-0.195895,-0.0,0.0,61.771963,0.198491,1.631393,0.195895,6.460316,0.786026,6.460316
I,primera_ejecucion,P2,muro,M 0.2x3.47x2,muro_6.6_3.9_base_P2,320,319,316,6.6,3.9,-4.01,6.6,3.9,3.91,123.725824,0.117374,0.954355,-0.064153,-14.018809,0.143579,-123.725824,-0.117374,-0.954355,0.064153,6.460316,0.786026,123.725824,0.117374,0.954355,0.064153,14.018809,0.786026,14.018809
I,primera_ejecucion,P2,muro,M 0.25x0.84x2,muro_3.275_12.266_base_P2,323,322,321,3.275,12.266,-4.01,3.275,12.266,3.91,33.050154,-0.014668,0.039244,-0.001227,-0.310811,-0.116173,-33.050154,0.014668,-0.039244,0.001227,0.0,0.0,33.050154,0.014668,0.039244,0.001227,0.310811,0.116173,0.310811
I,primera_ejecucion,P2,muro,M 0.25x0.84x2,muro_3.275_13.945_base_P2,326,325,324,3.275,13.945,-4.01,3.275,13.945,3.91,33.050154,-0.01463,0.039244,-0.001227,-0.310811,-0.115868,-33.050154,0.01463,-0.039244,0.001227,0.0,0.0,33.050154,0.01463,0.039244,0.001227,0.310811,0.115868,0.310811
I,primera_ejecucion,P2,muro,M 0.25x0.84x2,muro_6.725_12.266_base_P2,329,328,327,6.725,12.266,-4.01,6.725,12.266,3.91,33.050154,-0.014668,0.038351,-0.001227,-0.303742,-0.116173,-33.050154,0.014668,-0.038351,0.001227,0.0,0.0,33.050154,0.014668,0.038351,0.001227,0.303742,0.116173,0.303742
I,primera_ejecucion,P2,muro,M 0.25x0.84x2,muro_6.725_13.945_base_P2,332,331,330,6.725,13.945,-4.01,6.725,13.945,3.91,33.050154,-0.01463,0.038351,-0.001227,-0.303742,-0.115868,-33.050154,0.01463,-0.038351,0.001227,0.0,0.0,33.050154,0.01463,0.038351,0.001227,0.303742,0.115868,0.303742
I,primera_ejecucion,P3,muro,M 0.2x1.72x2,muro_3.275_13.845_P3,335,333,334,3.275,13.845,3.91,3.275,13.845,7.87,31.698325,-0.100281,0.156058,0.024204,-0.617988,-0.397111,-31.698325,0.100281,-0.156058,-0.024204,-0.0,0.0,31.698325,0.100281,0.156058,0.024204,0.617988,0.397111,0.617988
I,primera_ejecucion,P2,muro,M 0.2x1.72x2,muro_3.275_13.845_base_P2,337,336,333,3.275,13.845,-4.01,3.275,13.845,3.91,51.447808,0.059817,0.155331,-0.007927,-1.84821,0.076637,-51.447808,-0.059817,-0.155331,0.007927,0.617988,0.397111,51.447808,0.059817,0.155331,0.007927,1.84821,0.397111,1.84821
I,primera_ejecucion,P3,muro,M 0.2x1.72x2,muro_6.725_13.845_P3,340,338,339,6.725,13.845,3.91,6.725,13.845,7.87,31.698325,-0.100281,0.20119,0.024204,-0.796711,-0.397111,-31.698325,0.100281,-0.20119,-0.024204,-0.0,0.0,31.698325,0.100281,0.20119,0.024204,0.796711,0.397111,0.796711
I,primera_ejecucion,P2,muro,M 0.2x1.72x2,muro_6.725_13.845_base_P2,342,341,338,6.725,13.845,-4.01,6.725,13.845,3.91,51.447808,0.059817,0.115287,-0.007927,-1.709787,0.076637,-51.447808,-0.059817,-0.115287,0.007927,0.796711,0.397111,51.447808,0.059817,0.115287,0.007927,1.709787,0.397111,1.709787
I,primera_ejecucion,P3,muro,M 0.25x0.74x2,muro_3.275_12.266_base_P3,344,322,343,3.275,12.266,-4.01,3.275,12.266,7.87,26.482145,-0.014453,0.015332,0.000301,-0.182141,-0.171699,-26.482145,0.014453,-0.015332,-0.000301,-0.0,-0.0,26.482145,0.014453,0.015332,0.000301,0.182141,0.171699,0.182141
I,primera_ejecucion,P3,muro,M 0.25x0.74x2,muro_3.275_13.745_base_P3,347,346,345,3.275,13.745,-4.01,3.275,13.745,7.87,26.482145,-0.014457,0.015332,0.000301,-0.182141,-0.171755,-26.482145,0.014457,-0.015332,-0.000301,-0.0,0.0,26.482145,0.014457,0.015332,0.000301,0.182141,0.171755,0.182141
I,primera_ejecucion,P3,muro,M 0.25x0.74x2,muro_6.725_12.266_base_P3,349,328,348,6.725,12.266,-4.01,6.725,12.266,7.87,26.482145,-0.014453,0.015427,0.000301,-0.183273,-0.171699,-26.482145,0.014453,-0.015427,-0.000301,0.0,0.0,26.482145,0.014453,0.015427,0.000301,0.183273,0.171699,0.183273
I,primera_ejecucion,P3,muro,M 0.25x0.74x2,muro_6.725_13.745_base_P3,352,351,350,6.725,13.745,-4.01,6.725,13.745,7.87,26.482145,-0.014457,0.015427,0.000301,-0.183273,-0.171755,-26.482145,0.014457,-0.015427,-0.000301,0.0,0.0,26.482145,0.014457,0.015427,0.000301,0.183273,0.171755,0.183273
I,primera_ejecucion,P4,muro,M 0.2x3.40x2,muro_-0.35_4.081_base_P4,355,354,353,-0.35,4.081,-4.01,-0.35,4.081,11.83,54.12868,-0.058763,-11.557291,-32.451338,183.067485,-0.930799,-54.12868,0.058763,11.557291,32.451338,-0.0,-0.0,54.12868,0.058763,11.557291,32.451338,183.067485,0.930799,183.067485
I,primera_ejecucion,P4,muro,M 0.2x3.40x2,muro_6.45_4.081_base_P4,358,357,356,6.45,4.081,-4.01,6.45,4.081,11.83,54.12868,-0.058763,-24.178283,-32.451338,382.984002,-0.930799,-54.12868,0.058763,24.178283,32.451338,0.0,-0.0,54.12868,0.058763,24.178283,32.451338,382.984002,0.930799,382.984002
I,primera_ejecucion,P4,muro,M 0.3x1.08x2,muro_3.55_4.181_base_P4,361,360,359,3.55,4.181,-4.01,3.55,4.181,11.83,23.300425,-0.06202,-0.891129,-1.652657,14.115489,-0.982396,-23.300425,0.06202,0.891129,1.652657,-0.0,-0.0,23.300425,0.06202,0.891129,1.652657,14.115489,0.982396,14.115489
I,primera_ejecucion,P4,muro,M 0.3x1.08x2,muro_3.55_6.331_base_P4,364,363,362,3.55,6.331,-4.01,3.55,6.331,11.83,23.300425,-0.047286,-0.891129,-1.652657,14.115489,-0.749005,-23.300425,0.047286,0.891129,1.652657,0.0,-0.0,23.300425,0.047286,0.891129,1.652657,14.115489,0.749005,14.115489
I,primera_ejecucion,P4,muro,M 0.3x1.08x2,muro_6.45_4.181_base_P4,367,366,365,6.45,4.181,-4.01,6.45,4.181,11.83,28.318978,-0.06202,-1.146319,-1.652657,18.157687,-0.982396,-28.318978,0.06202,1.146319,1.652657,0.0,-0.0,28.318978,0.06202,1.146319,1.652657,18.157687,0.982396,18.157687
I,primera_ejecucion,P4,muro,M 0.3x1.08x2,muro_6.45_6.331_base_P4,370,369,368,6.45,6.331,-4.01,6.45,6.331,11.83,28.318978,-0.047286,-1.146319,-1.652657,18.157687,-0.749005,-28.318978,0.047286,1.146319,1.652657,-0.0,-0.0,28.318978,0.047286,1.146319,1.652657,18.157687,0.749005,18.157687
I,primera_ejecucion,P4,muro,M 0.25x0.79x2,muro_3.275_12.448_base_P4,373,372,371,3.275,12.448,-4.01,3.275,12.448,11.83,29.012718,-0.002279,-0.285633,-0.555887,4.524429,-0.036095,-29.012718,0.002279,0.285633,0.555887,0.0,-0.0,29.012718,0.002279,0.285633,0.555887,4.524429,0.036095,4.524429
I,primera_ejecucion,P4,muro,M 0.25x0.79x2,muro_3.275_14.026_base_P4,376,375,374,3.275,14.026,-4.01,3.275,14.026,11.83,17.456794,0.002315,-0.285633,-0.555887,4.524429,0.036662,-17.456794,-0.002315,0.285633,0.555887,-0.0,-0.0,17.456794,0.002315,0.285633,0.555887,4.524429,0.036662,4.524429
I,primera_ejecucion,P4,muro,M 0.25x0.79x2,muro_6.725_12.448_base_P4,379,378,377,6.725,12.448,-4.01,6.725,12.448,11.83,29.012718,-0.002279,-0.385658,-0.555887,6.108823,-0.036095,-29.012718,0.002279,0.385658,0.555887,0.0,-0.0,29.012718,0.002279,0.385658,0.555887,6.108823,0.036095,6.108823
I,primera_ejecucion,P4,muro,M 0.25x0.79x2,muro_6.725_14.026_base_P4,382,381,380,6.725,14.026,-4.01,6.725,14.026,11.83,17.456794,0.002315,-0.385658,-0.555887,6.108823,0.036662,-17.456794,-0.002315,0.385658,0.555887,0.0,-0.0,17.456794,0.002315,0.385658,0.555887,6.108823,0.036662,6.108823
I,primera_ejecucion,P4,muro,M 0.2x1.72x2,muro_3.275_14.026_base_P4,383,375,374,3.275,14.026,-4.01,3.275,14.026,11.83,30.532796,0.002591,-2.388003,-4.280181,37.825966,0.04104,-30.532796,-0.002591,2.388003,4.280181,-0.0,-0.0,30.532796,0.002591,2.388003,4.280181,37.825966,0.04104,37.825966
I,primera_ejecucion,P4,muro,M 0.2x1.72x2,muro_6.725_14.026_base_P4,384,381,380,6.725,14.026,-4.01,6.725,14.026,11.83,30.532796,0.002591,-3.224249,-4.280181,51.072108,0.04104,-30.532796,-0.002591,3.224249,4.280181,0.0,-0.0,30.532796,0.002591,3.224249,4.280181,51.072108,0.04104,51.072108
I,primera_ejecucion,CP1S,viga,V,H_EI_CP1S_y0000_0.200-10.000,386,385,257,-0.15022726894,16.5005345365,-4.01,9.65,16.501,-4.01,0.0,0.0,-7.531664,0.0,0.0,0.0,0.0,0.0,7.531664,-0.0,73.812017,0.0,0.0,0.0,7.531664,0.0,73.812017,0.0,73.812017
I,primera_ejecucion,CP1S,viga,V,H_EI_CP1S_y0760_0.200-10.000,389,388,9,-0.15022726894,8.900534536499999,-4.01,-0.0,8.9,-4.01,0.0,0.0,-0.953757,0.0,0.0,0.0,0.0,0.0,0.953757,-0.0,0.143281,0.0,0.0,0.0,0.953757,0.0,0.143281,0.0,0.143281
I,primera_ejecucion,CP1S,viga,V,H_EI_CP1S_y0760_0.200-10.000,391,9,390,-0.0,8.9,-4.01,9.64977273106,8.900534536499999,-4.01,0.0,0.0,61.357001,-0.0,-592.08112,0.0,0.0,0.0,-61.357001,0.0,0.0,0.0,0.0,0.0,61.357001,0.0,592.08112,0.0,592.08112
I,primera_ejecucion,CP1S,viga,V,H_EI_CP1S_y1695_0.200-21.600,393,392,258,-0.15022726894,-0.45046546350000227,-4.01,9.65,-0.45,-4.01,0.0,0.0,-133.108062,0.0,0.0,0.0,0.0,0.0,133.108062,-0.0,1304.489259,0.0,0.0,0.0,133.108062,0.0,1304.489259,0.0,1304.489259
I,primera_ejecucion,CP1S,viga,V,H_EI_CP1S_y1695_0.200-21.600,395,258,394,9.65,-0.45,-4.01,21.249772731060002,-0.45046546350000227,-4.01,0.0,0.0,157.556481,0.0,-1827.619378,0.0,0.0,0.0,-157.556481,-0.0,0.0,0.0,0.0,0.0,157.556481,0.0,1827.619378,0.0,1827.619378
I,primera_ejecucion,CP1S,viga,V,H_EI_CP1S_y2732_0.200-21.600,398,396,397,-0.15022726894,-10.819465463500002,-4.01,21.249772731060002,-10.819465463500002,-4.01,9.627117,-0.0,-0.009665,0.0,0.12121,-0.0,-9.627117,0.0,0.009665,-0.0,0.085619,-0.0,9.627117,0.0,0.009665,0.0,0.12121,0.0,0.12121
I,primera_ejecucion,CP1S,viga,V,H_EI_CP1S_y0601_0.700-10.000,401,399,400,0.34999973106000004,15.899999536499998,-4.01,9.649999731060001,15.899999536499998,-4.01,0.0,0.0,0.0,-0.0,0.0,0.0,0.0,0.0,0.0,0.0,0.0,0.0,0.0,0.0,0.0,0.0,0.0,0.0,0.0
I,primera_ejecucion,CP1S,viga,V,H_EI_CP1S_y1625_0.700-10.000,404,402,403,0.34999973106000004,0.24999953649999895,-4.01,9.649999731060001,0.24999953649999895,-4.01,0.0,0.0,0.0,-0.0,0.0,0.0,0.0,0.0,0.0,0.0,0.0,0.0,0.0,0.0,0.0,0.0,0.0,0.0,0.0
I,primera_ejecucion,CP1S,viga,V,V_EI_CP1S_x0060_0.700-16.150,407,405,406,0.24999573105999995,15.800166536499999,-4.01,0.24999573105999995,0.3499995364999968,-4.01,0.0,0.0,0.0,-0.0,0.0,0.0,0.0,0.0,0.0,0.0,0.0,0.0,0.0,0.0,0.0,0.0,0.0,0.0,0.0
I,primera_ejecucion,P1,viga,V,GV_CP1_G3,408,267,17,-0.25,16.15,-0.05,-0.0,16.15,-0.05,0.0,-0.0,178.853106,-4.367622,-5.74866,-0.0,0.0,0.0,-178.853106,4.367622,-38.964617,-0.0,0.0,0.0,178.853106,4.367622,38.964617,0.0,38.964617
I,primera_ejecucion,P1,viga,V,GV_CP1_G3,409,17,31,-0.0,16.15,-0.05,10.0,16.15,-0.05,0.0,-0.0,0.658198,-0.065088,1.146825,-0.0,0.0,0.0,-0.658198,0.065088,-7.728806,-0.0,0.0,0.0,0.658198,0.065088,7.728806,0.0,7.728806
I,primera_ejecucion,P1,viga,V,GV_CP1_G3,410,31,51,10.0,16.15,-0.05,20.0,16.15,-0.05,0.0,-0.0,0.345729,0.01784,-4.788366,-0.0,0.0,0.0,-0.345729,-0.01784,1.331071,-0.0,0.0,0.0,0.345729,0.01784,4.788366,0.0,4.788366
I,primera_ejecucion,P1,viga,V,GV_CP1_G3,411,51,65,20.0,16.15,-0.05,30.0,16.15,-0.05,0.0,0.0,-1.335726,0.00041,8.190974,0.0,0.0,-0.0,1.335726,-0.00041,5.166288,0.0,0.0,0.0,1.335726,0.00041,8.190974,0.0,8.190974
I,primera_ejecucion,P1,viga,V,GV_CP1_G3,412,65,86,30.0,16.15,-0.05,40.0,16.15,-0.05,0.0,-0.0,-1.410688,0.00061,6.812561,-0.0,0.0,0.0,1.410688,-0.00061,7.294314,-0.0,0.0,0.0,1.410688,0.00061,7.294314,0.0,7.294314
I,primera_ejecucion,P1,viga,V,GV_CP1_G3,413,86,107,40.0,16.15,-0.05,45.0,16.15,-0.05,0.0,0.0,-5.446404,0.0891,12.651069,0.0,0.0,-0.0,5.446404,-0.0891,14.580952,0.0,0.0,0.0,5.446404,0.0891,14.580952,0.0,14.580952
I,primera_ejecucion,P1,viga,V,GV_CP1_G3,415,107,414,45.0,16.15,-0.05,45.35,16.15,-0.05,0.0,0.0,2.46049,-0.0,-0.861171,0.0,0.0,-0.0,-2.46049,0.0,0.0,0.0,0.0,0.0,2.46049,0.0,0.861171,0.0,0.861171
I,primera_ejecucion,P1,viga,V,GV_CP1_G2,417,416,10,-0.25,8.899999999999999,-0.05,-0.0,8.9,-0.05,0.0,-0.0,-3.473449,-0.0,-0.0,-0.0,0.0,0.0,3.473449,0.0,0.868362,-0.0,0.0,0.0,3.473449,0.0,0.868362,0.0,0.868362
I,primera_ejecucion,P1,viga,V,GV_CP1_G2,418,10,24,-0.0,8.9,-0.05,10.0,8.9,-0.05,0.0,-0.0,1.699541,-0.008487,-6.47366,-0.0,0.0,0.0,-1.699541,0.008487,-10.521746,-0.0,0.0,0.0,1.699541,0.008487,10.521746,0.0,10.521746
I,primera_ejecucion,P1,viga,V,GV_CP1_G2,419,24,58,10.0,8.9,-0.05,20.0,8.9,-0.05,0.0,-0.0,0.409561,0.028456,-4.12696,-0.0,0.0,0.0,-0.409561,-0.028456,0.031352,-0.0,0.0,0.0,0.409561,0.028456,4.12696,0.0,4.12696
I,primera_ejecucion,P1,viga,V,GV_CP1_G2,420,58,72,20.0,8.9,-0.05,30.0,8.9,-0.05,0.0,0.0,-0.724531,0.016261,4.687468,0.0,0.0,-0.0,0.724531,-0.016261,2.55784,0.0,0.0,0.0,0.724531,0.016261,4.687468,0.0,4.687468
I,primera_ejecucion,P1,viga,V,GV_CP1_G2,421,72,93,30.0,8.9,-0.05,40.0,8.9,-0.05,0.0,-0.0,-1.475909,-0.017312,6.763678,-0.0,0.0,0.0,1.475909,0.017312,7.995413,-0.0,0.0,0.0,1.475909,0.017312,7.995413,0.0,7.995413
I,primera_ejecucion,P1,viga,V,GV_CP1_G2,422,93,114,40.0,8.9,-0.05,45.0,8.9,-0.05,0.0,0.0,-9.975264,0.064363,24.979128,0.0,0.0,-0.0,9.975264,-0.064363,24.897195,0.0,0.0,0.0,9.975264,0.064363,24.979128,0.0,24.979128
I,primera_ejecucion,P1,viga,V,GV_CP1_G2,424,114,423,45.0,8.9,-0.05,45.35,8.899999999999999,-0.05,0.0,0.0,4.862829,0.0,-1.70199,0.0,0.0,-0.0,-4.862829,-0.0,-0.0,0.0,0.0,0.0,4.862829,0.0,1.70199,0.0,1.70199
I,primera_ejecucion,P1,viga,V,GV_CP1_G1_oeste,425,270,2,-0.25,0.0,-0.05,-0.0,-0.0,-0.05,0.0,-0.0,279.410825,1.351056,-8.563619,-0.0,0.0,0.0,-279.410825,-1.351056,-61.289087,-0.0,0.0,0.0,279.410825,1.351056,61.289087,0.0,61.289087
I,primera_ejecucion,P1,viga,V,GV_CP1_G1_oeste,426,2,38,-0.0,-0.0,-0.05,10.0,-0.0,-0.05,0.0,-0.0,-0.207275,0.002595,5.912824,-0.0,0.0,0.0,0.207275,-0.002595,-3.840069,-0.0,0.0,0.0,0.207275,0.002595,5.912824,0.0,5.912824
I,primera_ejecucion,P1,viga,V,GV_CP1_G1_oeste,427,38,45,10.0,-0.0,-0.05,20.0,0.0,-0.05,0.0,-0.0,0.456722,0.002519,-3.373936,-0.0,0.0,0.0,-0.456722,-0.002519,-1.19328,-0.0,0.0,0.0,0.456722,0.002519,3.373936,0.0,3.373936
I,primera_ejecucion,P1,viga,V,GV_CP1_G1_oeste,428,45,79,20.0,0.0,-0.05,30.0,0.0,-0.05,0.0,0.0,-1.219857,-0.311534,4.828058,0.0,0.0,-0.0,1.219857,0.311534,7.370511,0.0,0.0,0.0,1.219857,0.311534,7.370511,0.0,7.370511
I,primera_ejecucion,P1,viga,V,GV_CP1_GE_este,431,429,430,30.35,-0.20000000000000284,-0.05,45.35,-0.20000000000000284,-0.05,0.0,-0.0,-1.644788,-0.028498,11.262795,-0.0,-0.0,0.0,1.644788,0.028498,13.409024,-0.0,0.0,0.0,1.644788,0.028498,13.409024,0.0,13.409024
I,primera_ejecucion,P1,viga,V,V_COL_CP1_E,432,17,10,-0.0,16.15,-0.05,-0.0,8.9,-0.05,0.0,0.0,2.362685,-0.912905,-8.426943,0.0,0.0,-0.0,-2.362685,0.912905,-8.702525,0.0,0.0,0.0,2.362685,0.912905,8.702525,0.0,8.702525
I,primera_ejecucion,P1,viga,V,V_COL_CP1_E,433,10,2,-0.0,8.9,-0.05,-0.0,-0.0,-0.05,0.0,-0.0,-1.590669,1.139759,7.461566,-0.0,0.0,0.0,1.590669,-1.139759,6.695391,-0.0,0.0,0.0,1.590669,1.139759,7.461566,0.0,7.461566
I,primera_ejecucion,P1,viga,V,V_COL_CP1_F,434,31,24,10.0,16.15,-0.05,10.0,8.9,-0.05,0.0,0.0,2.235209,0.170865,-7.725008,0.0,0.0,-0.0,-2.235209,-0.170865,-8.480254,0.0,0.0,0.0,2.235209,0.170865,8.480254,0.0,8.480254
I,primera_ejecucion,P1,viga,V,V_COL_CP1_F,435,24,38,10.0,8.9,-0.05,10.0,-0.0,-0.05,0.0,-0.0,-1.432494,0.096482,6.795939,-0.0,0.0,0.0,1.432494,-0.096482,5.953261,-0.0,0.0,0.0,1.432494,0.096482,6.795939,0.0,6.795939
I,primera_ejecucion,P1,viga,V,V_COL_CP1_G,436,51,58,20.0,16.15,-0.05,20.0,8.9,-0.05,0.0,0.0,2.219521,-0.269402,-7.623155,0.0,0.0,-0.0,-2.219521,0.269402,-8.468369,0.0,0.0,0.0,2.219521,0.269402,8.468369,0.0,8.468369
I,primera_ejecucion,P1,viga,V,V_COL_CP1_G,437,58,45,20.0,8.9,-0.05,20.0,0.0,-0.05,0.0,-0.0,-1.686088,-0.265186,7.834901,-0.0,0.0,0.0,1.686088,0.265186,7.171278,-0.0,0.0,0.0,1.686088,0.265186,7.834901,0.0,7.834901
I,primera_ejecucion,P1,viga,V,V_COL_CP1_H,438,65,72,30.0,16.15,-0.05,30.0,8.9,-0.05,0.0,0.0,2.697052,-0.068464,-9.287044,0.0,0.0,-0.0,-2.697052,0.068464,-10.266585,0.0,0.0,0.0,2.697052,0.068464,10.266585,0.0,10.266585
I,primera_ejecucion,P1,viga,V,V_COL_CP1_H,439,72,79,30.0,8.9,-0.05,30.0,0.0,-0.05,0.0,-0.0,-2.32176,0.58923,9.532196,-0.0,0.0,0.0,2.32176,-0.58923,11.131465,-0.0,0.0,0.0,2.32176,0.58923,11.131465,0.0,11.131465
I,primera_ejecucion,P1,viga,V,V_COL_CP1_I,440,86,93,40.0,16.15,-0.05,40.0,8.9,-0.05,0.0,0.0,2.577589,0.099905,-8.929926,0.0,0.0,-0.0,-2.577589,-0.099905,-9.757594,0.0,0.0,0.0,2.577589,0.099905,9.757594,0.0,9.757594
I,primera_ejecucion,P1,viga,V,V_COL_CP1_I,441,93,100,40.0,8.9,-0.05,40.0,0.0,-0.05,0.0,-0.0,-1.651654,0.503326,7.782648,-0.0,0.0,0.0,1.651654,-0.503326,6.917069,-0.0,0.0,0.0,1.651654,0.503326,7.782648,0.0,7.782648
I,primera_ejecucion,P1,viga,V,V_COL_CP1_Ip,442,107,114,45.0,16.15,-0.05,45.0,8.9,-0.05,0.0,0.0,1.31551,-0.125918,-4.407296,0.0,0.0,-0.0,-1.31551,0.125918,-5.13015,0.0,0.0,0.0,1.31551,0.125918,5.13015,0.0,5.13015
I,primera_ejecucion,P1,viga,V,V_COL_CP1_Ip,443,114,121,45.0,8.9,-0.05,45.0,0.0,-0.05,0.0,-0.0,-1.37022,0.960248,5.099065,-0.0,0.0,0.0,1.37022,-0.960248,7.095897,-0.0,0.0,0.0,1.37022,0.960248,7.095897,0.0,7.095897
I,primera_ejecucion,P2,viga,V,H_EI_CP2_y0000_0.00-10.00,444,5,40,-0.0,-0.0,3.91,10.0,-0.0,3.91,0.0,-0.0,-3.569017,0.061555,10.27616,-0.0,0.0,0.0,3.569017,-0.061555,25.414007,-0.0,0.0,0.0,3.569017,0.061555,25.414007,0.0,25.414007
I,primera_ejecucion,P2,viga,V,H_EI_CP2_y0000_10.00-15.00,446,40,445,10.0,-0.0,3.91,15.0,0.0,3.91,0.0,0.0,74.76745,5.011076,-164.986216,0.0,0.0,-0.0,-74.76745,-5.011076,-208.851034,0.0,0.0,0.0,74.76745,5.011076,208.851034,0.0,208.851034
I,primera_ejecucion,P2,viga,V,H_EI_CP2_y0000_15.00-20.00,447,445,47,15.0,0.0,3.91,20.0,0.0,3.91,0.0,-0.0,-87.231375,-4.838241,210.182146,-0.0,0.0,0.0,87.231375,4.838241,225.97473,-0.0,0.0,0.0,87.231375,4.838241,225.97473,0.0,225.97473
I,primera_ejecucion,P2,viga,V,H_EI_CP2_y0000_20.00-25.00,449,47,448,20.0,0.0,3.91,25.0,0.0,3.91,0.0,0.0,83.944417,4.114465,-204.377081,0.0,0.0,-0.0,-83.944417,-4.114465,-215.345004,0.0,0.0,0.0,83.944417,4.114465,215.345004,0.0,215.345004
I,primera_ejecucion,P2,viga,V,H_EI_CP2_y0000_25.00-30.00,450,448,80,25.0,0.0,3.91,30.0,0.0,3.91,0.0,-0.0,-87.934903,-3.988865,215.555336,-0.0,0.0,0.0,87.934903,3.988865,224.119177,-0.0,0.0,0.0,87.934903,3.988865,224.119177,0.0,224.119177
I,primera_ejecucion,P2,viga,V,H_EI_CP2_y0000_30.00-35.00,452,80,451,30.0,0.0,3.91,35.0,0.0,3.91,0.0,-0.0,86.518525,4.970445,-210.734015,-0.0,0.0,0.0,-86.518525,-4.970445,-221.85861,-0.0,0.0,0.0,86.518525,4.970445,221.85861,0.0,221.85861
I,primera_ejecucion,P2,viga,V,H_EI_CP2_y0000_35.00-40.00,453,451,101,35.0,0.0,3.91,40.0,0.0,3.91,0.0,-0.0,-86.786528,-5.224039,221.967544,-0.0,0.0,0.0,86.786528,5.224039,211.965094,-0.0,0.0,0.0,86.786528,5.224039,221.967544,0.0,221.967544
I,primera_ejecucion,P2,viga,V,H_EI_CP2_y0000_40.00-45.00,454,101,122,40.0,0.0,3.91,45.0,0.0,3.91,0.0,-0.0,15.222313,-0.154906,-38.783437,-0.0,0.0,0.0,-15.222313,0.154906,-37.328129,-0.0,0.0,0.0,15.222313,0.154906,38.783437,0.0,38.783437
I,primera_ejecucion,P2,viga,V,H_EI_CP2_y0089_0.00-10.00,455,12,26,-0.0,8.9,3.91,10.0,8.9,3.91,0.0,-0.0,-5.372034,0.023073,17.011846,-0.0,0.0,0.0,5.372034,-0.023073,36.708496,-0.0,0.0,0.0,5.372034,0.023073,36.708496,0.0,36.708496
I,primera_ejecucion,P2,viga,V,H_EI_CP2_y0089_10.00-15.00,457,26,456,10.0,8.9,3.91,15.0,8.9,3.91,0.0,0.0,109.691505,1.436169,-253.806629,0.0,0.0,-0.0,-109.691505,-1.436169,-294.650896,0.0,0.0,0.0,109.691505,1.436169,294.650896,0.0,294.650896
I,primera_ejecucion,P2,viga,V,H_EI_CP2_y0089_15.00-17.20,459,456,458,15.0,8.9,3.91,17.2,8.9,3.91,0.0,0.0,-92.733787,-3.576276,293.919978,0.0,0.0,-0.0,92.733787,3.576276,-89.905647,0.0,0.0,0.0,92.733787,3.576276,293.919978,0.0,293.919978
I,primera_ejecucion,P2,viga,V,H_EI_CP2_y0089_17.20-20.00,460,458,59,17.2,8.9,3.91,20.0,8.9,3.91,0.0,-0.0,-164.683559,0.21221,90.454434,-0.0,0.0,0.0,164.683559,-0.21221,370.659532,-0.0,0.0,0.0,164.683559,0.21221,370.659532,0.0,370.659532
I,primera_ejecucion,P2,viga,V,H_EI_CP2_y0089_20.00-25.00,462,59,461,20.0,8.9,3.91,25.0,8.9,3.91,0.0,0.0,121.100693,-0.325494,-305.01967,0.0,0.0,-0.0,-121.100693,0.325494,-300.483794,0.0,0.0,0.0,121.100693,0.325494,305.01967,0.0,305.01967
I,primera_ejecucion,P2,viga,V,H_EI_CP2_y0089_25.00-30.00,463,461,73,25.0,8.9,3.91,30.0,8.9,3.91,0.0,-0.0,-121.964677,0.219119,300.662066,-0.0,0.0,0.0,121.964677,-0.219119,309.161317,-0.0,0.0,0.0,121.964677,0.219119,309.161317,0.0,309.161317
I,primera_ejecucion,P2,viga,V,H_EI_CP2_y0089_30.00-35.00,465,73,464,30.0,8.9,3.91,35.0,8.9,3.91,0.0,-0.0,120.521569,-1.702049,-295.219459,-0.0,0.0,0.0,-120.521569,1.702049,-307.388387,-0.0,0.0,0.0,120.521569,1.702049,307.388387,0.0,307.388387
I,primera_ejecucion,P2,viga,V,H_EI_CP2_y0089_35.00-40.00,466,464,94,35.0,8.9,3.91,40.0,8.9,3.91,0.0,-0.0,-118.400463,1.698827,306.956716,-0.0,0.0,0.0,118.400463,-1.698827,285.045597,-0.0,0.0,0.0,118.400463,1.698827,306.956716,0.0,306.956716
I,primera_ejecucion,P2,viga,V,H_EI_CP2_y0089_40.00-45.00,467,94,115,40.0,8.9,3.91,45.0,8.9,3.91,0.0,-0.0,14.634504,0.061007,-42.050936,-0.0,0.0,0.0,-14.634504,-0.061007,-31.121582,-0.0,0.0,0.0,14.634504,0.061007,42.050936,0.0,42.050936
I,primera_ejecucion,P2,viga,V,H_EI_CP2_y0162_0.00-10.00,468,19,33,-0.0,16.15,3.91,10.0,16.15,3.91,0.0,-0.0,-5.772536,-0.007794,17.246378,-0.0,0.0,0.0,5.772536,0.007794,40.478977,-0.0,0.0,0.0,5.772536,0.007794,40.478977,0.0,40.478977
I,primera_ejecucion,P2,viga,V,H_EI_CP2_y0162_10.00-15.00,470,33,469,10.0,16.15,3.91,15.0,16.15,3.91,0.0,0.0,104.287165,-1.713908,-240.978336,0.0,0.0,-0.0,-104.287165,1.713908,-280.457489,0.0,0.0,0.0,104.287165,1.713908,280.457489,0.0,280.457489
I,primera_ejecucion,P2,viga,V,H_EI_CP2_y0162_15.00-17.20,472,469,471,15.0,16.15,3.91,17.2,16.15,3.91,0.0,0.0,-79.476421,1.902558,279.857295,0.0,0.0,-0.0,79.476421,-1.902558,-105.009169,0.0,0.0,0.0,79.476421,1.902558,279.857295,0.0,279.857295
I,primera_ejecucion,P2,viga,V,H_EI_CP2_y0162_17.20-20.00,473,471,52,17.2,16.15,3.91,20.0,16.15,3.91,0.0,-0.0,-162.041594,1.389629,104.460382,-0.0,0.0,0.0,162.041594,-1.389629,349.256082,-0.0,0.0,0.0,162.041594,1.389629,349.256082,0.0,349.256082
I,primera_ejecucion,P2,viga,V,H_EI_CP2_y0162_20.00-25.00,475,52,474,20.0,16.15,3.91,25.0,16.15,3.91,0.0,0.0,99.186968,-4.119235,-259.43647,0.0,0.0,-0.0,-99.186968,4.119235,-236.498372,0.0,0.0,0.0,99.186968,4.119235,259.43647,0.0,259.43647
I,primera_ejecucion,P2,viga,V,H_EI_CP2_y0162_25.00-30.00,476,474,66,25.0,16.15,3.91,30.0,16.15,3.91,0.0,-0.0,-94.238595,3.888318,236.109768,-0.0,0.0,0.0,94.238595,-3.888318,235.083207,-0.0,0.0,0.0,94.238595,3.888318,236.109768,0.0,236.109768
I,primera_ejecucion,P2,viga,V,H_EI_CP2_y0162_30.00-35.00,478,66,477,30.0,16.15,3.91,35.0,16.15,3.91,0.0,-0.0,66.491785,-7.071794,-161.739307,-0.0,0.0,0.0,-66.491785,7.071794,-170.719619,-0.0,0.0,0.0,66.491785,7.071794,170.719619,0.0,170.719619
I,primera_ejecucion,P2,viga,V,H_EI_CP2_y0162_35.00-40.00,479,477,87,35.0,16.15,3.91,40.0,16.15,3.91,0.0,-0.0,-67.861765,7.184262,171.042356,-0.0,0.0,0.0,67.861765,-7.184262,168.266469,-0.0,0.0,0.0,67.861765,7.184262,171.042356,0.0,171.042356
I,primera_ejecucion,P2,viga,V,H_EI_CP2_y0162_40.00-45.00,480,87,108,40.0,16.15,3.91,45.0,16.15,3.91,0.0,-0.0,10.387412,0.382176,-25.148665,-0.0,0.0,0.0,-10.387412,-0.382176,-26.788395,-0.0,0.0,0.0,10.387412,0.382176,26.788395,0.0,26.788395
I,primera_ejecucion,P2,viga,V,V_EI_CP2_x0.00_0-16.15,481,5,12,-0.0,-0.0,3.91,-0.0,8.9,3.91,0.0,0.0,2.024901,-0.221218,-8.665528,0.0,0.0,-0.0,-2.024901,0.221218,-9.356087,0.0,0.0,0.0,2.024901,0.221218,9.356087,0.0,9.356087
I,primera_ejecucion,P2,viga,V,V_EI_CP2_x0.00_0-16.15,482,12,19,-0.0,8.9,3.91,-0.0,16.15,3.91,0.0,-0.0,-2.796656,0.346849,10.591305,-0.0,0.0,0.0,2.796656,-0.346849,9.684454,-0.0,0.0,0.0,2.796656,0.346849,10.591305,0.0,10.591305
I,primera_ejecucion,P2,viga,V,V_EI_CP2_x10.00_0-16.15,483,40,26,10.0,-0.0,3.91,10.0,8.9,3.91,0.0,0.0,2.239927,-1.054917,-9.489569,0.0,0.0,-0.0,-2.239927,1.054917,-10.445784,0.0,0.0,0.0,2.239927,1.054917,10.445784,0.0,10.445784
I,primera_ejecucion,P2,viga,V,V_EI_CP2_x10.00_0-16.15,484,26,33,10.0,8.9,3.91,10.0,16.15,3.91,0.0,-0.0,-3.55014,-0.446962,13.453477,-0.0,0.0,0.0,3.55014,0.446962,12.285039,-0.0,0.0,0.0,3.55014,0.446962,13.453477,0.0,13.453477
I,primera_ejecucion,P2,viga,V,V_EI_CP2_x15.00_0-16.15,485,445,456,15.0,0.0,3.91,15.0,8.9,3.91,0.0,0.0,3.707225,-1.331112,-9.849317,0.0,0.0,-0.0,-3.707225,1.331112,-23.144987,0.0,0.0,0.0,3.707225,1.331112,23.144987,0.0,23.144987
I,primera_ejecucion,P2,viga,V,V_EI_CP2_x15.00_0-16.15,486,456,469,15.0,8.9,3.91,15.0,16.15,3.91,0.0,-0.0,-2.999863,-0.600194,18.132542,-0.0,0.0,0.0,2.999863,0.600194,3.616466,-0.0,0.0,0.0,2.999863,0.600194,18.132542,0.0,18.132542
I,primera_ejecucion,P2,viga,V,V_EI_CP2_x20.00_0-16.15,487,47,59,20.0,0.0,3.91,20.0,8.9,3.91,0.0,0.0,2.704708,1.207311,-11.227534,0.0,0.0,-0.0,-2.704708,-1.207311,-12.844367,0.0,0.0,0.0,2.704708,1.207311,12.844367,0.0,12.844367
I,primera_ejecucion,P2,viga,V,V_EI_CP2_x20.00_0-16.15,488,59,52,20.0,8.9,3.91,20.0,16.15,3.91,0.0,-0.0,-2.980188,1.677019,11.556967,-0.0,0.0,0.0,2.980188,-1.677019,10.049399,-0.0,0.0,0.0,2.980188,1.677019,11.556967,0.0,11.556967
I,primera_ejecucion,P2,viga,V,V_EI_CP2_x25.00_0-16.15,489,448,461,25.0,0.0,3.91,25.0,8.9,3.91,0.0,0.0,3.724588,-0.210332,-8.103329,0.0,0.0,-0.0,-3.724588,0.210332,-25.045503,0.0,0.0,0.0,3.724588,0.210332,25.045503,0.0,25.045503
I,primera_ejecucion,P2,viga,V,V_EI_CP2_x25.00_0-16.15,490,461,474,25.0,8.9,3.91,25.0,16.15,3.91,0.0,-0.0,-4.634161,-0.388604,25.590116,-0.0,0.0,0.0,4.634161,0.388604,8.007553,-0.0,0.0,0.0,4.634161,0.388604,25.590116,0.0,25.590116
I,primera_ejecucion,P2,viga,V,V_EI_CP2_x30.00_0-16.15,491,80,73,30.0,0.0,3.91,30.0,8.9,3.91,0.0,0.0,2.5593,-0.204426,-10.180119,0.0,0.0,-0.0,-2.5593,0.204426,-12.597655,0.0,0.0,0.0,2.5593,0.204426,12.597655,0.0,12.597655
I,primera_ejecucion,P2,viga,V,V_EI_CP2_x30.00_0-16.15,492,73,66,30.0,8.9,3.91,30.0,16.15,3.91,0.0,-0.0,-3.253346,0.680655,12.811021,-0.0,0.0,0.0,3.253346,-0.680655,10.775737,-0.0,0.0,0.0,3.253346,0.680655,12.811021,0.0,12.811021
I,primera_ejecucion,P2,viga,V,V_EI_CP2_x35.00_0-16.15,493,451,464,35.0,0.0,3.91,35.0,8.9,3.91,0.0,0.0,5.150321,-0.108934,-10.194484,0.0,0.0,-0.0,-5.150321,0.108934,-35.643371,0.0,0.0,0.0,5.150321,0.108934,35.643371,0.0,35.643371
I,primera_ejecucion,P2,viga,V,V_EI_CP2_x35.00_0-16.15,494,464,477,35.0,8.9,3.91,35.0,16.15,3.91,0.0,-0.0,-7.351766,0.322737,39.044247,-0.0,0.0,0.0,7.351766,-0.322737,14.256057,-0.0,0.0,0.0,7.351766,0.322737,39.044247,0.0,39.044247
I,primera_ejecucion,P2,viga,V,V_EI_CP2_x40.00_0-16.15,495,101,94,40.0,0.0,3.91,40.0,8.9,3.91,0.0,0.0,2.632866,0.979976,-10.939589,0.0,0.0,-0.0,-2.632866,-0.979976,-12.49292,0.0,0.0,0.0,2.632866,0.979976,12.49292,0.0,12.49292
I,primera_ejecucion,P2,viga,V,V_EI_CP2_x40.00_0-16.15,496,94,87,40.0,8.9,3.91,40.0,16.15,3.91,0.0,-0.0,-3.715045,-1.825165,14.239576,-0.0,0.0,0.0,3.715045,1.825165,12.694502,-0.0,0.0,0.0,3.715045,1.825165,14.239576,0.0,14.239576
I,primera_ejecucion,P2,viga,V,V_EI_CP2_x45.00_0-16.15,497,122,115,45.0,0.0,3.91,45.0,8.9,3.91,0.0,0.0,1.365429,0.113684,-5.672125,0.0,0.0,-0.0,-1.365429,-0.113684,-6.480192,0.0,0.0,0.0,1.365429,0.113684,6.480192,0.0,6.480192
I,primera_ejecucion,P2,viga,V,V_EI_CP2_x45.00_0-16.15,498,115,108,45.0,8.9,3.91,45.0,16.15,3.91,0.0,-0.0,-1.95866,-0.414304,7.192243,-0.0,0.0,0.0,1.95866,0.414304,7.00804,-0.0,0.0,0.0,1.95866,0.414304,7.192243,0.0,7.192243
I,primera_ejecucion,P2,viga,V,V_EI_CP2_x17.20_890-1615,499,458,471,17.2,8.9,3.91,17.2,16.15,3.91,0.0,-0.0,-0.451801,-0.548787,3.788486,-0.0,0.0,0.0,0.451801,0.548787,-0.512929,-0.0,0.0,0.0,0.451801,0.548787,3.788486,0.0,3.788486
I,primera_ejecucion,P3,viga,V,H_EI_CP3_y0000_0.00-10.00,500,7,42,-0.0,-0.0,7.87,10.0,-0.0,7.87,0.0,-0.0,-7.219044,0.210026,23.32151,-0.0,0.0,0.0,7.219044,-0.210026,48.868931,-0.0,0.0,0.0,7.219044,0.210026,48.868931,0.0,48.868931
I,primera_ejecucion,P3,viga,V,H_EI_CP3_y0000_10.00-15.00,502,42,501,10.0,-0.0,7.87,15.0,0.0,7.87,0.0,0.0,75.612709,5.440877,-152.920769,0.0,0.0,-0.0,-75.612709,-5.440877,-225.142774,0.0,0.0,0.0,75.612709,5.440877,225.142774,0.0,225.142774
I,primera_ejecucion,P3,viga,V,H_EI_CP3_y0000_15.00-20.00,503,501,49,15.0,0.0,7.87,20.0,0.0,7.87,0.0,-0.0,-92.405885,-5.214765,223.745853,-0.0,0.0,0.0,92.405885,5.214765,238.283571,-0.0,0.0,0.0,92.405885,5.214765,238.283571,0.0,238.283571
I,primera_ejecucion,P3,viga,V,H_EI_CP3_y0000_20.00-25.00,505,49,504,20.0,0.0,7.87,25.0,0.0,7.87,0.0,0.0,82.574074,3.745238,-203.137194,0.0,0.0,-0.0,-82.574074,-3.745238,-209.733174,0.0,0.0,0.0,82.574074,3.745238,209.733174,0.0,209.733174
I,primera_ejecucion,P3,viga,V,H_EI_CP3_y0000_25.00-30.00,506,504,82,25.0,0.0,7.87,30.0,0.0,7.87,0.0,-0.0,-88.034491,-3.820635,209.646229,-0.0,0.0,0.0,88.034491,3.820635,230.526224,-0.0,0.0,0.0,88.034491,3.820635,230.526224,0.0,230.526224
I,primera_ejecucion,P3,viga,V,H_EI_CP3_y0000_30.00-35.00,508,82,507,30.0,0.0,7.87,35.0,0.0,7.87,0.0,0.0,91.767809,5.024898,-222.131966,0.0,0.0,-0.0,-91.767809,-5.024898,-236.707079,0.0,0.0,0.0,91.767809,5.024898,236.707079,0.0,236.707079
I,primera_ejecucion,P3,viga,V,H_EI_CP3_y0000_35.00-40.00,509,507,103,35.0,0.0,7.87,40.0,0.0,7.87,0.0,0.0,-81.716145,-5.230751,237.074727,0.0,0.0,-0.0,81.716145,5.230751,171.505996,0.0,0.0,0.0,81.716145,5.230751,237.074727,0.0,237.074727
I,primera_ejecucion,P3,viga,V,H_EI_CP3_y0000_40.00-45.00,510,103,124,40.0,0.0,7.87,45.0,0.0,7.87,0.0,-0.0,-46.532363,-0.306941,14.601397,-0.0,0.0,0.0,46.532363,0.306941,218.060421,-0.0,0.0,0.0,46.532363,0.306941,218.060421,0.0,218.060421
I,primera_ejecucion,P3,viga,V,H_EI_CP3_y0000_45.00-47.50,512,124,511,45.0,0.0,7.87,47.5,0.0,7.87,0.0,-0.0,126.309195,4.854466,-432.357145,-0.0,0.0,0.0,-126.309195,-4.854466,116.584158,-0.0,0.0,0.0,126.309195,4.854466,432.357145,0.0,432.357145
I,primera_ejecucion,P3,viga,V,H_EI_CP3_y0000_47.50-49.90,514,511,513,47.5,0.0,7.87,49.9,0.0,7.87,0.0,0.0,46.89425,3.485335,-114.293913,0.0,0.0,-0.0,-46.89425,-3.485335,1.747712,0.0,0.0,0.0,46.89425,3.485335,114.293913,0.0,114.293913
I,primera_ejecucion,P3,viga,V,H_EI_CP3_y0089_0.00-10.00,515,14,28,-0.0,8.9,7.87,10.0,8.9,7.87,0.0,-0.0,-10.786728,-0.127547,32.004879,-0.0,0.0,0.0,10.786728,0.127547,75.862398,-0.0,0.0,0.0,10.786728,0.127547,75.862398,0.0,75.862398
I,primera_ejecucion,P3,viga,V,H_EI_CP3_y0089_10.00-12.20,517,28,516,10.0,8.9,7.87,12.2,8.9,7.87,0.0,-0.0,153.201456,-6.260589,-263.240423,-0.0,0.0,0.0,-153.201456,6.260589,-73.80278,-0.0,0.0,0.0,153.201456,6.260589,263.240423,0.0,263.240423
I,primera_ejecucion,P3,viga,V,H_EI_CP3_y0089_12.20-15.00,519,516,518,12.2,8.9,7.87,15.0,8.9,7.87,0.0,0.0,82.134714,1.855549,66.053886,0.0,0.0,-0.0,-82.134714,-1.855549,-296.031085,0.0,0.0,0.0,82.134714,1.855549,296.031085,0.0,296.031085
I,primera_ejecucion,P3,viga,V,H_EI_CP3_y0089_15.00-20.00,520,518,61,15.0,8.9,7.87,20.0,8.9,7.87,0.0,-0.0,-126.090435,2.0951,297.236012,-0.0,0.0,0.0,126.090435,-2.0951,333.216161,-0.0,0.0,0.0,126.090435,2.0951,333.216161,0.0,333.216161
I,primera_ejecucion,P3,viga,V,H_EI_CP3_y0089_20.00-25.00,522,61,521,20.0,8.9,7.87,25.0,8.9,7.87,0.0,0.0,120.354197,2.140758,-294.029451,0.0,0.0,-0.0,-120.354197,-2.140758,-307.741535,0.0,0.0,0.0,120.354197,2.140758,307.741535,0.0,307.741535
I,primera_ejecucion,P3,viga,V,H_EI_CP3_y0089_25.00-30.00,523,521,75,25.0,8.9,7.87,30.0,8.9,7.87,0.0,-0.0,-126.614661,-2.247884,307.637921,-0.0,0.0,0.0,126.614661,2.247884,325.435383,-0.0,0.0,0.0,126.614661,2.247884,325.435383,0.0,325.435383
I,primera_ejecucion,P3,viga,V,H_EI_CP3_y0089_30.00-35.00,525,75,524,30.0,8.9,7.87,35.0,8.9,7.87,0.0,0.0,126.944154,-2.403372,-314.099882,0.0,0.0,-0.0,-126.944154,2.403372,-320.62089,0.0,0.0,0.0,126.944154,2.403372,320.62089,0.0,320.62089
I,primera_ejecucion,P3,viga,V,H_EI_CP3_y0089_35.00-40.00,526,524,96,35.0,8.9,7.87,40.0,8.9,7.87,0.0,0.0,-110.485531,2.220327,320.209176,0.0,0.0,-0.0,110.485531,-2.220327,232.218481,0.0,0.0,0.0,110.485531,2.220327,320.209176,0.0,320.209176
I,primera_ejecucion,P3,viga,V,H_EI_CP3_y0089_40.00-45.00,527,96,117,40.0,8.9,7.87,45.0,8.9,7.87,0.0,-0.0,-49.627995,0.110113,8.155319,-0.0,0.0,0.0,49.627995,-0.110113,239.984655,-0.0,0.0,0.0,49.627995,0.110113,239.984655,0.0,239.984655
I,primera_ejecucion,P3,viga,V,H_EI_CP3_y0089_45.00-47.50,529,117,528,45.0,8.9,7.87,47.5,8.9,7.87,0.0,-0.0,149.611423,-1.761867,-476.562714,-0.0,0.0,0.0,-149.611423,1.761867,102.534157,-0.0,0.0,0.0,149.611423,1.761867,476.562714,0.0,476.562714
I,primera_ejecucion,P3,viga,V,H_EI_CP3_y0089_47.50-49.90,531,528,530,47.5,8.9,7.87,49.9,8.9,7.87,0.0,0.0,49.049902,-2.077476,-110.700161,0.0,0.0,-0.0,-49.049902,2.077476,-7.019603,0.0,0.0,0.0,49.049902,2.077476,110.700161,0.0,110.700161
I,primera_ejecucion,P3,viga,V,H_EI_CP3_y0162_0.00-10.00,532,21,35,-0.0,16.15,7.87,10.0,16.15,7.87,0.0,-0.0,-7.361221,-0.270448,23.872092,-0.0,0.0,0.0,7.361221,0.270448,49.740118,-0.0,0.0,0.0,7.361221,0.270448,49.740118,0.0,49.740118
I,primera_ejecucion,P3,viga,V,H_EI_CP3_y0162_10.00-12.20,534,35,533,10.0,16.15,7.87,12.2,16.15,7.87,0.0,-0.0,107.58796,-8.041532,-169.793231,-0.0,0.0,0.0,-107.58796,8.041532,-66.90028,-0.0,0.0,0.0,107.58796,8.041532,169.793231,0.0,169.793231
I,primera_ejecucion,P3,viga,V,H_EI_CP3_y0162_12.20-15.00,536,533,535,12.2,16.15,7.87,15.0,16.15,7.87,0.0,0.0,33.059696,-6.480138,74.649174,0.0,0.0,-0.0,-33.059696,6.480138,-167.216323,0.0,0.0,0.0,33.059696,6.480138,167.216323,0.0,167.216323
I,primera_ejecucion,P3,viga,V,H_EI_CP3_y0162_15.00-20.00,537,535,54,15.0,16.15,7.87,20.0,16.15,7.87,0.0,-0.0,-81.529978,7.242963,167.408317,-0.0,0.0,0.0,81.529978,-7.242963,240.241574,-0.0,0.0,0.0,81.529978,7.242963,240.241574,0.0,240.241574
I,primera_ejecucion,P3,viga,V,H_EI_CP3_y0162_20.00-25.00,539,54,538,20.0,16.15,7.87,25.0,16.15,7.87,0.0,0.0,115.191548,0.132398,-262.702671,0.0,0.0,-0.0,-115.191548,-0.132398,-313.255068,0.0,0.0,0.0,115.191548,0.132398,313.255068,0.0,313.255068
I,primera_ejecucion,P3,viga,V,H_EI_CP3_y0162_25.00-30.00,540,538,68,25.0,16.15,7.87,30.0,16.15,7.87,0.0,-0.0,-122.306536,-0.25283,313.445626,-0.0,0.0,0.0,122.306536,0.25283,298.087056,-0.0,0.0,0.0,122.306536,0.25283,313.445626,0.0,313.445626
I,primera_ejecucion,P3,viga,V,H_EI_CP3_y0162_30.00-35.00,542,68,541,30.0,16.15,7.87,35.0,16.15,7.87,0.0,0.0,76.102953,-8.05992,-204.227433,0.0,0.0,-0.0,-76.102953,8.05992,-176.287333,0.0,0.0,0.0,76.102953,8.05992,204.227433,0.0,204.227433
I,primera_ejecucion,P3,viga,V,H_EI_CP3_y0162_35.00-40.00,543,541,89,35.0,16.15,7.87,40.0,16.15,7.87,0.0,0.0,-59.508042,7.953748,176.331399,0.0,0.0,-0.0,59.508042,-7.953748,121.208814,0.0,0.0,0.0,59.508042,7.953748,176.331399,0.0,176.331399
I,primera_ejecucion,P3,viga,V,H_EI_CP3_y0162_40.00-45.00,544,89,110,40.0,16.15,7.87,45.0,16.15,7.87,0.0,-0.0,-47.783845,0.366715,30.344069,-0.0,0.0,0.0,47.783845,-0.366715,208.575155,-0.0,0.0,0.0,47.783845,0.366715,208.575155,0.0,208.575155
I,primera_ejecucion,P3,viga,V,H_EI_CP3_y0162_45.00-47.50,546,110,545,45.0,16.15,7.87,47.5,16.15,7.87,0.0,-0.0,114.266364,-6.971166,-401.158136,-0.0,0.0,0.0,-114.266364,6.971166,115.492225,-0.0,0.0,0.0,114.266364,6.971166,401.158136,0.0,401.158136
I,primera_ejecucion,P3,viga,V,H_EI_CP3_y0162_47.50-49.90,548,545,547,47.5,16.15,7.87,49.9,16.15,7.87,0.0,0.0,43.476906,-6.178251,-109.616465,0.0,0.0,-0.0,-43.476906,6.178251,5.271891,0.0,0.0,0.0,43.476906,6.178251,109.616465,0.0,109.616465
I,primera_ejecucion,P3,viga,V,V_EI_CP3_x0.00_0-16.15,549,7,14,-0.0,-0.0,7.87,-0.0,8.9,7.87,0.0,0.0,1.776104,0.430159,-6.838714,0.0,0.0,-0.0,-1.776104,-0.430159,-8.968614,0.0,0.0,0.0,1.776104,0.430159,8.968614,0.0,8.968614
I,primera_ejecucion,P3,viga,V,V_EI_CP3_x0.00_0-16.15,550,14,21,-0.0,8.9,7.87,-0.0,16.15,7.87,0.0,-0.0,-2.614153,-0.564083,10.487986,-0.0,0.0,0.0,2.614153,0.564083,8.464621,-0.0,0.0,0.0,2.614153,0.564083,10.487986,0.0,10.487986
I,primera_ejecucion,P3,viga,V,V_EI_CP3_x10.00_0-16.15,551,42,28,10.0,-0.0,7.87,10.0,8.9,7.87,0.0,0.0,2.313341,-2.918334,-8.064223,0.0,0.0,-0.0,-2.313341,2.918334,-12.524515,0.0,0.0,0.0,2.313341,2.918334,12.524515,0.0,12.524515
I,primera_ejecucion,P3,viga,V,V_EI_CP3_x10.00_0-16.15,552,28,35,10.0,8.9,7.87,10.0,16.15,7.87,0.0,-0.0,-2.435451,3.474506,10.445698,-0.0,0.0,0.0,2.435451,-3.474506,7.211319,-0.0,0.0,0.0,2.435451,3.474506,10.445698,0.0,10.445698
I,primera_ejecucion,P3,viga,V,V_EI_CP3_x15.00_0-16.15,553,501,518,15.0,0.0,7.87,15.0,8.9,7.87,0.0,0.0,5.671159,1.396921,-10.655642,0.0,0.0,-0.0,-5.671159,-1.396921,-39.817673,0.0,0.0,0.0,5.671159,1.396921,39.817673,0.0,39.817673
I,primera_ejecucion,P3,viga,V,V_EI_CP3_x15.00_0-16.15,554,518,535,15.0,8.9,7.87,15.0,16.15,7.87,0.0,-0.0,-7.417976,0.191994,40.057224,-0.0,0.0,0.0,7.417976,-0.191994,13.723101,-0.0,0.0,0.0,7.417976,0.191994,40.057224,0.0,40.057224
I,primera_ejecucion,P3,viga,V,V_EI_CP3_x20.00_0-16.15,555,49,61,20.0,0.0,7.87,20.0,8.9,7.87,0.0,0.0,2.358758,-0.563741,-8.531135,0.0,0.0,-0.0,-2.358758,0.563741,-12.461812,0.0,0.0,0.0,2.358758,0.563741,12.461812,0.0,12.461812
I,primera_ejecucion,P3,viga,V,V_EI_CP3_x20.00_0-16.15,556,61,54,20.0,8.9,7.87,20.0,16.15,7.87,0.0,-0.0,-2.594414,-3.944714,11.665445,-0.0,0.0,0.0,2.594414,3.944714,7.144056,-0.0,0.0,0.0,2.594414,3.944714,11.665445,0.0,11.665445
I,primera_ejecucion,P3,viga,V,V_EI_CP3_x25.00_0-16.15,557,504,521,25.0,0.0,7.87,25.0,8.9,7.87,0.0,0.0,2.76411,0.086944,-7.565872,0.0,0.0,-0.0,-2.76411,-0.086944,-17.034709,0.0,0.0,0.0,2.76411,0.086944,17.034709,0.0,17.034709
I,primera_ejecucion,P3,viga,V,V_EI_CP3_x25.00_0-16.15,558,521,538,25.0,8.9,7.87,25.0,16.15,7.87,0.0,-0.0,-1.69115,0.190558,12.646068,-0.0,0.0,0.0,1.69115,-0.190558,-0.385228,-0.0,0.0,0.0,1.69115,0.190558,12.646068,0.0,12.646068
I,primera_ejecucion,P3,viga,V,V_EI_CP3_x30.00_0-16.15,559,82,75,30.0,0.0,7.87,30.0,8.9,7.87,0.0,0.0,2.45375,0.368806,-8.899088,0.0,0.0,-0.0,-2.45375,-0.368806,-12.939284,0.0,0.0,0.0,2.45375,0.368806,12.939284,0.0,12.939284
I,primera_ejecucion,P3,viga,V,V_EI_CP3_x30.00_0-16.15,560,75,68,30.0,8.9,7.87,30.0,16.15,7.87,0.0,-0.0,-3.087076,3.912275,13.479536,-0.0,0.0,0.0,3.087076,-3.912275,8.901766,-0.0,0.0,0.0,3.087076,3.912275,13.479536,0.0,13.479536
I,primera_ejecucion,P3,viga,V,V_EI_CP3_x35.00_0-16.15,561,507,524,35.0,0.0,7.87,35.0,8.9,7.87,0.0,0.0,5.6395,-0.367648,-10.255649,0.0,0.0,-0.0,-5.6395,0.367648,-39.935897,0.0,0.0,0.0,5.6395,0.367648,39.935897,0.0,39.935897
I,primera_ejecucion,P3,viga,V,V_EI_CP3_x35.00_0-16.15,562,524,541,35.0,8.9,7.87,35.0,16.15,7.87,0.0,-0.0,-8.354933,0.044065,44.559597,-0.0,0.0,0.0,8.354933,-0.044065,16.013668,-0.0,0.0,0.0,8.354933,0.044065,44.559597,0.0,44.559597
I,primera_ejecucion,P3,viga,V,V_EI_CP3_x40.00_0-16.15,563,103,96,40.0,0.0,7.87,40.0,8.9,7.87,0.0,0.0,2.511006,1.682581,-9.193241,0.0,0.0,-0.0,-2.511006,-1.682581,-13.154711,0.0,0.0,0.0,2.511006,1.682581,13.154711,0.0,13.154711
I,primera_ejecucion,P3,viga,V,V_EI_CP3_x40.00_0-16.15,564,96,89,40.0,8.9,7.87,40.0,16.15,7.87,0.0,-0.0,-3.157839,-3.645333,13.573188,-0.0,0.0,0.0,3.157839,3.645333,9.321147,-0.0,0.0,0.0,3.157839,3.645333,13.573188,0.0,13.573188
I,primera_ejecucion,P3,viga,V,V_EI_CP3_x45.00_0-16.15,565,124,117,45.0,0.0,7.87,45.0,8.9,7.87,0.0,0.0,1.294038,-0.911556,-4.497504,0.0,0.0,-0.0,-1.294038,0.911556,-7.019434,0.0,0.0,0.0,1.294038,0.911556,7.019434,0.0,7.019434
I,primera_ejecucion,P3,viga,V,V_EI_CP3_x45.00_0-16.15,566,117,110,45.0,8.9,7.87,45.0,16.15,7.87,0.0,-0.0,-1.154619,2.370994,5.767872,-0.0,0.0,0.0,1.154619,-2.370994,2.603115,-0.0,0.0,0.0,1.154619,2.370994,5.767872,0.0,5.767872
I,primera_ejecucion,P3,viga,V,V_EI_CP3_x47.50_0-16.15,567,511,528,47.5,0.0,7.87,47.5,8.9,7.87,0.0,0.0,1.874038,-2.290245,-1.369131,0.0,0.0,-0.0,-1.874038,2.290245,-15.30981,0.0,0.0,0.0,1.874038,2.290245,15.30981,0.0,15.30981
I,primera_ejecucion,P3,viga,V,V_EI_CP3_x47.50_0-16.15,568,528,545,47.5,8.9,7.87,47.5,16.15,7.87,0.0,-0.0,-2.177533,5.875759,14.994201,-0.0,0.0,0.0,2.177533,-5.875759,0.792915,-0.0,0.0,0.0,2.177533,5.875759,14.994201,0.0,14.994201
I,primera_ejecucion,P3,viga,V,V_EI_CP3_x49.90_0-16.15,569,513,530,49.9,0.0,7.87,49.9,8.9,7.87,0.0,0.0,3.385153,-1.747712,-3.485335,0.0,0.0,-0.0,-3.385153,1.747712,-26.642529,0.0,0.0,0.0,3.385153,1.747712,26.642529,0.0,26.642529
I,primera_ejecucion,P3,viga,V,V_EI_CP3_x49.90_0-16.15,570,530,547,49.9,8.9,7.87,49.9,16.15,7.87,0.0,-0.0,-4.813553,5.271891,28.720006,-0.0,0.0,0.0,4.813553,-5.271891,6.178251,-0.0,0.0,0.0,4.813553,5.271891,28.720006,0.0,28.720006
I,primera_ejecucion,P3,viga,V,V_EI_CP3_x12.20_890-1615,571,516,533,12.2,8.9,7.87,12.2,16.15,7.87,0.0,-0.0,-1.334832,7.748894,8.116138,-0.0,0.0,0.0,1.334832,-7.748894,1.561393,-0.0,0.0,0.0,1.334832,7.748894,8.116138,0.0,8.116138
I,primera_ejecucion,P4,viga,V,H_EI_CP4_y0000_0.00-10.00,574,572,573,0.0,0.0,11.83,10.0,0.0,11.83,0.0,-0.0,-7.319353,-6.250588,19.969491,-0.0,0.0,0.0,7.319353,6.250588,53.224043,-0.0,0.0,0.0,7.319353,6.250588,53.224043,0.0,53.224043
I,primera_ejecucion,P4,viga,V,H_EI_CP4_y0000_10.00-15.00,576,573,575,10.0,0.0,11.83,15.0,0.0,11.83,0.0,0.0,32.131537,-10.588468,-44.344825,0.0,0.0,-0.0,-32.131537,10.588468,-116.312859,0.0,0.0,0.0,32.131537,10.588468,116.312859,0.0,116.312859
I,primera_ejecucion,P4,viga,V,H_EI_CP4_y0000_15.00-20.00,578,575,577,15.0,0.0,11.83,20.0,0.0,11.83,0.0,0.0,-42.602179,1.990214,114.205045,0.0,0.0,-0.0,42.602179,-1.990214,98.805852,0.0,0.0,0.0,42.602179,1.990214,114.205045,0.0,114.205045
I,primera_ejecucion,P4,viga,V,H_EI_CP4_y0000_20.00-25.00,580,577,579,20.0,0.0,11.83,25.0,0.0,11.83,0.0,-0.0,22.558505,-14.054573,-67.582129,-0.0,0.0,0.0,-22.558505,14.054573,-45.210394,-0.0,0.0,0.0,22.558505,14.054573,67.582129,0.0,67.582129
I,primera_ejecucion,P4,viga,V,H_EI_CP4_y0000_25.00-30.00,582,579,581,25.0,0.0,11.83,30.0,0.0,11.83,0.0,-0.0,-25.715265,16.271401,45.506802,-0.0,0.0,0.0,25.715265,-16.271401,83.069523,-0.0,0.0,0.0,25.715265,16.271401,83.069523,0.0,83.069523
I,primera_ejecucion,P4,viga,V,H_EI_CP4_y0000_30.00-35.00,584,581,583,30.0,0.0,11.83,35.0,0.0,11.83,0.0,0.0,37.581513,-2.260259,-78.49767,0.0,0.0,-0.0,-37.581513,2.260259,-109.409895,0.0,0.0,0.0,37.581513,2.260259,109.409895,0.0,109.409895
I,primera_ejecucion,P4,viga,V,H_EI_CP4_y0000_35.00-40.00,586,583,585,35.0,0.0,11.83,40.0,0.0,11.83,0.0,-0.0,-30.842191,15.402652,111.77313,-0.0,0.0,0.0,30.842191,-15.402652,42.437828,-0.0,0.0,0.0,30.842191,15.402652,111.77313,0.0,111.77313
I,primera_ejecucion,P4,viga,V,H_EI_CP4_y0000_40.00-45.00,588,585,587,40.0,0.0,11.83,45.0,0.0,11.83,0.0,-0.0,-34.425827,7.872847,-8.718222,-0.0,0.0,0.0,34.425827,-7.872847,180.847355,-0.0,0.0,0.0,34.425827,7.872847,180.847355,0.0,180.847355
I,primera_ejecucion,P4,viga,V,H_EI_CP4_y0000_45.00-47.50,590,587,589,45.0,0.0,11.83,47.5,0.0,11.83,0.0,0.0,25.47159,17.475037,-189.103416,0.0,0.0,-0.0,-25.47159,-17.475037,125.424442,0.0,0.0,0.0,25.47159,17.475037,189.103416,0.0,189.103416
I,primera_ejecucion,P4,viga,V,H_EI_CP4_y0000_47.50-49.90,592,589,591,47.5,0.0,11.83,49.9,0.0,11.83,0.0,-0.0,12.68634,52.357843,-75.51763,-0.0,0.0,0.0,-12.68634,-52.357843,45.070414,-0.0,0.0,0.0,12.68634,52.357843,75.51763,0.0,75.51763
I,primera_ejecucion,P4,viga,V,H_EI_CP4_y0089_0.00-10.00,595,593,594,0.0,8.9,11.83,10.0,8.9,11.83,0.0,-0.0,-28.265743,20.69502,70.383879,-0.0,0.0,0.0,28.265743,-20.69502,212.273556,-0.0,0.0,0.0,28.265743,20.69502,212.273556,0.0,212.273556
I,primera_ejecucion,P4,viga,V,H_EI_CP4_y0089_10.00-15.00,597,594,596,10.0,8.9,11.83,15.0,8.9,11.83,0.0,0.0,179.811614,46.479267,-309.785497,0.0,0.0,-0.0,-179.811614,-46.479267,-589.272574,0.0,0.0,0.0,179.811614,46.479267,589.272574,0.0,589.272574
I,primera_ejecucion,P4,viga,V,H_EI_CP4_y0089_15.00-20.00,599,596,598,15.0,8.9,11.83,20.0,8.9,11.83,0.0,0.0,-252.539379,-15.15079,630.90015,0.0,0.0,-0.0,252.539379,15.15079,631.796746,0.0,0.0,0.0,252.539379,15.15079,631.796746,0.0,631.796746
I,primera_ejecucion,P4,viga,V,H_EI_CP4_y0089_20.00-25.00,601,598,600,20.0,8.9,11.83,25.0,8.9,11.83,0.0,-0.0,228.827188,39.012164,-588.252611,-0.0,0.0,0.0,-228.827188,-39.012164,-555.883328,-0.0,0.0,0.0,228.827188,39.012164,588.252611,0.0,588.252611
I,primera_ejecucion,P4,viga,V,H_EI_CP4_y0089_25.00-30.00,603,600,602,25.0,8.9,11.83,30.0,8.9,11.83,0.0,-0.0,-225.114092,-41.295115,551.987521,-0.0,0.0,0.0,225.114092,41.295115,573.582939,-0.0,0.0,0.0,225.114092,41.295115,573.582939,0.0,573.582939
I,primera_ejecucion,P4,viga,V,H_EI_CP4_y0089_30.00-35.00,605,602,604,30.0,8.9,11.83,35.0,8.9,11.83,0.0,0.0,239.533306,10.686381,-602.662544,0.0,0.0,-0.0,-239.533306,-10.686381,-595.003983,0.0,0.0,0.0,239.533306,10.686381,602.662544,0.0,602.662544
I,primera_ejecucion,P4,viga,V,H_EI_CP4_y0089_35.00-40.00,607,604,606,35.0,8.9,11.83,40.0,8.9,11.83,0.0,-0.0,-162.565312,-41.569501,548.822657,-0.0,0.0,0.0,162.565312,41.569501,264.003901,-0.0,0.0,0.0,162.565312,41.569501,548.822657,0.0,548.822657
I,primera_ejecucion,P4,viga,V,H_EI_CP4_y0089_40.00-45.00,609,606,608,40.0,8.9,11.83,45.0,8.9,11.83,0.0,-0.0,-80.896035,-12.190934,-139.400036,-0.0,0.0,0.0,80.896035,12.190934,543.880211,-0.0,0.0,0.0,80.896035,12.190934,543.880211,0.0,543.880211
I,primera_ejecucion,P4,viga,V,H_EI_CP4_y0089_45.00-47.50,611,608,610,45.0,8.9,11.83,47.5,8.9,11.83,0.0,0.0,321.391699,27.917117,-800.724114,0.0,0.0,-0.0,-321.391699,-27.917117,-2.755134,0.0,0.0,0.0,321.391699,27.917117,800.724114,0.0,800.724114
I,primera_ejecucion,P4,viga,V,H_EI_CP4_y0089_47.50-49.90,613,610,612,47.5,8.9,11.83,49.9,8.9,11.83,0.0,-0.0,100.597503,-10.275522,-125.914779,-0.0,0.0,0.0,-100.597503,10.275522,-115.519229,-0.0,0.0,0.0,100.597503,10.275522,125.914779,0.0,125.914779
I,primera_ejecucion,P4,viga,V,H_EI_CP4_y0162_0.00-10.00,616,614,615,0.0,16.15,11.83,10.0,16.15,11.83,0.0,-0.0,7.355692,57.354472,-48.411372,-0.0,0.0,0.0,-7.355692,-57.354472,-25.145544,-0.0,0.0,0.0,7.355692,57.354472,48.411372,0.0,48.411372
I,primera_ejecucion,P4,viga,V,H_EI_CP4_y0162_10.00-15.00,618,615,617,10.0,16.15,11.83,15.0,16.15,11.83,0.0,0.0,25.004164,11.866655,0.272969,0.0,0.0,-0.0,-25.004164,-11.866655,-125.293787,0.0,0.0,0.0,25.004164,11.866655,125.293787,0.0,125.293787
I,primera_ejecucion,P4,viga,V,H_EI_CP4_y0162_15.00-20.00,620,617,619,15.0,16.15,11.83,20.0,16.15,11.83,0.0,0.0,-6.997661,74.132975,85.774025,0.0,0.0,-0.0,6.997661,-74.132975,-50.785719,0.0,0.0,0.0,6.997661,74.132975,85.774025,0.0,85.774025
I,primera_ejecucion,P4,viga,V,H_EI_CP4_y0162_20.00-25.00,622,619,621,20.0,16.15,11.83,25.0,16.15,11.83,0.0,-0.0,31.998631,-19.895392,27.160598,-0.0,0.0,0.0,-31.998631,19.895392,-187.153751,-0.0,0.0,0.0,31.998631,19.895392,187.153751,0.0,187.153751
I,primera_ejecucion,P4,viga,V,H_EI_CP4_y0162_25.00-30.00,624,621,623,25.0,16.15,11.83,30.0,16.15,11.83,0.0,-0.0,-32.964126,10.653421,190.75315,-0.0,0.0,0.0,32.964126,-10.653421,-25.93252,-0.0,0.0,0.0,32.964126,10.653421,190.75315,0.0,190.75315
I,primera_ejecucion,P4,viga,V,H_EI_CP4_y0162_30.00-35.00,626,623,625,30.0,16.15,11.83,35.0,16.15,11.83,0.0,0.0,-0.039156,-78.95191,56.278214,0.0,0.0,-0.0,0.039156,78.95191,-56.082433,0.0,0.0,0.0,0.039156,78.95191,56.278214,0.0,56.278214
I,primera_ejecucion,P4,viga,V,H_EI_CP4_y0162_35.00-40.00,628,625,627,35.0,16.15,11.83,40.0,16.15,11.83,0.0,-0.0,-38.78158,-13.375455,99.900525,-0.0,0.0,0.0,38.78158,13.375455,94.007377,-0.0,0.0,0.0,38.78158,13.375455,99.900525,0.0,99.900525
I,primera_ejecucion,P4,viga,V,H_EI_CP4_y0162_40.00-45.00,630,627,629,40.0,16.15,11.83,45.0,16.15,11.83,0.0,-0.0,-31.222276,-41.552245,-78.458673,-0.0,0.0,0.0,31.222276,41.552245,234.570053,-0.0,0.0,0.0,31.222276,41.552245,234.570053,0.0,234.570053
I,primera_ejecucion,P4,viga,V,H_EI_CP4_y0162_45.00-47.50,632,629,631,45.0,16.15,11.83,47.5,16.15,11.83,0.0,0.0,4.775478,-108.251118,-184.961664,0.0,0.0,-0.0,-4.775478,108.251118,173.02297,0.0,0.0,0.0,4.775478,108.251118,184.961664,0.0,184.961664
I,primera_ejecucion,P4,viga,V,H_EI_CP4_y0162_47.50-49.90,634,631,633,47.5,16.15,11.83,49.9,16.15,11.83,0.0,-0.0,9.921273,-91.383721,-94.25987,-0.0,0.0,0.0,-9.921273,91.383721,70.448815,-0.0,0.0,0.0,9.921273,91.383721,94.25987,0.0,94.25987
I,primera_ejecucion,P4,viga,V,V_EI_CP4_x0.00_0-16.15,635,572,179,0.0,0.0,11.83,0.0,0.181,11.83,0.0,0.0,-66.14705,-19.969491,-6.250588,0.0,0.0,-0.0,66.14705,19.969491,18.223204,0.0,0.0,0.0,66.14705,19.969491,18.223204,0.0,18.223204
I,primera_ejecucion,P4,viga,V,V_EI_CP4_x0.00_0-16.15,636,179,593,0.0,0.181,11.83,0.0,8.9,11.83,0.0,0.0,-54.460541,3.476267,70.140715,0.0,0.0,-0.0,54.460541,-3.476267,404.700746,0.0,0.0,0.0,54.460541,3.476267,404.700746,0.0,404.700746
I,primera_ejecucion,P4,viga,V,V_EI_CP4_x0.00_0-16.15,637,593,197,0.0,8.9,11.83,0.0,9.081,11.83,0.0,-0.0,-142.852704,-66.907612,-384.005725,-0.0,0.0,0.0,142.852704,66.907612,409.862065,-0.0,0.0,0.0,142.852704,66.907612,409.862065,0.0,409.862065
I,primera_ejecucion,P4,viga,V,V_EI_CP4_x0.00_0-16.15,638,197,614,0.0,9.081,11.83,0.0,16.15,11.83,0.0,0.0,80.094354,-48.411372,-623.541459,0.0,0.0,0.0,-80.094354,48.411372,57.354472,0.0,0.0,0.0,80.094354,48.411372,623.541459,0.0,623.541459
I,primera_ejecucion,P4,viga,V,V_EI_CP4_x10.00_0-16.15,639,573,182,10.0,0.0,11.83,10.0,0.181,11.83,0.0,0.0,-143.634097,-8.879218,-4.337881,0.0,0.0,-0.0,143.634097,8.879218,30.335652,0.0,0.0,0.0,143.634097,8.879218,30.335652,0.0,30.335652
I,primera_ejecucion,P4,viga,V,V_EI_CP4_x10.00_0-16.15,640,182,594,10.0,0.181,11.83,10.0,8.9,11.83,0.0,0.0,-86.206316,-17.033232,113.703753,0.0,0.0,-0.0,86.206316,17.033232,637.929113,0.0,0.0,0.0,86.206316,17.033232,637.929113,0.0,637.929113
I,primera_ejecucion,P4,viga,V,V_EI_CP4_x10.00_0-16.15,641,594,200,10.0,8.9,11.83,10.0,9.081,11.83,0.0,-0.0,-492.186348,80.478709,-612.144866,-0.0,0.0,0.0,492.186348,-80.478709,701.230595,-0.0,0.0,0.0,492.186348,80.478709,701.230595,0.0,701.230595
I,primera_ejecucion,P4,viga,V,V_EI_CP4_x10.00_0-16.15,642,200,615,10.0,9.081,11.83,10.0,16.15,11.83,0.0,0.0,152.382829,-24.872576,-1031.7064,0.0,0.0,0.0,-152.382829,24.872576,-45.487817,0.0,0.0,0.0,152.382829,24.872576,1031.7064,0.0,1031.7064
I,primera_ejecucion,P4,viga,V,V_EI_CP4_x15.00_0-16.15,643,575,596,15.0,0.0,11.83,15.0,8.9,11.83,0.0,0.0,-82.742308,2.107814,12.578683,0.0,0.0,0.0,82.742308,-2.107814,723.827857,0.0,0.0,0.0,82.742308,2.107814,723.827857,0.0,723.827857
I,primera_ejecucion,P4,viga,V,V_EI_CP4_x15.00_0-16.15,644,596,617,15.0,8.9,11.83,15.0,16.15,11.83,0.0,0.0,99.750565,-39.519761,-785.457914,0.0,0.0,0.0,-99.750565,39.519761,62.26632,0.0,0.0,0.0,99.750565,39.519761,785.457914,0.0,785.457914
I,primera_ejecucion,P4,viga,V,V_EI_CP4_x20.00_0-16.15,645,577,188,20.0,0.0,11.83,20.0,0.181,11.83,0.0,0.0,-126.662165,-31.223722,-16.044788,0.0,0.0,-0.0,126.662165,31.223722,38.970639,0.0,0.0,0.0,126.662165,31.223722,38.970639,0.0,38.970639
I,primera_ejecucion,P4,viga,V,V_EI_CP4_x20.00_0-16.15,646,188,598,20.0,0.181,11.83,20.0,8.9,11.83,0.0,0.0,-110.326962,1.278758,148.731133,0.0,0.0,-0.0,110.326962,-1.278758,813.20965,0.0,0.0,0.0,110.326962,1.278758,813.20965,0.0,813.20965
I,primera_ejecucion,P4,viga,V,V_EI_CP4_x20.00_0-16.15,647,598,203,20.0,8.9,11.83,20.0,9.081,11.83,0.0,-0.0,-753.955372,-42.265378,-759.046695,-0.0,0.0,0.0,753.955372,42.265378,895.512617,-0.0,0.0,0.0,753.955372,42.265378,895.512617,0.0,895.512617
I,primera_ejecucion,P4,viga,V,V_EI_CP4_x20.00_0-16.15,648,203,619,20.0,9.081,11.83,20.0,16.15,11.83,0.0,0.0,198.489988,-23.625121,-1309.097362,0.0,0.0,0.0,-198.489988,23.625121,-94.028366,0.0,0.0,0.0,198.489988,23.625121,1309.097362,0.0,1309.097362
I,primera_ejecucion,P4,viga,V,V_EI_CP4_x25.00_0-16.15,649,579,600,25.0,0.0,11.83,25.0,8.9,11.83,0.0,0.0,-100.663533,-0.296408,30.325974,0.0,0.0,0.0,100.663533,0.296408,865.579474,0.0,0.0,0.0,100.663533,0.296408,865.579474,0.0,865.579474
I,primera_ejecucion,P4,viga,V,V_EI_CP4_x25.00_0-16.15,650,600,621,25.0,8.9,11.83,25.0,16.15,11.83,0.0,0.0,126.253509,3.599399,-945.886753,0.0,0.0,0.0,-126.253509,-3.599399,30.548812,0.0,0.0,0.0,126.253509,3.599399,945.886753,0.0,945.886753
I,primera_ejecucion,P4,viga,V,V_EI_CP4_x30.00_0-16.15,651,581,185,30.0,0.0,11.83,30.0,0.181,11.83,0.0,0.0,-124.710591,-4.571853,-18.531659,0.0,0.0,-0.0,124.710591,4.571853,41.104276,0.0,0.0,0.0,124.710591,4.571853,41.104276,0.0,41.104276
I,primera_ejecucion,P4,viga,V,V_EI_CP4_x30.00_0-16.15,652,185,602,30.0,0.181,11.83,30.0,8.9,11.83,0.0,0.0,-110.567318,1.282681,157.754047,0.0,0.0,-0.0,110.567318,-1.282681,806.282398,0.0,0.0,0.0,110.567318,1.282681,806.282398,0.0,806.282398
I,primera_ejecucion,P4,viga,V,V_EI_CP4_x30.00_0-16.15,653,602,206,30.0,8.9,11.83,30.0,9.081,11.83,0.0,-0.0,-729.460516,30.362286,-754.300902,-0.0,0.0,0.0,729.460516,-30.362286,886.333255,-0.0,0.0,0.0,729.460516,30.362286,886.333255,0.0,886.333255
I,primera_ejecucion,P4,viga,V,V_EI_CP4_x30.00_0-16.15,654,206,623,30.0,9.081,11.83,30.0,16.15,11.83,0.0,0.0,193.010914,30.345694,-1274.788819,0.0,0.0,0.0,-193.010914,-30.345694,-89.605331,0.0,0.0,0.0,193.010914,30.345694,1274.788819,0.0,1274.788819
I,primera_ejecucion,P4,viga,V,V_EI_CP4_x35.00_0-16.15,655,583,604,35.0,0.0,11.83,35.0,8.9,11.83,0.0,0.0,-80.512983,-2.363235,17.662911,0.0,0.0,0.0,80.512983,2.363235,698.902637,0.0,0.0,0.0,80.512983,2.363235,698.902637,0.0,698.902637
I,primera_ejecucion,P4,viga,V,V_EI_CP4_x35.00_0-16.15,656,604,625,35.0,8.9,11.83,35.0,16.15,11.83,0.0,0.0,94.563043,43.818092,-751.158519,0.0,0.0,0.0,-94.563043,-43.818092,65.576455,0.0,0.0,0.0,94.563043,43.818092,751.158519,0.0,751.158519
I,primera_ejecucion,P4,viga,V,V_EI_CP4_x40.00_0-16.15,657,585,191,40.0,0.0,11.83,40.0,0.181,11.83,0.0,0.0,-57.830348,-33.719606,-7.529806,0.0,0.0,-0.0,57.830348,33.719606,17.997099,0.0,0.0,0.0,57.830348,33.719606,17.997099,0.0,17.997099
I,primera_ejecucion,P4,viga,V,V_EI_CP4_x40.00_0-16.15,658,191,606,40.0,0.181,11.83,40.0,8.9,11.83,0.0,0.0,-93.278535,18.4002,159.58798,0.0,0.0,-0.0,93.278535,-18.4002,653.707562,0.0,0.0,0.0,93.278535,18.4002,653.707562,0.0,653.707562
I,primera_ejecucion,P4,viga,V,V_EI_CP4_x40.00_0-16.15,659,606,209,40.0,8.9,11.83,40.0,9.081,11.83,0.0,-0.0,-329.209212,-106.203665,-624.328996,-0.0,0.0,0.0,329.209212,106.203665,683.915863,-0.0,0.0,0.0,329.209212,106.203665,683.915863,0.0,683.915863
I,primera_ejecucion,P4,viga,V,V_EI_CP4_x40.00_0-16.15,660,209,627,40.0,9.081,11.83,40.0,16.15,11.83,0.0,0.0,139.061736,15.548704,-954.850622,0.0,0.0,0.0,-139.061736,-15.548704,-28.17679,0.0,0.0,0.0,139.061736,15.548704,954.850622,0.0,954.850622
I,primera_ejecucion,P4,viga,V,V_EI_CP4_x45.00_0-16.15,661,587,194,45.0,0.0,11.83,45.0,0.181,11.83,0.0,0.0,-101.071497,8.256061,9.60219,0.0,0.0,-0.0,101.071497,-8.256061,8.691751,0.0,0.0,0.0,101.071497,8.256061,9.60219,0.0,9.60219
I,primera_ejecucion,P4,viga,V,V_EI_CP4_x45.00_0-16.15,662,194,608,45.0,0.181,11.83,45.0,8.9,11.83,0.0,0.0,-84.061637,-28.552848,154.478264,0.0,0.0,-0.0,84.061637,28.552848,578.455146,0.0,0.0,0.0,84.061637,28.552848,578.455146,0.0,578.455146
I,primera_ejecucion,P4,viga,V,V_EI_CP4_x45.00_0-16.15,663,608,212,45.0,8.9,11.83,45.0,9.081,11.83,0.0,-0.0,-595.637156,228.291055,-538.347095,-0.0,0.0,0.0,595.637156,-228.291055,646.15742,-0.0,0.0,0.0,595.637156,228.291055,646.15742,0.0,646.15742
I,primera_ejecucion,P4,viga,V,V_EI_CP4_x45.00_0-16.15,664,212,629,45.0,9.081,11.83,45.0,16.15,11.83,0.0,0.0,132.358671,49.608389,-868.944571,0.0,0.0,0.0,-132.358671,-49.608389,-66.698872,0.0,0.0,0.0,132.358671,49.608389,868.944571,0.0,868.944571
I,primera_ejecucion,P4,viga,V,V_EI_CP4_x47.50_0-16.15,665,589,610,47.5,0.0,11.83,47.5,8.9,11.83,0.0,0.0,-56.530665,-49.906813,34.882806,0.0,0.0,0.0,56.530665,49.906813,468.240111,0.0,0.0,0.0,56.530665,49.906813,468.240111,0.0,468.240111
I,primera_ejecucion,P4,viga,V,V_EI_CP4_x47.50_0-16.15,666,610,631,47.5,8.9,11.83,47.5,16.15,11.83,0.0,0.0,67.526256,78.7631,-506.43275,0.0,0.0,0.0,-67.526256,-78.7631,16.867397,0.0,0.0,0.0,67.526256,78.7631,506.43275,0.0,506.43275
I,primera_ejecucion,P4,viga,V,V_EI_CP4_x49.90_0-16.15,667,591,612,49.9,0.0,11.83,49.9,8.9,11.83,0.0,0.0,-25.266303,-45.070414,-52.357843,0.0,0.0,0.0,25.266303,45.070414,277.22794,0.0,0.0,0.0,25.266303,45.070414,277.22794,0.0,277.22794
I,primera_ejecucion,P4,viga,V,V_EI_CP4_x49.90_0-16.15,668,612,633,49.9,8.9,11.83,49.9,16.15,11.83,0.0,0.0,24.216372,70.448815,-266.952418,0.0,0.0,0.0,-24.216372,-70.448815,91.383721,0.0,0.0,0.0,24.216372,70.448815,266.952418,0.0,266.952418
I,primera_ejecucion,-0.05,stub_elastico_rigidez_elevada,RIGIDA,STUB_RIGID_79_429,669,79,429,30.0,0.0,-0.05,30.35,-0.2,-0.05,0.0,-0.0,95.864039,-5.612654,-28.879324,0.0,-0.0,0.0,-95.864039,5.612654,-9.764705,-0.0,0.0,0.0,95.864039,5.612654,28.879324,0.0,28.879324
I,primera_ejecucion,-0.05,stub_elastico_rigidez_elevada,RIGIDA,STUB_RIGID_121_430,670,121,430,45.0,0.0,-0.05,45.35,-0.2,-0.05,0.0,0.0,99.153615,-6.627996,-28.313668,0.0,-0.0,-0.0,-99.153615,6.627996,-11.656432,0.0,0.0,0.0,99.153615,6.627996,28.313668,0.0,28.313668
I,primera_ejecucion,CP1S,muro,M 0.2x12.62x2,M_EI_CP1S_001_contencion,673,671,672,-0.35,-10.8195,-7.01,-0.35,-10.8195,-4.01,361.588629,9.627117,-0.0,-0.000332,0.009629,-26.693351,-361.588629,-9.627117,0.0,0.000332,-0.009629,55.574701,361.588629,9.627117,0.0,0.000332,0.009629,55.574701,55.574701
I,primera_ejecucion,CP1S,muro,M 0.3x4.15x2,M_EI_CP1S_002_contencion,675,674,397,21.25,-10.8195,-7.01,21.249772731060002,-10.819465463500002,-4.01,368.801438,-9.599178,-0.004246,1e-06,0.012737,-28.711914,-368.801438,9.599178,0.004246,-1e-06,0.0,-0.085619,368.801438,9.599178,0.004246,1e-06,0.012737,28.711914,28.711914
