archivo,estado,SHA256_antes,SHA256_despues
Ejecutar.bat,NUEVO,,ca0e4ead880a02b1bcc57c85ddbac32f7506306c8d129772906534d6532626e7
instalar_dependencias.bat,NUEVO,,3433c7cfc76d23b3723ecf310da4b6475a07a952a271040583f5937770f8b471
README_HONORS.md,NUEVO,,cafa01f66454c5a1630263398402ed53e073d0cd619b87ae58aaae57b78d3786
entrega/Ejecutar_Honors.ps1,NUEVO,,545f3f70a6fd6750ec24112aed7f0f6c0a8cdb5fa3642c22c27aeef57653ced0
entrega/original_results_sha256.json,NUEVO,,e360d2e5fae1e5208d162d575d534a1f24019a0baa2504121a724bd763c476e8
entrega/honors/adb_devices.txt,NUEVO,,bbfcc7239a6f1be3544814ebdc6bcc9b66bf5b1f0b03baa3340808f19265a630
entrega/honors/ajustes_csv.py,NUEVO,,dbf81943ed9f1f754a393d4ea32a4489e723a6774a0e358a27c052e4e292f54b
entrega/honors/alias_session.json,NUEVO,,2cca195f23acd46e4bea440d27f1cd1c965a4617f97fac3c75545b55f6d80c29
entrega/honors/cerrar_entrega.py,NUEVO,,7fe0fdac9008003c63259c0881483dc377a2a48ce4dbeac50ca655623e42f8a1
entrega/honors/COMANDOS_EJECUTADOS.json,NUEVO,,d1e74c2c63f87d485c2efa9c6812bae3506ca70175e93c779e3e80edeabc456f
entrega/honors/ESTADO_HONORS.csv,NUEVO,,ef5cc1c35bfdf216784118c8b089a95ec5ff1a5a958f7ccd3d89937e8e8b8138
entrega/honors/gradle_stop.log,NUEVO,,9506a3843eb1d5f4ed7f6bc87fe61055d213e2b3fbbfb86a9c5b5bd04fef88a6
entrega/honors/Honors_apksigner_verify.txt,NUEVO,,27c75e29a800b29ae0d09d54f6a5c88ce70df6d8a2bfa46f7b7922dc356aa679
entrega/honors/Honors_final_badging.txt,NUEVO,,5fea3c9d34992f2ff816388c40a85db34fe54543a0e9cee50a326d5228cc9cb0
entrega/honors/Honors_final_manifest.txt,NUEVO,,e819c2221bee43dd07af67bfb003d6d645e05583d09385b0bb1781d5f194faed
entrega/honors/OMISIONES_ZIP.json,NUEVO,,f0a3ea7b2126c41a7ebd449204d09bdfef078d32329d15adb03fa33f57685b7f
entrega/honors/proteger.py,NUEVO,,8b036d570d4a093494af05d078be6261d23054b65e7c9b7ab1607847385e5e1e
entrega/honors/Python_diagnostico_h5.log,NUEVO,,4033edc9375b4d24b443271261b817dd456e50be18283eedc1662a58c73e90c1
entrega/honors/Python_stage1.log,NUEVO,,d65eea365b57bbba38fe6f1bae954f2c0242e627159fd71e2d87e30b8b6cfebd
entrega/honors/Python_stage1.xml,NUEVO,,e69405a8aec3ff6787b0f810e0ceeb6d03493a02b70f9c0bd89566f6d0fec36c
entrega/honors/Python_stage1_corrected.log,NUEVO,,d02c190151d3eb54ebac020ec7ea15b4fa8415e5d82537d1b3beab2118a919a7
entrega/honors/Python_stage1_corrected.xml,NUEVO,,6db953656e909f62d3e86a03a44471e57da9327341f06bca67392123c5c89bd4
entrega/honors/registrar_cierre.py,NUEVO,,8d22e4e868fee9a9fb48bfe85e357e1e8b41f4f24216a0ba86982204bc6d87c2
entrega/honors/RESULTADO_FINAL.json,NUEVO,,fd197c083feb9500cf1e390db74a0ba54ecb976e133a0672cffda4edb28e6e9a
entrega/honors/setup_honors.json,NUEVO,,19ba5ac212f78a2cb14395cfe81d37b939b93b321469f8f6c88125c1a5eaac01
entrega/honors/Unity_Android_FlagsOff.log,NUEVO,,850a5352a2cf04fc374e46c97b360c269e200f1e1e6ae6fae80bd29b92c8cd78
entrega/honors/Unity_Android_FlagsOff_retry.log,NUEVO,,b8f166e05e67cbbc561509986724148f5b69e1ff389ceab62a81707c4bfd96a5
entrega/honors/Unity_Android_Honors.log,NUEVO,,86f4a7a6284bb43d46908e772932c0e189dce38eaa161f7f5cf5ccfab124e1a2
entrega/honors/Unity_Android_Honors_final.log,NUEVO,,811c4e6d6ed84f0df3a8b9bd105f6fd157d8c54492a4851c5e061673124bb5b3
entrega/honors/Unity_final12_HonorsScenes_PlayMode.log,NUEVO,,b98047b8e46858cd321f36f849740380a880448f9672fa1e6908079432bc724d
entrega/honors/Unity_final12_HonorsScenes_PlayMode.xml,NUEVO,,5e4d29edee69937d16fd637630670dbcea4b27a86e8e9715d583e9d6c70f0fb8
entrega/honors/Unity_final12_PlayMode.log,NUEVO,,ae46ed7cef01dfa445fe42930e0048009268e26079fc11aa46865347580e72d0
entrega/honors/Unity_final12_PlayMode.xml,NUEVO,,6904ca88a69c65f0742addcda3e95228060d3f201e7fcc4e0c3980260653acfc
entrega/honors/Unity_final31_EditMode.log,NUEVO,,e20ed14c2b2f320bc2405b265b30821af7794bc61531f2b1d74af1a79410ae94
entrega/honors/Unity_final31_EditMode.xml,NUEVO,,5df18a0c5425d19ede69b85b56e65a86280a6bf9dd6b38c94d6763df5617e6d8
entrega/honors/Unity_final_PlayMode.log,NUEVO,,339a4c463b8de044fd9bfb9298c42db5b6eb709436e5e5ae7573cf5791f993ec
entrega/honors/Unity_final_PlayMode.xml,NUEVO,,7d5c7e1a97373d17f41d6e67425f01d779a614fceb6841e5042a0a64c3de9458
entrega/honors/Unity_H2_EditMode.log,NUEVO,,f288ecebaac2ca85695e5b72be116f607562cca1f578a3a6f1ff3aaf955db0ac
entrega/honors/Unity_H2_EditMode.xml,NUEVO,,84286c717b4a02cbb976e07faea0ca7c09a51af56e90b40138c01f11a103847e
entrega/honors/Unity_H2_PlayMode.log,NUEVO,,eeb286df847961c334aaf00f947519f394cb985ef65d9a8983c1da3a4fa8bfb4
entrega/honors/Unity_H2_PlayMode.xml,NUEVO,,cee1ca55487095661c90334cbf06321fb01b94135150a8025aba3bc485095e4a
entrega/honors/Unity_H2_Setup.log,NUEVO,,b3beebbeff3412fbe1f491836720e3c9e7e6d3ef523198100443d07da7582985
entrega/honors/Unity_H5_EditMode.log,NUEVO,,8057e6423c990566b1da00590543a5084db1f0af54f5dfedff7a63ea942277c5
entrega/honors/Unity_H5_EditMode_final.log,NUEVO,,e4e3ab33a1002682508568fb21a98562596f3653d07be997ee37d7c62f121276
entrega/honors/Unity_H5_EditMode_final.xml,NUEVO,,f04296129952b1d0dfbdfcf54c0673e38c999731df6122197a5403d4f3b2cb30
entrega/honors/Unity_H5_EditMode_retry.log,NUEVO,,d07beb7cfb27780c845d09429f02247c745044878d78f51ec6c302dc49ed2c1c
entrega/honors/Unity_H5_PlayMode.log,NUEVO,,1333cead569c0426e2497e188a7cec9e32eca9e15214d489b807c04402d7bb1f
entrega/honors/Unity_H5_PlayMode.xml,NUEVO,,e59a6572dfc81208e3d32cf9d0bf3eead102322905efdbae1929e76bb38cc126
entrega/honors/Unity_release_EditMode.log,NUEVO,,cb77d574f1e1a04c9fa4e0603dc27688ddf4894b17137e5d8f5bbaec5f3965d2
entrega/honors/Unity_release_EditMode.xml,NUEVO,,e9ab647bbe57bd8a1ab2b06ac0dc36e2539f3bad93986bb73f5f650b42aad5a9
entrega/honors/Unity_release_PlayMode.log,NUEVO,,32e186790d6061bf7bb00469b445225a8be673bc5a6dee1efa2a0f66b91a5470
entrega/honors/Unity_release_PlayMode.xml,NUEVO,,516c98e77e965b31d2ad56adeb59948bd0443f47363e2b7d621d8dea8e9a944a
entrega/honors/Unity_Setup_release.log,NUEVO,,a44a636e19ef3cfb30f4d5bbc50e1c91e85a53a7692cf146272a5f806a3000d5
entrega/honors/Android/FlagsOff_BuildReport.json,NUEVO,,b82e5df6dde2b3e4d2fcf13fe714e4145d114c697cea19402e8b5d11a0612beb
entrega/honors/Android/FlagsOff_SettingsRestoration.json,NUEVO,,afefc395a5a4bea5d638e75f613840426558e80948e7ac6b0a7e30b5b3ae92a2
entrega/honors/Android/Honors_BuildConfiguration.json,NUEVO,,fbb22aad510d42c8d0c7c7ce211287eb92871c9f27be84da4c2da7d219ba66c6
entrega/honors/Android/Honors_BuildReport.json,NUEVO,,284aebbae2936ce17997c37e8bc05ca0ca8fa93ea263fa12fc79269cfae617dc
entrega/honors/Android/Honors_SettingsRestoration.json,NUEVO,,afefc395a5a4bea5d638e75f613840426558e80948e7ac6b0a7e30b5b3ae92a2
entrega/honors/Android/P1G8_AR_FlagsOff_Gate.apk,NUEVO,,e17fda75f1d37e976575a4811018a492733c73edd158491810d5eb9c1cc70a6d
entrega/honors/Android/P1G8_Honors_H5_H2.apk,NUEVO,,695752c24cddad65a2365f9031f06350b16d8f5ed100adfbe8aeb2a7f72a19ae
entrega/honors/Android_flagsoff_fallo/AR_SettingsRestoration.json,NUEVO,,afefc395a5a4bea5d638e75f613840426558e80948e7ac6b0a7e30b5b3ae92a2
entrega/honors/Android_flagsoff_fallo/FlagsOff_BuildReport.json,NUEVO,,1a3f2ae12246c8c5341bf1e4f890256a4dd2b028988efdf32d3fcd0509cd7b66
entrega/honors/Android_primer_ensayo/badging.txt,NUEVO,,5fea3c9d34992f2ff816388c40a85db34fe54543a0e9cee50a326d5228cc9cb0
entrega/honors/Android_primer_ensayo/Honors_BuildConfiguration.json,NUEVO,,fbb22aad510d42c8d0c7c7ce211287eb92871c9f27be84da4c2da7d219ba66c6
entrega/honors/Android_primer_ensayo/Honors_BuildReport.json,NUEVO,,19f41399b65fbbe8069a6e9afd70d505955216960988e33a1e957fc0f7a0c4db
entrega/honors/Android_primer_ensayo/Honors_SettingsRestoration.json,NUEVO,,afefc395a5a4bea5d638e75f613840426558e80948e7ac6b0a7e30b5b3ae92a2
entrega/honors/Android_primer_ensayo/manifest.txt,NUEVO,,e819c2221bee43dd07af67bfb003d6d645e05583d09385b0bb1781d5f194faed
entrega/honors/Android_primer_ensayo/Marcador_Honors_Plano.png,NUEVO,,a6b4203da0df6153db2b7e839fbfa2a07b07e6b3551440a77c507f8b0916592b
entrega/honors/Android_primer_ensayo/P1G8_Honors_H5_H2.apk,NUEVO,,a5318513c779052d0414eacae571b037b48c4d3f25909f42f3a452dc6868cc50
entrega/honors/H2/arcoreimg_legacy_quality.txt,NUEVO,,90b53df56816c127246136d4403aba3b26cec599b2b950fb2ba78d6c1fb4e6bf
entrega/honors/H2/arcoreimg_quality.txt,NUEVO,,90b53df56816c127246136d4403aba3b26cec599b2b950fb2ba78d6c1fb4e6bf
entrega/honors/H2/image_quality.json,NUEVO,,18eab353657d00dbfa9d29dce13dc2cea7a3f6681b1ab42b9622dd280ff251dc
entrega/honors/H2/plan_mapping.json,NUEVO,,649e1235d6a2641d93326f4f61e81b68494d87a97e58fc4730a0fca071a9f2ac
entrega/honors/H5/after.json,NUEVO,,79de534d11086e0e38030faa230261b1f7610d14228bd124c25762c2db3b238d
entrega/honors/H5/after.log,NUEVO,,648ad5a50dfcae3ec89b7ad2d64f17af4a089b247af7fdb087bfaad50e5e3e04
entrega/honors/H5/after.overrides.json,NUEVO,,6122dc21232e8990e5090433479e1f7de3b549516eb256e2351c454754835004
entrega/honors/H5/before.json,NUEVO,,fe5443520dde91af907498bb579b5d35606b001dedb7cc408bac92ef97b59ac0
entrega/honors/H5/before.log,NUEVO,,179b0fbe85637a9ed2597a5415fee991ca4e48635b0b4ee9b7af68f4531a9562
entrega/honors/H5/before.overrides.json,NUEVO,,44136fa355b3678a1146ad16f7e8649e94fb4fc21fe77e8310c060f61caaff8a
entrega/honors/H5_demostracion/after.json,NUEVO,,ace1c50efd4fd2bfaa46dbb4592c7b5223af8704559737c79cab73bf02dabd5a
entrega/honors/H5_demostracion/after.log,NUEVO,,fab3130dc631f4fec6301950f4f69ede02e88751bf2a4558d1c03701c6b8a817
entrega/honors/H5_demostracion/after.overrides.json,NUEVO,,6122dc21232e8990e5090433479e1f7de3b549516eb256e2351c454754835004
entrega/honors/H5_demostracion/after_opensees.log,NUEVO,,7c9aa5769b018ec6d14465d4d64d9e118b2de89dc638a6d41c4e5cba1dc9013f
entrega/honors/H5_demostracion/after_opensees_direct.json,NUEVO,,aee39c1a92e48ef621d006d2b0a30218241c97a41583c37fcfda974de7ffc740
entrega/honors/H5_demostracion/before.json,NUEVO,,ebdce98c601c599997d9528df83e0f78c5a7949055a3a8311613bf4d4b676b89
entrega/honors/H5_demostracion/before.log,NUEVO,,d7a07561d196914e18c69c57f1cd06e1e21fc6a6ec2e172a5ec996f1f38d6756
entrega/honors/H5_demostracion/before.overrides.json,NUEVO,,44136fa355b3678a1146ad16f7e8649e94fb4fc21fe77e8310c060f61caaff8a
entrega/honors/H5_demostracion/before_opensees.log,NUEVO,,d92b34156b0f2d7251099284aed4834c3541e842e2e95764cfdfd49228a52fb2
entrega/honors/H5_demostracion/before_opensees_direct.json,NUEVO,,8f05eb7beb19ea2000c88a3c11b56d487528bf8907e196f25caa7afc6020a133
entrega/honors/H5_demostracion/comparison.csv,NUEVO,,3b9ca19e19db367dc4898a76fb328cb467381adf3fb6e64d6fcd7547b9da29a0
entrega/honors/H5_demostracion/comparison.json,NUEVO,,bf36130bd03498352ad7f610117354c9cf1a2ca9afaf38b5cf7fd6108ecbd929
entrega/honors/H5_demostracion/comparison.png,NUEVO,,3728c2d7942850ee2f54baef7a95c63ddf08f35a8b0f589c991e882424244906
entrega/honors/H5_demostracion/manifest.json,NUEVO,,b7e5d173f69976fea09e0510941c548b4dc0979c65097a27e2d3963fe3d78cda
entrega/honors/H5_demostracion/validation.json,NUEVO,,020eb12c5f14cb7ffe900c4e1ea960f1b941310c16e19a2be20ca448a8da1ac7
entrega/honors/proteccion/copias_soporte_adicional.json,NUEVO,,b3a187da954f795d6d998b0cdef49d5cf74b9aaefdeef5e6a620b5ebad5aa1c2
entrega/honors/proteccion/copias_verificadas.json,NUEVO,,df5e23cb600fead47c93f9a4bfbb344b2ab19d872309800fb864b589fb99e50f
entrega/honors/proteccion/derivado_changes_stage2.json,NUEVO,,66419e47e7d56d4093e53cc43ba2eaaf39cf0df7bb7bde7e502c8eb71b4083c2
entrega/honors/proteccion/freeze_originales.json,NUEVO,,ad2b5ac294971556a79384630ebad69d70f06beb7bb0ce84c754070ef259b834
entrega/honors/proteccion/freeze_originales_completo.json,NUEVO,,2d9c69263375235036e69f5059ff7ebdd609d777ffd4b33618ae2d0b7b988bbd
entrega/honors/proteccion/inputs_tests_packages_preservados.json,NUEVO,,31ca7303d3e4172c9cfe0d8f0e22a03981bfcd6010796e966b4a867e7c173852
entrega/honors/proteccion/integridad_FINAL.json,NUEVO,,93db3b696e5de4b6c3130c723e23f4b8ff3e3b75fe725060e90dfe5e4c0b51e5
entrega/honors/proteccion/integridad_H2_build1.json,NUEVO,,93db3b696e5de4b6c3130c723e23f4b8ff3e3b75fe725060e90dfe5e4c0b51e5
entrega/honors/proteccion/integridad_H2_code.json,NUEVO,,93db3b696e5de4b6c3130c723e23f4b8ff3e3b75fe725060e90dfe5e4c0b51e5
entrega/honors/proteccion/integridad_H5.json,NUEVO,,5ae61c0b114fd780a81452b4574980dc79f0ed04ad028a4c1a1a17d6c7e7e111
entrega/honors/proteccion/integridad_H5_native.json,NUEVO,,93db3b696e5de4b6c3130c723e23f4b8ff3e3b75fe725060e90dfe5e4c0b51e5
entrega/honors/proteccion/integridad_HONORS5.json,NUEVO,,93db3b696e5de4b6c3130c723e23f4b8ff3e3b75fe725060e90dfe5e4c0b51e5
entrega/honors/proteccion/integridad_HONORS5_flagsoff.json,NUEVO,,93db3b696e5de4b6c3130c723e23f4b8ff3e3b75fe725060e90dfe5e4c0b51e5
entrega/honors/QA/42ab1149bb3045be8d6373d247ad5443/physical_reference_PENDING.csv,NUEVO,,2b392df0c55f663edbcf6b1d40a2bc0ddd34699e120776e37ee81e4a7100fb34
entrega/honors/QA/42ab1149bb3045be8d6373d247ad5443/raw.csv,NUEVO,,58f03a88c7327f9ad4b0ede7b730f71bfdec108d4a14ab14929c521e3c51e9c0
entrega/honors/QA/42ab1149bb3045be8d6373d247ad5443/summary.json,NUEVO,,8f5e44ec578c750c656d764c8ba1df60f617ac14e900669652ba8d3b92664f8e
entrega/honors/QA/52a99395e08b49bd8f1d30812387f9f8/physical_reference_PENDING.csv,NUEVO,,2b392df0c55f663edbcf6b1d40a2bc0ddd34699e120776e37ee81e4a7100fb34
entrega/honors/QA/52a99395e08b49bd8f1d30812387f9f8/profiles_snapshot.json,NUEVO,,bb6b1c4001f2f354e68c0a9aeda214cd6f35ae025d901b56304eb7c8f0a85433
entrega/honors/QA/52a99395e08b49bd8f1d30812387f9f8/raw.csv,NUEVO,,8ae4e3b7955ed78b021dc4418d9e8dd403ebbfa9348c5788d9768a070bc5e372
entrega/honors/QA/52a99395e08b49bd8f1d30812387f9f8/summary.json,NUEVO,,0ca8fb255c21a51bee0722756ed30906ef28f433b24e77964ebaa6ed1a26363e
entrega/honors/QA/782453efc8484febac21e98775187f26/physical_reference_PENDING.csv,NUEVO,,2b392df0c55f663edbcf6b1d40a2bc0ddd34699e120776e37ee81e4a7100fb34
entrega/honors/QA/782453efc8484febac21e98775187f26/profiles_snapshot.json,NUEVO,,bb6b1c4001f2f354e68c0a9aeda214cd6f35ae025d901b56304eb7c8f0a85433
entrega/honors/QA/782453efc8484febac21e98775187f26/raw.csv,NUEVO,,63c1575b56409bb6271db7f198a49ed6e0fa9f49bea4fd0421d54bc4615bb9a1
entrega/honors/QA/782453efc8484febac21e98775187f26/summary.json,NUEVO,,5974caa3cca2a856ac7c0cd9ac1406037e485a89952600f4753248634a9d2836
entrega/honors/QA/830b8e326e9049f18108fd4f8562538d/physical_reference_PENDING.csv,NUEVO,,2b392df0c55f663edbcf6b1d40a2bc0ddd34699e120776e37ee81e4a7100fb34
entrega/honors/QA/830b8e326e9049f18108fd4f8562538d/raw.csv,NUEVO,,f19e49fb201f36142ce416403ca950431511f0944fd245ac77238759bf42aea9
entrega/honors/QA/830b8e326e9049f18108fd4f8562538d/summary.json,NUEVO,,8007468f30064bed589dca3ef25a09c147bf2afb5495d43e12e18b582c9ae05a
entrega/honors/QA/8bd2cb459bb34dfc9bb069fb09f57c49/physical_reference_PENDING.csv,NUEVO,,2b392df0c55f663edbcf6b1d40a2bc0ddd34699e120776e37ee81e4a7100fb34
entrega/honors/QA/8bd2cb459bb34dfc9bb069fb09f57c49/raw.csv,NUEVO,,020932631e49cc9bc4035d3329fa41e777dd26e835e3ffffafad9c38fe1edd80
entrega/honors/QA/8bd2cb459bb34dfc9bb069fb09f57c49/summary.json,NUEVO,,1dfea984cdcf79145bd215c29d1f22e8efb87590c7714f244381eaa193d37451
entrega/honors/QA/b3ae77d7a37e44fbac2e8073a4a962b2/physical_reference_PENDING.csv,NUEVO,,2b392df0c55f663edbcf6b1d40a2bc0ddd34699e120776e37ee81e4a7100fb34
entrega/honors/QA/b3ae77d7a37e44fbac2e8073a4a962b2/raw.csv,NUEVO,,c872e3b76473a932fda12f63fc08ce5f0ed9d305f69b97aab45204e550b0d476
entrega/honors/QA/b3ae77d7a37e44fbac2e8073a4a962b2/summary.json,NUEVO,,eefc3a24c3a98aeac8a37cbef2dac5631a3690056e1943aa56f2ad3e18c5ba08
entrega/honors/QA/cc77ae09952e46038ff451666b92ee67/physical_reference_PENDING.csv,NUEVO,,2b392df0c55f663edbcf6b1d40a2bc0ddd34699e120776e37ee81e4a7100fb34
entrega/honors/QA/cc77ae09952e46038ff451666b92ee67/raw.csv,NUEVO,,2e44c98736078a0fb09317be9a175cc52c86482d75f19e1bea57f28f3b0952e6
entrega/honors/QA/cc77ae09952e46038ff451666b92ee67/summary.json,NUEVO,,604fae71476b8fc2eaf5b7e7fe5042cfe09640fc56fee3120b515cdb9391ecfb
entrega/honors/QA/dc39ea02bdf64df4b12aac8cbc150d18/physical_reference_PENDING.csv,NUEVO,,2b392df0c55f663edbcf6b1d40a2bc0ddd34699e120776e37ee81e4a7100fb34
entrega/honors/QA/dc39ea02bdf64df4b12aac8cbc150d18/profiles_snapshot.json,NUEVO,,bb6b1c4001f2f354e68c0a9aeda214cd6f35ae025d901b56304eb7c8f0a85433
entrega/honors/QA/dc39ea02bdf64df4b12aac8cbc150d18/raw.csv,NUEVO,,23fcd9495b2b7e30f0fad1e6096201b33982349c3570a8e5b4339c948506cfb3
entrega/honors/QA/dc39ea02bdf64df4b12aac8cbc150d18/request_5.json,NUEVO,,f27264221f9e49f5041516101fe4f8130cb1f9b35cb774f6ffafde10a019e134
entrega/honors/QA/dc39ea02bdf64df4b12aac8cbc150d18/request_7.json,NUEVO,,cc572b1247535d3a7920af06ac105efeca622f6e032b658290911e2c9cedf18b
entrega/honors/QA/dc39ea02bdf64df4b12aac8cbc150d18/request_9.json,NUEVO,,cbf547434713fe2efc87f78cba44ab04fdb0108e07ccfb4b42e9dc7f4e77ddea
entrega/honors/QA/dc39ea02bdf64df4b12aac8cbc150d18/summary.json,NUEVO,,ba447a7dbc6d17e1826b5d5fed7ac98009c7dabdab50aba94f46f32ac3713cce
entrega/honors/QA/f8298e28ddf640d2897102a918bc1748/physical_reference_PENDING.csv,NUEVO,,2b392df0c55f663edbcf6b1d40a2bc0ddd34699e120776e37ee81e4a7100fb34
entrega/honors/QA/f8298e28ddf640d2897102a918bc1748/profiles_snapshot.json,NUEVO,,bb6b1c4001f2f354e68c0a9aeda214cd6f35ae025d901b56304eb7c8f0a85433
entrega/honors/QA/f8298e28ddf640d2897102a918bc1748/raw.csv,NUEVO,,1273576c2f94debd35b11ef3032ec9c86f38d29dae1a9121e183f68aa5460b20
entrega/honors/QA/f8298e28ddf640d2897102a918bc1748/request_5.json,NUEVO,,f27264221f9e49f5041516101fe4f8130cb1f9b35cb774f6ffafde10a019e134
entrega/honors/QA/f8298e28ddf640d2897102a918bc1748/request_7.json,NUEVO,,cc572b1247535d3a7920af06ac105efeca622f6e032b658290911e2c9cedf18b
entrega/honors/QA/f8298e28ddf640d2897102a918bc1748/request_9.json,NUEVO,,cbf547434713fe2efc87f78cba44ab04fdb0108e07ccfb4b42e9dc7f4e77ddea
entrega/honors/QA/f8298e28ddf640d2897102a918bc1748/summary.json,NUEVO,,b495cd11ee4312a59f70150d641516f2fb520b0125fe3b62e308604d8a1bb824
entrega/honors/QA_test/512b4c72642c4596ac8ea4ce2092a075/acfe2ca13531432ca477ae06a61472e5/physical_reference_PENDING.csv,NUEVO,,2b392df0c55f663edbcf6b1d40a2bc0ddd34699e120776e37ee81e4a7100fb34
entrega/honors/QA_test/512b4c72642c4596ac8ea4ce2092a075/acfe2ca13531432ca477ae06a61472e5/profiles_snapshot.json,NUEVO,,bb6b1c4001f2f354e68c0a9aeda214cd6f35ae025d901b56304eb7c8f0a85433
entrega/honors/QA_test/512b4c72642c4596ac8ea4ce2092a075/acfe2ca13531432ca477ae06a61472e5/raw.csv,NUEVO,,4072b82ec503adc2791bd36218aa1deac82f3239844fb8f1cddc32a9a363026b
entrega/honors/QA_test/512b4c72642c4596ac8ea4ce2092a075/acfe2ca13531432ca477ae06a61472e5/request_1.json,NUEVO,,0a8a33be7903138f046fc552443da44e6095b7ca554a5777627e0524d7deb98c
entrega/honors/QA_test/512b4c72642c4596ac8ea4ce2092a075/acfe2ca13531432ca477ae06a61472e5/summary.json,NUEVO,,7f0d08a05d413a7635c686b3b0c8858644a337ce528676fac9879a074b2c4ab1
entrega/honors/reanálisis_UI/277971a68d364c5fb69fb401592f8f5d/armaduras_unity.json,NUEVO,,eed2b4af02f45d6625fb0bc189169360e9596009fe05290df61bcc01f12cacb4
entrega/honors/reanálisis_UI/277971a68d364c5fb69fb401592f8f5d/combos_unity.json,NUEVO,,9d537983e18b24a09a77a1a6c94903cedd16b3e7e74512f803877725cbb5d3fe
entrega/honors/reanálisis_UI/277971a68d364c5fb69fb401592f8f5d/escenario_unity.json,NUEVO,,9e557399c1d898c2867f7a95cc33c84d8e1832b445a3b1b397ecf3de7ba2caaf
entrega/honors/reanálisis_UI/277971a68d364c5fb69fb401592f8f5d/mods_unity.json,NUEVO,,07e376f1080572b147474c65dce2d3851abcadcf7029289d82a4753e45bd8f2e
entrega/honors/reanálisis_UI/28468ff854704b46ad19c5277b222242/armaduras_unity.json,NUEVO,,eed2b4af02f45d6625fb0bc189169360e9596009fe05290df61bcc01f12cacb4
entrega/honors/reanálisis_UI/28468ff854704b46ad19c5277b222242/combos_unity.json,NUEVO,,9d537983e18b24a09a77a1a6c94903cedd16b3e7e74512f803877725cbb5d3fe
entrega/honors/reanálisis_UI/28468ff854704b46ad19c5277b222242/escenario_unity.json,NUEVO,,8a591f9dbbad6d205866e41fe8df82301bfdd6fc584bc7d3b76f7ec648e6ce2a
entrega/honors/reanálisis_UI/28468ff854704b46ad19c5277b222242/mods_unity.json,NUEVO,,07e376f1080572b147474c65dce2d3851abcadcf7029289d82a4753e45bd8f2e
entrega/honors/reanálisis_UI/8630f790ec584b94907ea13ab98efb33/armaduras_unity.json,NUEVO,,eed2b4af02f45d6625fb0bc189169360e9596009fe05290df61bcc01f12cacb4
entrega/honors/reanálisis_UI/8630f790ec584b94907ea13ab98efb33/combos_unity.json,NUEVO,,9d537983e18b24a09a77a1a6c94903cedd16b3e7e74512f803877725cbb5d3fe
entrega/honors/reanálisis_UI/8630f790ec584b94907ea13ab98efb33/escenario_unity.json,NUEVO,,697880a98bd29ac18ff1a25db9c82fdabab975a4051fc4121db0ac1d0ec528d3
entrega/honors/reanálisis_UI/8630f790ec584b94907ea13ab98efb33/mods_unity.json,NUEVO,,07e376f1080572b147474c65dce2d3851abcadcf7029289d82a4753e45bd8f2e
entrega/honors/reanálisis_UI/a617e9fabe4f4a92842aacfe103abac7/armaduras_unity.json,NUEVO,,eed2b4af02f45d6625fb0bc189169360e9596009fe05290df61bcc01f12cacb4
entrega/honors/reanálisis_UI/a617e9fabe4f4a92842aacfe103abac7/combos_unity.json,NUEVO,,9d537983e18b24a09a77a1a6c94903cedd16b3e7e74512f803877725cbb5d3fe
entrega/honors/reanálisis_UI/a617e9fabe4f4a92842aacfe103abac7/escenario_unity.json,NUEVO,,01b8d1379b59185d261146ad9843874dca198ce2455ef9bdf271f6bea3605b58
entrega/honors/reanálisis_UI/a617e9fabe4f4a92842aacfe103abac7/mods_unity.json,NUEVO,,07e376f1080572b147474c65dce2d3851abcadcf7029289d82a4753e45bd8f2e
entrega/honors/reanálisis_UI/ac5de1e3c60741b4a79fed6e16778959/armaduras_unity.json,NUEVO,,eed2b4af02f45d6625fb0bc189169360e9596009fe05290df61bcc01f12cacb4
entrega/honors/reanálisis_UI/ac5de1e3c60741b4a79fed6e16778959/combos_unity.json,NUEVO,,9d537983e18b24a09a77a1a6c94903cedd16b3e7e74512f803877725cbb5d3fe
entrega/honors/reanálisis_UI/ac5de1e3c60741b4a79fed6e16778959/escenario_unity.json,NUEVO,,4a35d087e46d7388fa6168b5e63adf67351ad33c6e90137a7b58407b9fa0564f
entrega/honors/reanálisis_UI/ac5de1e3c60741b4a79fed6e16778959/mods_unity.json,NUEVO,,07e376f1080572b147474c65dce2d3851abcadcf7029289d82a4753e45bd8f2e
entrega/honors/reanálisis_UI/af13bfd472b742328894c59dff51456e/armaduras_unity.json,NUEVO,,eed2b4af02f45d6625fb0bc189169360e9596009fe05290df61bcc01f12cacb4
entrega/honors/reanálisis_UI/af13bfd472b742328894c59dff51456e/combos_unity.json,NUEVO,,9d537983e18b24a09a77a1a6c94903cedd16b3e7e74512f803877725cbb5d3fe
entrega/honors/reanálisis_UI/af13bfd472b742328894c59dff51456e/escenario_unity.json,NUEVO,,9aedca8e1082389391943a7da73fdbcdb684a7aa85d2cd801b39b73b8b685280
entrega/honors/reanálisis_UI/af13bfd472b742328894c59dff51456e/mods_unity.json,NUEVO,,07e376f1080572b147474c65dce2d3851abcadcf7029289d82a4753e45bd8f2e
entrega/honors/sesiones_H5/1c6e50f500f248a098f52ee27d28062a/input.json,NUEVO,,87eaa21d0e29a8246fad7ff3fe05a68822011dc8b81edac39401093b5b60dd0a
entrega/honors/sesiones_H5/1c6e50f500f248a098f52ee27d28062a/override.json,NUEVO,,cb2f5810b1158beee83ea89655f801601bf678fcd060a9472c20bcde5caa1477
entrega/honors/sesiones_H5/1c6e50f500f248a098f52ee27d28062a/result.json,NUEVO,,28c70b93ebe90e520d1499609c15160798ea914b5d9f2d9ef4c126b2db27e361
entrega/honors/sesiones_H5/1c6e50f500f248a098f52ee27d28062a/result.log,NUEVO,,b0f3a83add0dbc8f4bf03df8558e4ef385bed351e8203c2752c644aacb745146
entrega/honors/sesiones_H5/1c6e50f500f248a098f52ee27d28062a/result.overrides.json,NUEVO,,6122dc21232e8990e5090433479e1f7de3b549516eb256e2351c454754835004
entrega/honors/sesiones_H5/7a452cf17b774947bd1d241355279557/input.json,NUEVO,,87eaa21d0e29a8246fad7ff3fe05a68822011dc8b81edac39401093b5b60dd0a
entrega/honors/sesiones_H5/7a452cf17b774947bd1d241355279557/override.json,NUEVO,,cb2f5810b1158beee83ea89655f801601bf678fcd060a9472c20bcde5caa1477
entrega/honors/sesiones_H5/7a452cf17b774947bd1d241355279557/result.json,NUEVO,,155f4c5c221f9c8985105782e9f3a69e3351b5e819bb7e3c315b4763c13781c9
entrega/honors/sesiones_H5/7a452cf17b774947bd1d241355279557/result.log,NUEVO,,ea5d0c805a391f63a01dcfbaafc5c104dee60cdedac6ea33c63d963a7785927b
entrega/honors/sesiones_H5/7a452cf17b774947bd1d241355279557/result.overrides.json,NUEVO,,6122dc21232e8990e5090433479e1f7de3b549516eb256e2351c454754835004
entrega/honors/sesiones_H5/a450ed87f3954af493bbff03bbb0784e/input.json,NUEVO,,87eaa21d0e29a8246fad7ff3fe05a68822011dc8b81edac39401093b5b60dd0a
entrega/honors/sesiones_H5/a450ed87f3954af493bbff03bbb0784e/override.json,NUEVO,,cb2f5810b1158beee83ea89655f801601bf678fcd060a9472c20bcde5caa1477
entrega/honors/sesiones_H5/a450ed87f3954af493bbff03bbb0784e/result.json,NUEVO,,9da096edac8c8a98195e5637bfd421105a08c82846478e40a2801ebe22b429ce
entrega/honors/sesiones_H5/a450ed87f3954af493bbff03bbb0784e/result.log,NUEVO,,2902f2862c889813dc82d8dae1577a34143db01f1294fa21a1b7d7a0e86bf39c
entrega/honors/sesiones_H5/a450ed87f3954af493bbff03bbb0784e/result.overrides.json,NUEVO,,6122dc21232e8990e5090433479e1f7de3b549516eb256e2351c454754835004
entrega/honors/sesiones_H5/b5d229bdaab84f88938a60e25a05d1f5/input.json,NUEVO,,87eaa21d0e29a8246fad7ff3fe05a68822011dc8b81edac39401093b5b60dd0a
entrega/honors/sesiones_H5/b5d229bdaab84f88938a60e25a05d1f5/override.json,NUEVO,,cb2f5810b1158beee83ea89655f801601bf678fcd060a9472c20bcde5caa1477
entrega/honors/sesiones_H5/b5d229bdaab84f88938a60e25a05d1f5/result.json,NUEVO,,262fc8de2fe271463329635d984fc8c91ee2c61f538c7658d6f90eb5a2f9e95d
entrega/honors/sesiones_H5/b5d229bdaab84f88938a60e25a05d1f5/result.log,NUEVO,,f72447d03bcfc112aa13f75e2c00d60c609b2b9c385dbacbf6d04bfc37e28098
entrega/honors/sesiones_H5/b5d229bdaab84f88938a60e25a05d1f5/result.overrides.json,NUEVO,,6122dc21232e8990e5090433479e1f7de3b549516eb256e2351c454754835004
entrega/honors/sesiones_H5/d3f50c1c4ddd439b89747489975e57a9/input.json,NUEVO,,87eaa21d0e29a8246fad7ff3fe05a68822011dc8b81edac39401093b5b60dd0a
entrega/honors/sesiones_H5/d3f50c1c4ddd439b89747489975e57a9/override.json,NUEVO,,cb2f5810b1158beee83ea89655f801601bf678fcd060a9472c20bcde5caa1477
entrega/honors/sesiones_H5/d3f50c1c4ddd439b89747489975e57a9/result.json,NUEVO,,7621f5017d8f5daef57fc0eb2b8af2557465bac72166178fac5fef0fc2114d10
entrega/honors/sesiones_H5/d3f50c1c4ddd439b89747489975e57a9/result.log,NUEVO,,2be42118ac162df6a967a90858675f014736e69cd7dd2c1f8b107fad70aff2b2
entrega/honors/sesiones_H5/d3f50c1c4ddd439b89747489975e57a9/result.overrides.json,NUEVO,,6122dc21232e8990e5090433479e1f7de3b549516eb256e2351c454754835004
entrega/honors/sesiones_H5/eeff9f78b5cc46b49e3ad6f77e89bd00/input.json,NUEVO,,87eaa21d0e29a8246fad7ff3fe05a68822011dc8b81edac39401093b5b60dd0a
entrega/honors/sesiones_H5/eeff9f78b5cc46b49e3ad6f77e89bd00/override.json,NUEVO,,cb2f5810b1158beee83ea89655f801601bf678fcd060a9472c20bcde5caa1477
entrega/honors/sesiones_H5/eeff9f78b5cc46b49e3ad6f77e89bd00/result.json,NUEVO,,900232f6e7f66f3ba545a4122a37e12241229ad0b8251265c37d6c73a8e9cc94
entrega/honors/sesiones_H5/eeff9f78b5cc46b49e3ad6f77e89bd00/result.log,NUEVO,,3716e42ae7a345a0f9ac73eb020ceea1fba58409d37226f7785ee33005f46e9e
entrega/honors/sesiones_H5/eeff9f78b5cc46b49e3ad6f77e89bd00/result.overrides.json,NUEVO,,6122dc21232e8990e5090433479e1f7de3b549516eb256e2351c454754835004
entrega/honors/tests/2e451fcd-f1b8-4bc9-8900-48b23c96d6df/after.json,NUEVO,,0b6faf99e446f7f0f3526d1c5c6f7d59d135e4b75f01c7302d616aa740c6f941
entrega/honors/tests/2e451fcd-f1b8-4bc9-8900-48b23c96d6df/after.log,NUEVO,,da6b64f52b359fb53c9a6e7ef4e67a292d4c7288bc63b91b5e9ebdb7788d77ae
entrega/honors/tests/2e451fcd-f1b8-4bc9-8900-48b23c96d6df/after.overrides.json,NUEVO,,5eabb62109427be172cb841ddb32f392a48163601e1d29765e8ccbb3545d7bf5
entrega/honors/tests/2e451fcd-f1b8-4bc9-8900-48b23c96d6df/after_direct.json,NUEVO,,9014af26a5e1fe483fff84c545134a586d8a578797ea4cd81cc008464ff9a4e4
entrega/honors/tests/2e451fcd-f1b8-4bc9-8900-48b23c96d6df/before.json,NUEVO,,9e76312012a648ccdcc53f65ebbcf0525d2a1b6329b19d90a6b811146efa68ad
entrega/honors/tests/2e451fcd-f1b8-4bc9-8900-48b23c96d6df/before.log,NUEVO,,c7673027c2dda0e044e781e19ae9eef1417b1a3f55c4be5009682f822a02d13b
entrega/honors/tests/2e451fcd-f1b8-4bc9-8900-48b23c96d6df/before.overrides.json,NUEVO,,44136fa355b3678a1146ad16f7e8649e94fb4fc21fe77e8310c060f61caaff8a
entrega/honors/tests/2e451fcd-f1b8-4bc9-8900-48b23c96d6df/before_direct.json,NUEVO,,7b977e94606c048cfc3d70646333691d43d04e538070bf6a3e5bd63a0d1b9ac0
entrega/honors/tests/485e2d7d-4d42-4236-ba99-63d59ee42ffe/after.json,NUEVO,,297b2afebb6fc381df8d6b0f3f00fdf379f7872471bfd45f949790e2ac8029ac
entrega/honors/tests/485e2d7d-4d42-4236-ba99-63d59ee42ffe/after.log,NUEVO,,c738cc527a43f0a2a0fe54ebc7f4611fb7f0181cb99a39139c368ceef2f3121d
entrega/honors/tests/485e2d7d-4d42-4236-ba99-63d59ee42ffe/after.overrides.json,NUEVO,,5eabb62109427be172cb841ddb32f392a48163601e1d29765e8ccbb3545d7bf5
entrega/honors/tests/485e2d7d-4d42-4236-ba99-63d59ee42ffe/after_direct.json,NUEVO,,6bfc2be9c2ae99127c757072ed617643a09a3ab238c514dfe057b9146db72184
entrega/honors/tests/485e2d7d-4d42-4236-ba99-63d59ee42ffe/before.json,NUEVO,,f010db1218c79294ff2134376fbd0a7b14f9c96e05122576fbfd127a5b890add
entrega/honors/tests/485e2d7d-4d42-4236-ba99-63d59ee42ffe/before.log,NUEVO,,f07b8fe337b96c4185bb9cd9fc29ff7c89c1b6cd762ad63c734846e59774617b
entrega/honors/tests/485e2d7d-4d42-4236-ba99-63d59ee42ffe/before.overrides.json,NUEVO,,44136fa355b3678a1146ad16f7e8649e94fb4fc21fe77e8310c060f61caaff8a
entrega/honors/tests/485e2d7d-4d42-4236-ba99-63d59ee42ffe/before_direct.json,NUEVO,,37a3557ac5242912f4fb8bbc046b59058e2879824e3ac49439a572af2df433ef
entrega/honors/tests/da767c1d-1dea-4350-9636-a90bcc6b5230/after.json,NUEVO,,68478f6bb663b9aaa33b77014b1685cbe639e79de64b117f39e6886ff778ee24
entrega/honors/tests/da767c1d-1dea-4350-9636-a90bcc6b5230/after.log,NUEVO,,f181e46284c44d24386b7711938765b071343b6f57add435e4f10b4e60751412
entrega/honors/tests/da767c1d-1dea-4350-9636-a90bcc6b5230/after.overrides.json,NUEVO,,5eabb62109427be172cb841ddb32f392a48163601e1d29765e8ccbb3545d7bf5
entrega/honors/tests/da767c1d-1dea-4350-9636-a90bcc6b5230/after_direct.json,NUEVO,,2a9a85a94d33c46ea8ca00a7d038bd6023798b17ce8d80efb4d933bff00b111d
entrega/honors/tests/da767c1d-1dea-4350-9636-a90bcc6b5230/before.json,NUEVO,,8be6b6eba612a5a6fae973ccb6b9c28945595979cba917c77001720589e19af2
entrega/honors/tests/da767c1d-1dea-4350-9636-a90bcc6b5230/before.log,NUEVO,,608135ecb98c44b99956b2e60fe1e8941baa92d5eb8925c800734f6d9a387abc
entrega/honors/tests/da767c1d-1dea-4350-9636-a90bcc6b5230/before.overrides.json,NUEVO,,44136fa355b3678a1146ad16f7e8649e94fb4fc21fe77e8310c060f61caaff8a
entrega/honors/tests/da767c1d-1dea-4350-9636-a90bcc6b5230/before_direct.json,NUEVO,,6df32e91126dc6e3b6649f2a11921963aa2c6a832a4294746933a31908d53ca8
entrega/honors/unity_H5/existing_AnalysisSession_flow.json,NUEVO,,862f412b07f176be625ada77a2e53a36b609176c2d26f974d096caea5d591988
entrega/honors/unity_H5/native_flow.json,NUEVO,,8d1fc81e260e8002ba67b5c54537e9bb3446f1d442dbd998927ff328221cad39
entrega/honors/unity_H5/viewer_after_geometry.png,NUEVO,,e487a553dbe5b3bbedc071e4c697352a2f6569360eccb0f5679034f77dd9d5a9
Proyecto1/edificio_G8/Assets/AR/HonorsMarkerLibrary.asset,NUEVO,,650252f5ec9db667b02bffe3890b53dc3307c4acecb51cc3db6d0e3fc226e9dd
Proyecto1/edificio_G8/Assets/AR/HonorsMarkerLibrary.asset.meta,NUEVO,,cd814c73062647505fd665f9063a31c48777f5d630204386412a38d8e2c638d4
Proyecto1/edificio_G8/Assets/AR/Marcador_Honors_Plano.png,NUEVO,,5831e4765b6346bda9ccb63222f9a4ac775124b658771560e6c368551d026a2e
Proyecto1/edificio_G8/Assets/AR/Marcador_Honors_Plano.png.meta,NUEVO,,20629b35ca9d14ab9df8f4c5eefe385deef01003d6b27d71e63eea1e2450c4fb
Proyecto1/edificio_G8/Assets/Resources/Honors.meta,NUEVO,,9c7c489b13a86e86bcfb1f9a116b362f39409d4901698a3f53c0231aa9022fa8
Proyecto1/edificio_G8/Assets/Resources/Honors/H5.meta,NUEVO,,e7f9f4243f76dc614d1b6e3bc31f768730ca01869ebc4f524a9d8e18accd2d1a
Proyecto1/edificio_G8/Assets/Resources/Honors/marker_profiles.json,NUEVO,,bb6b1c4001f2f354e68c0a9aeda214cd6f35ae025d901b56304eb7c8f0a85433
Proyecto1/edificio_G8/Assets/Resources/Honors/marker_profiles.json.meta,NUEVO,,c7f6bfb62787c75176082782449e6a5351ccb27c4a4b96d8c74de5e470257a6b
Proyecto1/edificio_G8/Assets/Resources/Honors/H5/after.json,NUEVO,,ace1c50efd4fd2bfaa46dbb4592c7b5223af8704559737c79cab73bf02dabd5a
Proyecto1/edificio_G8/Assets/Resources/Honors/H5/after.json.meta,NUEVO,,6e1f00d1ccf56550fb3b7c3d6bc68d21f7b47801bf6a7ce3c5b34cee1cea63d9
Proyecto1/edificio_G8/Assets/Resources/Honors/H5/certified.json,NUEVO,,5cda8bcebc3c0a587528edc2397be1a631b64cf7aba908bdd6a28076be5d56c7
Proyecto1/edificio_G8/Assets/Resources/Honors/H5/certified.json.meta,NUEVO,,afafa21cb4257d143c87f0284c72530b9f58ba40b790dd7219f1e713ce0ee0f3
Proyecto1/edificio_G8/Assets/Resources/Honors/H5/comparison.png,NUEVO,,3728c2d7942850ee2f54baef7a95c63ddf08f35a8b0f589c991e882424244906
Proyecto1/edificio_G8/Assets/Resources/Honors/H5/comparison.png.meta,NUEVO,,898d95753f141f9bd247fa6f24e57dfce7b4b3f1965e4f4dd4b84834d7166f35
Proyecto1/edificio_G8/Assets/Scenes/ARHonorsScene.unity,NUEVO,,5d1796e028a1c3ad8fb24940d20ac4dc20165849f5694ee2401a91ead313ca65
Proyecto1/edificio_G8/Assets/Scenes/ARHonorsScene.unity.meta,NUEVO,,416121fe8b33aae8169643a2c87b582658a083cfdb63f142426565f1503e9512
Proyecto1/edificio_G8/Assets/Scenes/HonorsViewerScene.unity,NUEVO,,1d5d3afdfc39e85bfb3fd991f8f4483b295413d9e50e52fa3e7bc99f58057277
Proyecto1/edificio_G8/Assets/Scenes/HonorsViewerScene.unity.meta,NUEVO,,497d28b9c6d350bb8ffbb65f889728a313393d219381359a7cbcaed44dd16ce5
Proyecto1/edificio_G8/Assets/Scripts/Honors.meta,NUEVO,,0671110175785e20e2381b31c56845833f0899d38b42e78ea3ab26625de98bd8
Proyecto1/edificio_G8/Assets/Scripts/UiTheme.cs,MODIFICADO,1e8b1e6d3db4f991d9e5942d1d70e2d2e6edfaab88993845a3bed4a864acfe51,99aced4ff7e52223b32a76ba16989374b30988394c23c580456fcc6878787740
Proyecto1/edificio_G8/Assets/Scripts/AR/ARImageAnchor.cs,MODIFICADO,405ab00f4a7ddc1523a9021f710f2ecc617c58264b929518166752cb635c49fe,db15a0f702a39c91c313e79aa49a458b34ba79919108a7572db3af5989dc6a44
Proyecto1/edificio_G8/Assets/Scripts/AR/ARInspectorUI.cs,MODIFICADO,d33348a1e48c682c0fdb0ab550fd89600a498db7141accf078735159061f9e52,f7b3062501d8b8890bf7dd5106846d073f6ce928bf5d91e20f6cb8205c1e45b2
Proyecto1/edificio_G8/Assets/Scripts/AR/ARStructure.cs,MODIFICADO,c22dd02a84a87697873ae9bdbc1f179c1130b37536236053fb57ab53e14c641e,ba9b424ae4c954b0dd5460bf313f830aed3f3ddd8149c2f091abd2a4ebe03707
Proyecto1/edificio_G8/Assets/Scripts/Editor/BuildAndroid.cs,MODIFICADO,df8cef04c7993e37863c331a9a4d3d878902851c1358e8fa7c0fefbffe1673ed,fcec38eaa5bb80e8c5082abe88a6978af4218474f534ca1443c39558a9ee7993
Proyecto1/edificio_G8/Assets/Scripts/Editor/HonorsSetup.cs,NUEVO,,23daf244af9887512ca556a07bb4f36a15b50ec23831613b39c5dcb945e1e364
Proyecto1/edificio_G8/Assets/Scripts/Editor/HonorsSetup.cs.meta,NUEVO,,14835c609b7b8cff21fc5312bbb3a3f955c5661d6aeb21005a113280dd3b0fd9
Proyecto1/edificio_G8/Assets/Scripts/Honors/ARAnchorSessionState.cs,NUEVO,,f8f7c30b6fbc718d4f821ac11bd6aae2236cf553b869ad483297fef9128be592
Proyecto1/edificio_G8/Assets/Scripts/Honors/ARAnchorSessionState.cs.meta,NUEVO,,56af5a870812e6c6130ad7b56f189bc235cf80001405b3a75187a8052978d593
Proyecto1/edificio_G8/Assets/Scripts/Honors/ARMarkerProfile.cs,NUEVO,,092b7e506a3a73f52406ecdf39b3fc6e8d59b405274f793d445b1194d553c856
Proyecto1/edificio_G8/Assets/Scripts/Honors/ARMarkerProfile.cs.meta,NUEVO,,94eab5bd1845b5e90ad3fb4bb085ef08242e3d5c759550b363e53625b49966b0
Proyecto1/edificio_G8/Assets/Scripts/Honors/ARMarkerProfileRegistry.cs,NUEVO,,d877b9fd6ec542d1ab48c05d9cb3765b6a15ca49eaf04434a431c2c3ef71e46c
Proyecto1/edificio_G8/Assets/Scripts/Honors/ARMarkerProfileRegistry.cs.meta,NUEVO,,868f71248eef3361d2d7ac0f03edcd882573bfaa14dc44db25569106d3496df3
Proyecto1/edificio_G8/Assets/Scripts/Honors/ARRegistrationRecorder.cs,NUEVO,,c9aa2e19c0872aba5476e6af36b1c148c32f081a5a83329dbc818dda0b6c13ac
Proyecto1/edificio_G8/Assets/Scripts/Honors/ARRegistrationRecorder.cs.meta,NUEVO,,b02b4691bada648691a296ac2d12a4f792d7b43cab833b131ac8b67268348ccc
Proyecto1/edificio_G8/Assets/Scripts/Honors/HonorsAnchorDriver.cs,NUEVO,,4eb4b0b89e17e61707fbe35dbe1b46af21f80570c233aae0df16d4b2ff4f04ee
Proyecto1/edificio_G8/Assets/Scripts/Honors/HonorsAnchorDriver.cs.meta,NUEVO,,4a782da824ef1d96c8c5be70c9c7d69187cb1a9915768e2839bf37e11d0cd581
Proyecto1/edificio_G8/Assets/Scripts/Honors/HonorsAnchorProvider.cs,NUEVO,,12974364145b8daa4e4707ca08efcf5a350a53ef5e991f4d06535072728c7900
Proyecto1/edificio_G8/Assets/Scripts/Honors/HonorsAnchorProvider.cs.meta,NUEVO,,2ee6b480cbaa8e0b7907b803d89d7cf2fcd712d7f93809af8a4cdfbd552658a9
Proyecto1/edificio_G8/Assets/Scripts/Honors/HonorsCapacityComparisonPanel.cs,NUEVO,,36935f9033f35dcdd22cab398cb174ce4ffd361ed1a2d050704ee41b08058c05
Proyecto1/edificio_G8/Assets/Scripts/Honors/HonorsCapacityComparisonPanel.cs.meta,NUEVO,,3a236ccf95a62cc5a427338c37c3a68743bfc0e431cc88a4e71418f38a5e3b3c
Proyecto1/edificio_G8/Assets/Scripts/Honors/HonorsCapacitySession.cs,NUEVO,,51652741b69c099ad450827a616afe4fac426cf46f82460ec89655fdbace1bb3
Proyecto1/edificio_G8/Assets/Scripts/Honors/HonorsCapacitySession.cs.meta,NUEVO,,82ef5523eabf48394f0516f855abc5c9de6d990a1744c5617a0c254bddf0e741
Proyecto1/edificio_G8/Assets/Scripts/Honors/HonorsConfiguration.cs,NUEVO,,4376996002fc6e6c527e7547954cb8c6cda84559c649f020fbc9f18f350568ef
Proyecto1/edificio_G8/Assets/Scripts/Honors/HonorsConfiguration.cs.meta,NUEVO,,c68c3c3ea53b01e71e7ae17c516efa853cd3df87197c989bc5991ab441768648
Proyecto1/edificio_G8/Assets/Scripts/Honors/HonorsMarkerTransform.cs,NUEVO,,6689b307f55ca76f4f5d852cf8d5d7a484bb4356b40f827ed75f6d2b2f5255d1
Proyecto1/edificio_G8/Assets/Scripts/Honors/HonorsMarkerTransform.cs.meta,NUEVO,,e608e9f9adeca2148b0e733bb58a782cf3cd6a039eeb303e4fc5e7edc10aed14
Proyecto1/edificio_G8/Assets/Scripts/Honors/HonorsPaths.cs,NUEVO,,8d15308793350e2b8d81d16e24488699669341e01eed0707c0b9b2a54ceb9cdc
Proyecto1/edificio_G8/Assets/Scripts/Honors/HonorsPaths.cs.meta,NUEVO,,b56c736462873d1a02d5241028b7cfd100716062532de7bf020be549f652fc83
Proyecto1/edificio_G8/Assets/Scripts/UI/AnalysisSession.cs,MODIFICADO,5314c6f08cf609a22a999d86ecba0e839dcee3959141a9ab970891a51f2380cc,c4f27b01427e5d4a6197e0691d51bfc95afdc90b95e996ec86c365cfa8e5d0b9
Proyecto1/edificio_G8/Assets/Scripts/UI/ViewerUI.cs,MODIFICADO,b5d296910903d024c8723f69ab4db329c2c948fe217eb79a00bfee259516072f,f1358997b3a386ad0189e0a17415809fd75458e7ce027f1cacd9e827b4336554
Proyecto1/edificio_G8/Assets/Tests/EditMode/HonorsAnchorLifecycleTests.cs,NUEVO,,0f271b70dd1b3a387042a045bc4ad162d4d69d56648ce247bf212ae1a5ce0b15
Proyecto1/edificio_G8/Assets/Tests/EditMode/HonorsAnchorLifecycleTests.cs.meta,NUEVO,,f152f17b2f8463daa3ad9a0b798aa15c9e30f98ae5b71ffdcea48dbfa0fdecdb
Proyecto1/edificio_G8/Assets/Tests/EditMode/HonorsCapacityTests.cs,NUEVO,,4afc6efdb37e5f1dcc84e1553b849b63d9e1eae42785196b861d95ea3caf0f4d
Proyecto1/edificio_G8/Assets/Tests/EditMode/HonorsCapacityTests.cs.meta,NUEVO,,9cae2521735da0d0d7169c19d0f5487538d77b0d34c401a247cc19433ddbbfbf
Proyecto1/edificio_G8/Assets/Tests/EditMode/HonorsMarkerProfileTests.cs,NUEVO,,3b1dfb80c608973133fb2e691e9030e29116f1c12f00ed81197bb5ed839f2c9a
Proyecto1/edificio_G8/Assets/Tests/EditMode/HonorsMarkerProfileTests.cs.meta,NUEVO,,5cd45a754126a8c76c56cbb2e4bec684a4c7fae40c249f7c6fe28149afb75b44
Proyecto1/edificio_G8/Assets/Tests/EditMode/HonorsRecorderTests.cs,NUEVO,,95d19426c7cb6c1e92d4ef0c6c8085319b2a9de59db52b72ca537a72f7607fe4
Proyecto1/edificio_G8/Assets/Tests/EditMode/HonorsRecorderTests.cs.meta,NUEVO,,5ed395f2a7eb734938ba9f61e9f5ed8f948469088b2f671661e8f26287e24420
Proyecto1/edificio_G8/Assets/Tests/PlayMode/HonorsAnchorProviderTests.cs,NUEVO,,f04723fca1515fb47d95eb370fe58b6925175a6abcc03c9e71cb566ae2587cf0
Proyecto1/edificio_G8/Assets/Tests/PlayMode/HonorsAnchorProviderTests.cs.meta,NUEVO,,b20cfe62fd7065d0e260c743f057304c2f2ca1bc08073811855c2184ef60d8f1
Proyecto1/edificio_G8/Assets/Tests/PlayMode/HonorsCapacityFlowTests.cs,NUEVO,,0df0904a42931943ef4f2c4dce0dedb3beb607a3f2eeed27c522c6d917e7c143
Proyecto1/edificio_G8/Assets/Tests/PlayMode/HonorsCapacityFlowTests.cs.meta,NUEVO,,a762e049134afc598cb1fca9ba428c0a7c72986e4f961ec1aa6b4d6f99f8c3c6
Proyecto1/edificio_G8/Assets/Tests/PlayMode/HonorsSceneTests.cs,NUEVO,,baa11beadb1f000b87972f69e5d1af3cc8c148039f8b3d277e1b4eade1ee48ea
Proyecto1/edificio_G8/Assets/Tests/PlayMode/HonorsSceneTests.cs.meta,NUEVO,,b6c4c621a759b4150a6f8903d526cbc9a422b985356bdd8fec3ae761b5406d70
Proyecto1/edificio_G8/build/outputs/logs/unity---stop-build.log,NUEVO,,63b3b053d39a00d0131788861236a840924e2034075e93e2733cd8bf4cf52003
Proyecto1/edificio_G8/Builds/Android/AR_BuildReport.json,NUEVO,,284aebbae2936ce17997c37e8bc05ca0ca8fa93ea263fa12fc79269cfae617dc
Proyecto1/edificio_G8/Builds/Android/AR_SettingsRestoration.json,NUEVO,,afefc395a5a4bea5d638e75f613840426558e80948e7ac6b0a7e30b5b3ae92a2
Proyecto1/edificio_G8/Builds/Android/FlagsOff_BuildReport.json,NUEVO,,b82e5df6dde2b3e4d2fcf13fe714e4145d114c697cea19402e8b5d11a0612beb
Proyecto1/edificio_G8/Builds/Android/FlagsOff_SettingsRestoration.json,NUEVO,,afefc395a5a4bea5d638e75f613840426558e80948e7ac6b0a7e30b5b3ae92a2
Proyecto1/edificio_G8/Builds/Android/Honors_BuildConfiguration.json,NUEVO,,fbb22aad510d42c8d0c7c7ce211287eb92871c9f27be84da4c2da7d219ba66c6
Proyecto1/edificio_G8/Builds/Android/Honors_BuildReport.json,NUEVO,,284aebbae2936ce17997c37e8bc05ca0ca8fa93ea263fa12fc79269cfae617dc
Proyecto1/edificio_G8/Builds/Android/Honors_SettingsRestoration.json,NUEVO,,afefc395a5a4bea5d638e75f613840426558e80948e7ac6b0a7e30b5b3ae92a2
Proyecto1/edificio_G8/Builds/Android/P1G8_AR_FlagsOff_Gate.apk,NUEVO,,e17fda75f1d37e976575a4811018a492733c73edd158491810d5eb9c1cc70a6d
Proyecto1/edificio_G8/Builds/Android/P1G8_Honors_H5_H2.apk,NUEVO,,695752c24cddad65a2365f9031f06350b16d8f5ed100adfbe8aeb2a7f72a19ae
Proyecto1/edificio_G8/UserSettings/EditorUserSettings.asset,NUEVO,,28ed89b00c5f5b8c909b8eb404c5f4992022f5eadd9b6c11c5129a812ac60963
Proyecto1/edificio_G8/UserSettings/Search.settings,NUEVO,,44136fa355b3678a1146ad16f7e8649e94fb4fc21fe77e8310c060f61caaff8a
Proyecto1/scripts/honors_comparar_armadura.py,NUEVO,,72aff69d0d76d3d65e4973f8cfc1fe0f2ad05c6405814f62b1a4f3ea9a0ff087
Proyecto1/scripts/honors_generar_perfiles.py,NUEVO,,f6affc2c4f3a50b345f43f6aacfb49cd100872748349d44fd9d362a2e3c56872
reports/archivos_codigo_honors.md,NUEVO,,b092e5348e5c14d1412648a478825a2e6dc05cbdf94d05d7b3e46dc6de05bdce
reports/defensa_honors.md,NUEVO,,627155f97389a3a4a2586dc8d1fb36e489f61b7a89145457dcdb99260ba8e971
reports/protocolo_telefono_honors.md,NUEVO,,f2738beac529a9cb3201073e8653189c7e85af19752669d28957035c140729b1
reports/validacion_honors.md,NUEVO,,b848514eb8bd3d742b472cdc3b20910cb0b2ebf11e145627290214df5ce5536a
tests/test_honors_capacidad.py,NUEVO,,76c973a3abe79ab04581d416241f6315e3ceeb7583f30807c439c7a6c9b417f7
